paper_id,requirement,category_id,rank,score,candidate_item_id,candidate_title,currently_assigned,current_status
pereira-2019-ipea,geometria de escolas,geometry-schools,1,16.0,498e637753bd4e0da76e90103dd21eb7,Mapa Digital do Rio de Janeiro - Escolas Municipais e Estratégia da Saúde,0a220ea7972d4adf85b3e63d23a4b9b1,available
pereira-2019-ipea,geometria de escolas,geometry-schools,2,13.0,0a220ea7972449e39a28210dd317f636,Escolas Municipais,0a220ea7972d4adf85b3e63d23a4b9b1,available
pereira-2019-ipea,geometria de escolas,geometry-schools,3,12.0,7f525f38c32542d3bcecb5a2c35deb94,"NOTA TÉCNICA 25 - Avaliação das crianças de creches municipais no Rio de Janeiro (2010-2012): uso da ferramenta Age & Stages Questionnaires, ASQ-3 (Novembro/2013)",0a220ea7972d4adf85b3e63d23a4b9b1,available
pereira-2019-ipea,geometria de escolas,geometry-schools,4,12.0,fc4a250e2002459091e0db180bfc3ab5,Data.Rio Fale Conosco_OLD,0a220ea7972d4adf85b3e63d23a4b9b1,available
pereira-2019-ipea,geometria de escolas,geometry-schools,5,11.0,127d8779739f4dd186b8170cea3f801e,"Escolas de música: localização e fundação, segundo as Regiões Administrativas (RA) e Bairros do Município do Rio de Janeiro - 2004",0a220ea7972d4adf85b3e63d23a4b9b1,available
pereira-2019-ipea,indicador de qualidade educacional,performance-aggregated,1,10.0,450e2d32fabe43c2840e0859d0546d2b,"Ensino Fundamental Regular - IDEB de rede pública municipal: séries iniciais (1º ao 5º ano) - taxa de aprovação, nota média padronizada do SAEB e IDEB por municípios das capitais selecionadas entre 2005 - 2021",ideb-municipal-bairros,available
pereira-2019-ipea,indicador de qualidade educacional,performance-aggregated,2,10.0,7888fde5637e4f2fa54cfb80f32321e4,"Ensino Fundamental Regular - IDEB de rede pública municipal: séries finais (6º ao 9º ano) - taxa de aprovação, nota média padronizada do SAEB e IDEB por municípios das capitais selecionadas entre 2005 - 2021",ideb-municipal-bairros,available
pereira-2019-ipea,indicador de qualidade educacional,performance-aggregated,3,7.0,29d517eedb9c44379a07430280a12839,Favelas Cariocas: Índice de Qualidade Urbana - Reedição digital 2026 - 1ª Edição (Impressa) 1997,ideb-municipal-bairros,available
pereira-2019-ipea,indicador de qualidade educacional,performance-aggregated,4,7.0,6b375a1fcab642779398aa12108c906f,Índice de Qualidade do Emprego Municipal  (Março/2026),ideb-municipal-bairros,available
pereira-2019-ipea,indicador de qualidade educacional,performance-aggregated,5,6.0,5b1bf5c3e5114564bbf9b7a372b85e17,Qualidade do ar - Dados horários,ideb-municipal-bairros,available
pereira-2019-ipea,rede viária / tempos de viagem,travel-network,1,12.0,fc4a250e2002459091e0db180bfc3ab5,Data.Rio Fale Conosco_OLD,,external
pereira-2019-ipea,rede viária / tempos de viagem,travel-network,2,10.0,8ffe62ad3b2f42e49814bf941654ea6c,GTFS do Rio de Janeiro,,external
pereira-2019-ipea,rede viária / tempos de viagem,travel-network,3,10.0,a4f0b57d7b3b4ef595b592cb61f93b7e,DATA.RIO,,external
pereira-2019-ipea,rede viária / tempos de viagem,travel-network,4,10.0,6b8f51d8417c4bab9955c6523bb72fbf,COLEÇÃO ESTUDOS CARIOCAS - Proposta de rede geodésica de referência para o Município do Rio de Janeiro (Fevereiro/2019),,external
pereira-2019-ipea,rede viária / tempos de viagem,travel-network,5,10.0,6e6fdcea83994c1fa44afb31c93a39f0,"Internações hospitalares do SUS: de caráter de atendimento não eletivo, segundo Áreas de Planejamento da Saúde de atendimento e ano de competência no Município do Rio de Janeiro, 2008-2017",,external
pereira-2019-ipea,geometria de bairros,geometry-neighborhoods,1,16.0,c2f92bf4944d457784cfbf9262070071,AtlasRio: Limites de Bairros (1981-1992) na Área Central do Rio de Janeiro,bairros-ipp,available
pereira-2019-ipea,geometria de bairros,geometry-neighborhoods,2,16.0,3700915b3bbd405baae869a4ee7647ab,AtlasRio: Limites de Bairros (2012-em diante) na Área Central do Rio de Janeiro,bairros-ipp,available
pereira-2019-ipea,geometria de bairros,geometry-neighborhoods,3,16.0,619acdea0b0341b8b97d8cba402734e1,AtlasRio: Limites de Bairros (1992-1998) na Área Central do Rio de Janeiro,bairros-ipp,available
pereira-2019-ipea,geometria de bairros,geometry-neighborhoods,4,16.0,295be4d860674f96b583f2fd3933a504,AtlasRio: Limites de Bairros (1998-2012) na Área Central do Rio de Janeiro,bairros-ipp,available
pereira-2019-ipea,geometria de bairros,geometry-neighborhoods,5,13.0,7ffd4d2b13b840c1959bec53597b52fe,Base Cadastral dos bairros da Zona Sul da Cidade do Rio de Janeiro - 1955-1958 (IPP-RJ),bairros-ipp,available
reardon-2011-whither,indicador socioeconômico granular,ses-aggregated,1,17.0,0afd8c122fb4400b847693e715106304,Índice de Desenvolvimento Social (IDS) - Região Metropolitana do RJ (2010),ids-rm-2010,available
reardon-2011-whither,indicador socioeconômico granular,ses-aggregated,2,17.0,af77acf434244df883b9683b87913afe,NOTA TÉCNICA 44 - Adaptação Metodológica do IDS: Rumo à Análise Comparativa com o Censo 2022 (Dezembro/2024),ids-rm-2010,available
reardon-2011-whither,indicador socioeconômico granular,ses-aggregated,3,15.0,fa85ddc76a524380ad7fc60e3006ee97,"Índice de Desenvolvimento Social (IDS) por Áreas de Planejamento (AP), Regiões de Planejamento (RP), Regiões Administrativas (RA), Bairros e Favelas do Município do Rio de Janeiro - 2010",ids-rm-2010,available
reardon-2011-whither,indicador socioeconômico granular,ses-aggregated,4,14.0,1206f8f82f53460c92d9a8ec45167c8b,Atlas Censo Demográfico 2010,ids-rm-2010,available
reardon-2011-whither,indicador socioeconômico granular,ses-aggregated,5,12.0,d6ffa972ca5c4742ad9036b613952821,Índice de Desenvolvimento Social (IDS) - Região Metropolitana do RJ (2010),ids-rm-2010,available
reardon-2011-whither,indicador de desempenho educacional,performance-aggregated,1,10.0,450e2d32fabe43c2840e0859d0546d2b,"Ensino Fundamental Regular - IDEB de rede pública municipal: séries iniciais (1º ao 5º ano) - taxa de aprovação, nota média padronizada do SAEB e IDEB por municípios das capitais selecionadas entre 2005 - 2021",ideb-municipal-bairros,available
reardon-2011-whither,indicador de desempenho educacional,performance-aggregated,2,10.0,7888fde5637e4f2fa54cfb80f32321e4,"Ensino Fundamental Regular - IDEB de rede pública municipal: séries finais (6º ao 9º ano) - taxa de aprovação, nota média padronizada do SAEB e IDEB por municípios das capitais selecionadas entre 2005 - 2021",ideb-municipal-bairros,available
reardon-2011-whither,indicador de desempenho educacional,performance-aggregated,3,7.0,29d517eedb9c44379a07430280a12839,Favelas Cariocas: Índice de Qualidade Urbana - Reedição digital 2026 - 1ª Edição (Impressa) 1997,ideb-municipal-bairros,available
reardon-2011-whither,indicador de desempenho educacional,performance-aggregated,4,7.0,6b375a1fcab642779398aa12108c906f,Índice de Qualidade do Emprego Municipal  (Março/2026),ideb-municipal-bairros,available
reardon-2011-whither,indicador de desempenho educacional,performance-aggregated,5,6.0,5b1bf5c3e5114564bbf9b7a372b85e17,Qualidade do ar - Dados horários,ideb-municipal-bairros,available
theil-1967-economics,valores positivos por unidade,performance-aggregated,1,10.0,450e2d32fabe43c2840e0859d0546d2b,"Ensino Fundamental Regular - IDEB de rede pública municipal: séries iniciais (1º ao 5º ano) - taxa de aprovação, nota média padronizada do SAEB e IDEB por municípios das capitais selecionadas entre 2005 - 2021",ideb-municipal-bairros,available
theil-1967-economics,valores positivos por unidade,performance-aggregated,2,10.0,7888fde5637e4f2fa54cfb80f32321e4,"Ensino Fundamental Regular - IDEB de rede pública municipal: séries finais (6º ao 9º ano) - taxa de aprovação, nota média padronizada do SAEB e IDEB por municípios das capitais selecionadas entre 2005 - 2021",ideb-municipal-bairros,available
theil-1967-economics,valores positivos por unidade,performance-aggregated,3,7.0,29d517eedb9c44379a07430280a12839,Favelas Cariocas: Índice de Qualidade Urbana - Reedição digital 2026 - 1ª Edição (Impressa) 1997,ideb-municipal-bairros,available
theil-1967-economics,valores positivos por unidade,performance-aggregated,4,7.0,6b375a1fcab642779398aa12108c906f,Índice de Qualidade do Emprego Municipal  (Março/2026),ideb-municipal-bairros,available
theil-1967-economics,valores positivos por unidade,performance-aggregated,5,6.0,5b1bf5c3e5114564bbf9b7a372b85e17,Qualidade do ar - Dados horários,ideb-municipal-bairros,available
theil-1967-economics,agrupamento hierárquico,spatial-partition,1,6.0,894753c5397b45588921c931cd01130f,Índice de Progresso Social - IPS para os bairros do Município do Rio de Janeiro,bairros-ipp,available
theil-1967-economics,agrupamento hierárquico,spatial-partition,2,6.0,fd354740f1934bf5bf8e9b0e2b509aa9,Censo 2022: População e domicílios por bairros (dados preliminares),bairros-ipp,available
theil-1967-economics,agrupamento hierárquico,spatial-partition,3,6.0,41d00924c573463e8ba92c1b2b4f5641,Histórias do Rio - Histórias dos Bairros,bairros-ipp,available
theil-1967-economics,agrupamento hierárquico,spatial-partition,4,6.0,fbfcbfae92654e248bdf1452cf260626,Limites CRE,bairros-ipp,available
theil-1967-economics,agrupamento hierárquico,spatial-partition,5,6.0,9843cc37b0544b55bd5625e96411b0ee,Bairros,bairros-ipp,available
soares-andrade-2006,desempenho por escola,performance-aggregated,1,10.0,450e2d32fabe43c2840e0859d0546d2b,"Ensino Fundamental Regular - IDEB de rede pública municipal: séries iniciais (1º ao 5º ano) - taxa de aprovação, nota média padronizada do SAEB e IDEB por municípios das capitais selecionadas entre 2005 - 2021",ideb-municipal-bairros,partial
soares-andrade-2006,desempenho por escola,performance-aggregated,2,10.0,7888fde5637e4f2fa54cfb80f32321e4,"Ensino Fundamental Regular - IDEB de rede pública municipal: séries finais (6º ao 9º ano) - taxa de aprovação, nota média padronizada do SAEB e IDEB por municípios das capitais selecionadas entre 2005 - 2021",ideb-municipal-bairros,partial
soares-andrade-2006,desempenho por escola,performance-aggregated,3,7.0,29d517eedb9c44379a07430280a12839,Favelas Cariocas: Índice de Qualidade Urbana - Reedição digital 2026 - 1ª Edição (Impressa) 1997,ideb-municipal-bairros,partial
soares-andrade-2006,desempenho por escola,performance-aggregated,4,7.0,6b375a1fcab642779398aa12108c906f,Índice de Qualidade do Emprego Municipal  (Março/2026),ideb-municipal-bairros,partial
soares-andrade-2006,desempenho por escola,performance-aggregated,5,6.0,5b1bf5c3e5114564bbf9b7a372b85e17,Qualidade do ar - Dados horários,ideb-municipal-bairros,partial
soares-andrade-2006,NSE por escola ou bairro,ses-aggregated,1,17.0,0afd8c122fb4400b847693e715106304,Índice de Desenvolvimento Social (IDS) - Região Metropolitana do RJ (2010),ids-rm-2010,available
soares-andrade-2006,NSE por escola ou bairro,ses-aggregated,2,17.0,af77acf434244df883b9683b87913afe,NOTA TÉCNICA 44 - Adaptação Metodológica do IDS: Rumo à Análise Comparativa com o Censo 2022 (Dezembro/2024),ids-rm-2010,available
soares-andrade-2006,NSE por escola ou bairro,ses-aggregated,3,15.0,fa85ddc76a524380ad7fc60e3006ee97,"Índice de Desenvolvimento Social (IDS) por Áreas de Planejamento (AP), Regiões de Planejamento (RP), Regiões Administrativas (RA), Bairros e Favelas do Município do Rio de Janeiro - 2010",ids-rm-2010,available
soares-andrade-2006,NSE por escola ou bairro,ses-aggregated,4,14.0,1206f8f82f53460c92d9a8ec45167c8b,Atlas Censo Demográfico 2010,ids-rm-2010,available
soares-andrade-2006,NSE por escola ou bairro,ses-aggregated,5,12.0,d6ffa972ca5c4742ad9036b613952821,Índice de Desenvolvimento Social (IDS) - Região Metropolitana do RJ (2010),ids-rm-2010,available
soares-andrade-2006,matrículas por escola,enrollment-counts,1,15.0,6574a63ac2ce4fb39ba528a8c4bdec15,"Educação Infantil e Ensino Fundamental: matrículas inicial e final, por ano, segundo a correspondência entre séries e segmentos na rede pública municipal do Rio de Janeiro, entre 1992-2007",,external
soares-andrade-2006,matrículas por escola,enrollment-counts,2,15.0,b854cc4ce2c541e0bef62fc22d1f6fbc,"Educação Infantil (pré-escola) e Ensino Fundamental: matrícula e no. de escolas na rede pública municipal de ensino, por Área de Planejamento (AP), CREs, Região Administrativa (RA) e Bairros no Município do Rio de Janeiro entre Janeiro/2006-Janeiro/2009",,external
soares-andrade-2006,matrículas por escola,enrollment-counts,3,14.0,63fd7716fe7645428d1371a5b811e2ab,"Internações hospitalares do SUS: natureza da unidade de internação e ano de competência no Município do Rio de Janeiro, 2008-2017",,external
soares-andrade-2006,matrículas por escola,enrollment-counts,4,14.0,1b8da7c026f84de78c6704438c8cda2f,"Educação Infantil (creche/pré-escola), Ensino Fundamental, Classe Especial e Educação Juvenil (PEJ): matrículas na rede municipal de ensino por idade, segundo as séries e matrícula inicial - 1999",,external
soares-andrade-2006,matrículas por escola,enrollment-counts,5,12.0,50b4e136fa9c4701b5e3cee37865786d,"Educação Infantil, Ensino Fundamental, Educação de Jovens e Adultos: número de matrículas na rede municipal de ensino por nível de ensino, segundo ano e sexo, no Município do Rio de Janeiro entre 1999-2013",,external
alves-soares-2013,IDEB por bairro,performance-aggregated,1,10.0,450e2d32fabe43c2840e0859d0546d2b,"Ensino Fundamental Regular - IDEB de rede pública municipal: séries iniciais (1º ao 5º ano) - taxa de aprovação, nota média padronizada do SAEB e IDEB por municípios das capitais selecionadas entre 2005 - 2021",ideb-municipal-bairros,available
alves-soares-2013,IDEB por bairro,performance-aggregated,2,10.0,7888fde5637e4f2fa54cfb80f32321e4,"Ensino Fundamental Regular - IDEB de rede pública municipal: séries finais (6º ao 9º ano) - taxa de aprovação, nota média padronizada do SAEB e IDEB por municípios das capitais selecionadas entre 2005 - 2021",ideb-municipal-bairros,available
alves-soares-2013,IDEB por bairro,performance-aggregated,3,7.0,29d517eedb9c44379a07430280a12839,Favelas Cariocas: Índice de Qualidade Urbana - Reedição digital 2026 - 1ª Edição (Impressa) 1997,ideb-municipal-bairros,available
alves-soares-2013,IDEB por bairro,performance-aggregated,4,7.0,6b375a1fcab642779398aa12108c906f,Índice de Qualidade do Emprego Municipal  (Março/2026),ideb-municipal-bairros,available
alves-soares-2013,IDEB por bairro,performance-aggregated,5,6.0,5b1bf5c3e5114564bbf9b7a372b85e17,Qualidade do ar - Dados horários,ideb-municipal-bairros,available
alves-soares-2013,INSE por escola,ses-aggregated,1,17.0,0afd8c122fb4400b847693e715106304,Índice de Desenvolvimento Social (IDS) - Região Metropolitana do RJ (2010),,external
alves-soares-2013,INSE por escola,ses-aggregated,2,17.0,af77acf434244df883b9683b87913afe,NOTA TÉCNICA 44 - Adaptação Metodológica do IDS: Rumo à Análise Comparativa com o Censo 2022 (Dezembro/2024),,external
alves-soares-2013,INSE por escola,ses-aggregated,3,15.0,fa85ddc76a524380ad7fc60e3006ee97,"Índice de Desenvolvimento Social (IDS) por Áreas de Planejamento (AP), Regiões de Planejamento (RP), Regiões Administrativas (RA), Bairros e Favelas do Município do Rio de Janeiro - 2010",,external
alves-soares-2013,INSE por escola,ses-aggregated,4,14.0,1206f8f82f53460c92d9a8ec45167c8b,Atlas Censo Demográfico 2010,,external
alves-soares-2013,INSE por escola,ses-aggregated,5,12.0,d6ffa972ca5c4742ad9036b613952821,Índice de Desenvolvimento Social (IDS) - Região Metropolitana do RJ (2010),,external
coleman-1966-eeo,desempenho por unidade,performance-aggregated,1,10.0,450e2d32fabe43c2840e0859d0546d2b,"Ensino Fundamental Regular - IDEB de rede pública municipal: séries iniciais (1º ao 5º ano) - taxa de aprovação, nota média padronizada do SAEB e IDEB por municípios das capitais selecionadas entre 2005 - 2021",ideb-municipal-bairros,available
coleman-1966-eeo,desempenho por unidade,performance-aggregated,2,10.0,7888fde5637e4f2fa54cfb80f32321e4,"Ensino Fundamental Regular - IDEB de rede pública municipal: séries finais (6º ao 9º ano) - taxa de aprovação, nota média padronizada do SAEB e IDEB por municípios das capitais selecionadas entre 2005 - 2021",ideb-municipal-bairros,available
coleman-1966-eeo,desempenho por unidade,performance-aggregated,3,7.0,29d517eedb9c44379a07430280a12839,Favelas Cariocas: Índice de Qualidade Urbana - Reedição digital 2026 - 1ª Edição (Impressa) 1997,ideb-municipal-bairros,available
coleman-1966-eeo,desempenho por unidade,performance-aggregated,4,7.0,6b375a1fcab642779398aa12108c906f,Índice de Qualidade do Emprego Municipal  (Março/2026),ideb-municipal-bairros,available
coleman-1966-eeo,desempenho por unidade,performance-aggregated,5,6.0,5b1bf5c3e5114564bbf9b7a372b85e17,Qualidade do ar - Dados horários,ideb-municipal-bairros,available
coleman-1966-eeo,agrupamento espacial,spatial-partition,1,6.0,894753c5397b45588921c931cd01130f,Índice de Progresso Social - IPS para os bairros do Município do Rio de Janeiro,bairros-ipp,available
coleman-1966-eeo,agrupamento espacial,spatial-partition,2,6.0,fd354740f1934bf5bf8e9b0e2b509aa9,Censo 2022: População e domicílios por bairros (dados preliminares),bairros-ipp,available
coleman-1966-eeo,agrupamento espacial,spatial-partition,3,6.0,41d00924c573463e8ba92c1b2b4f5641,Histórias do Rio - Histórias dos Bairros,bairros-ipp,available
coleman-1966-eeo,agrupamento espacial,spatial-partition,4,6.0,fbfcbfae92654e248bdf1452cf260626,Limites CRE,bairros-ipp,available
coleman-1966-eeo,agrupamento espacial,spatial-partition,5,6.0,9843cc37b0544b55bd5625e96411b0ee,Bairros,bairros-ipp,available
hanushek-1986-jel,indicador de input,enrollment-counts,1,15.0,6574a63ac2ce4fb39ba528a8c4bdec15,"Educação Infantil e Ensino Fundamental: matrículas inicial e final, por ano, segundo a correspondência entre séries e segmentos na rede pública municipal do Rio de Janeiro, entre 1992-2007",0a220ea7972d4adf85b3e63d23a4b9b1,available
hanushek-1986-jel,indicador de input,enrollment-counts,2,15.0,b854cc4ce2c541e0bef62fc22d1f6fbc,"Educação Infantil (pré-escola) e Ensino Fundamental: matrícula e no. de escolas na rede pública municipal de ensino, por Área de Planejamento (AP), CREs, Região Administrativa (RA) e Bairros no Município do Rio de Janeiro entre Janeiro/2006-Janeiro/2009",0a220ea7972d4adf85b3e63d23a4b9b1,available
hanushek-1986-jel,indicador de input,enrollment-counts,3,14.0,63fd7716fe7645428d1371a5b811e2ab,"Internações hospitalares do SUS: natureza da unidade de internação e ano de competência no Município do Rio de Janeiro, 2008-2017",0a220ea7972d4adf85b3e63d23a4b9b1,available
hanushek-1986-jel,indicador de input,enrollment-counts,4,14.0,1b8da7c026f84de78c6704438c8cda2f,"Educação Infantil (creche/pré-escola), Ensino Fundamental, Classe Especial e Educação Juvenil (PEJ): matrículas na rede municipal de ensino por idade, segundo as séries e matrícula inicial - 1999",0a220ea7972d4adf85b3e63d23a4b9b1,available
hanushek-1986-jel,indicador de input,enrollment-counts,5,12.0,50b4e136fa9c4701b5e3cee37865786d,"Educação Infantil, Ensino Fundamental, Educação de Jovens e Adultos: número de matrículas na rede municipal de ensino por nível de ensino, segundo ano e sexo, no Município do Rio de Janeiro entre 1999-2013",0a220ea7972d4adf85b3e63d23a4b9b1,available
hanushek-1986-jel,indicador de output,performance-aggregated,1,10.0,450e2d32fabe43c2840e0859d0546d2b,"Ensino Fundamental Regular - IDEB de rede pública municipal: séries iniciais (1º ao 5º ano) - taxa de aprovação, nota média padronizada do SAEB e IDEB por municípios das capitais selecionadas entre 2005 - 2021",ideb-municipal-bairros,available
hanushek-1986-jel,indicador de output,performance-aggregated,2,10.0,7888fde5637e4f2fa54cfb80f32321e4,"Ensino Fundamental Regular - IDEB de rede pública municipal: séries finais (6º ao 9º ano) - taxa de aprovação, nota média padronizada do SAEB e IDEB por municípios das capitais selecionadas entre 2005 - 2021",ideb-municipal-bairros,available
hanushek-1986-jel,indicador de output,performance-aggregated,3,7.0,29d517eedb9c44379a07430280a12839,Favelas Cariocas: Índice de Qualidade Urbana - Reedição digital 2026 - 1ª Edição (Impressa) 1997,ideb-municipal-bairros,available
hanushek-1986-jel,indicador de output,performance-aggregated,4,7.0,6b375a1fcab642779398aa12108c906f,Índice de Qualidade do Emprego Municipal  (Março/2026),ideb-municipal-bairros,available
hanushek-1986-jel,indicador de output,performance-aggregated,5,6.0,5b1bf5c3e5114564bbf9b7a372b85e17,Qualidade do ar - Dados horários,ideb-municipal-bairros,available
reardon-owens-2014,composição SES por bairro,ses-aggregated,1,17.0,0afd8c122fb4400b847693e715106304,Índice de Desenvolvimento Social (IDS) - Região Metropolitana do RJ (2010),ids-rm-2010,available
reardon-owens-2014,composição SES por bairro,ses-aggregated,2,17.0,af77acf434244df883b9683b87913afe,NOTA TÉCNICA 44 - Adaptação Metodológica do IDS: Rumo à Análise Comparativa com o Censo 2022 (Dezembro/2024),ids-rm-2010,available
reardon-owens-2014,composição SES por bairro,ses-aggregated,3,15.0,fa85ddc76a524380ad7fc60e3006ee97,"Índice de Desenvolvimento Social (IDS) por Áreas de Planejamento (AP), Regiões de Planejamento (RP), Regiões Administrativas (RA), Bairros e Favelas do Município do Rio de Janeiro - 2010",ids-rm-2010,available
reardon-owens-2014,composição SES por bairro,ses-aggregated,4,14.0,1206f8f82f53460c92d9a8ec45167c8b,Atlas Censo Demográfico 2010,ids-rm-2010,available
reardon-owens-2014,composição SES por bairro,ses-aggregated,5,12.0,d6ffa972ca5c4742ad9036b613952821,Índice de Desenvolvimento Social (IDS) - Região Metropolitana do RJ (2010),ids-rm-2010,available
reardon-owens-2014,indicador de matrícula,enrollment-counts,1,15.0,6574a63ac2ce4fb39ba528a8c4bdec15,"Educação Infantil e Ensino Fundamental: matrículas inicial e final, por ano, segundo a correspondência entre séries e segmentos na rede pública municipal do Rio de Janeiro, entre 1992-2007",ideb-municipal-bairros,partial
reardon-owens-2014,indicador de matrícula,enrollment-counts,2,15.0,b854cc4ce2c541e0bef62fc22d1f6fbc,"Educação Infantil (pré-escola) e Ensino Fundamental: matrícula e no. de escolas na rede pública municipal de ensino, por Área de Planejamento (AP), CREs, Região Administrativa (RA) e Bairros no Município do Rio de Janeiro entre Janeiro/2006-Janeiro/2009",ideb-municipal-bairros,partial
reardon-owens-2014,indicador de matrícula,enrollment-counts,3,14.0,63fd7716fe7645428d1371a5b811e2ab,"Internações hospitalares do SUS: natureza da unidade de internação e ano de competência no Município do Rio de Janeiro, 2008-2017",ideb-municipal-bairros,partial
reardon-owens-2014,indicador de matrícula,enrollment-counts,4,14.0,1b8da7c026f84de78c6704438c8cda2f,"Educação Infantil (creche/pré-escola), Ensino Fundamental, Classe Especial e Educação Juvenil (PEJ): matrículas na rede municipal de ensino por idade, segundo as séries e matrícula inicial - 1999",ideb-municipal-bairros,partial
reardon-owens-2014,indicador de matrícula,enrollment-counts,5,12.0,50b4e136fa9c4701b5e3cee37865786d,"Educação Infantil, Ensino Fundamental, Educação de Jovens e Adultos: número de matrículas na rede municipal de ensino por nível de ensino, segundo ano e sexo, no Município do Rio de Janeiro entre 1999-2013",ideb-municipal-bairros,partial
becker-1964-human-capital,anos de estudo individuais,microdata-student,1,14.0,2ff2d5bb233f42e8ab5f30359e941896,"População de 10 anos ou mais aposentada ou não e a proporção de aposentados, segundo a faixa etária no Município do Rio de Janeiro em 2000/2010",,external
becker-1964-human-capital,anos de estudo individuais,microdata-student,2,12.0,83bd0c13dc564ba78b7441c2924183ca,Rio Próximos 100 Anos: O Aquecimento Global e a Cidade,,external
becker-1964-human-capital,anos de estudo individuais,microdata-student,3,12.0,17e387a9ea9c4771ae2dd7c4252c898c,"Óbitos residentes, por anos de estudo, segundo causas externas no Município do Rio de Janeiro, entre 1999-2019",,external
becker-1964-human-capital,anos de estudo individuais,microdata-student,4,12.0,556e88fc2e924796b62786e2a38d00f8,"Pessoas de 10 anos ou mais de idade por classes de rendimento nominal mensal, segundo as Áreas de Planejamento (AP), Regiões de Planejamento (RP), Regiões Administrativas (RA) e Bairros no Município do Rio de Janeiro - 2010",,external
becker-1964-human-capital,anos de estudo individuais,microdata-student,5,12.0,eafc70844f41438da45a79563fd1d310,"COLEÇÃO ESTUDOS CARIOCAS - A Cidade do Rio de Janeiro na PNAD: condições de vida, educação, renda e ocupação entre 2001-2006 (Agosto/2008)",,external
becker-1964-human-capital,renda individual,microdata-student,1,14.0,2ff2d5bb233f42e8ab5f30359e941896,"População de 10 anos ou mais aposentada ou não e a proporção de aposentados, segundo a faixa etária no Município do Rio de Janeiro em 2000/2010",,external
becker-1964-human-capital,renda individual,microdata-student,2,12.0,83bd0c13dc564ba78b7441c2924183ca,Rio Próximos 100 Anos: O Aquecimento Global e a Cidade,,external
becker-1964-human-capital,renda individual,microdata-student,3,12.0,17e387a9ea9c4771ae2dd7c4252c898c,"Óbitos residentes, por anos de estudo, segundo causas externas no Município do Rio de Janeiro, entre 1999-2019",,external
becker-1964-human-capital,renda individual,microdata-student,4,12.0,556e88fc2e924796b62786e2a38d00f8,"Pessoas de 10 anos ou mais de idade por classes de rendimento nominal mensal, segundo as Áreas de Planejamento (AP), Regiões de Planejamento (RP), Regiões Administrativas (RA) e Bairros no Município do Rio de Janeiro - 2010",,external
becker-1964-human-capital,renda individual,microdata-student,5,12.0,eafc70844f41438da45a79563fd1d310,"COLEÇÃO ESTUDOS CARIOCAS - A Cidade do Rio de Janeiro na PNAD: condições de vida, educação, renda e ocupação entre 2001-2006 (Agosto/2008)",,external
cunha-heckman-2007,testes longitudinais individuais,microdata-student,1,14.0,2ff2d5bb233f42e8ab5f30359e941896,"População de 10 anos ou mais aposentada ou não e a proporção de aposentados, segundo a faixa etária no Município do Rio de Janeiro em 2000/2010",,external
cunha-heckman-2007,testes longitudinais individuais,microdata-student,2,12.0,83bd0c13dc564ba78b7441c2924183ca,Rio Próximos 100 Anos: O Aquecimento Global e a Cidade,,external
cunha-heckman-2007,testes longitudinais individuais,microdata-student,3,12.0,17e387a9ea9c4771ae2dd7c4252c898c,"Óbitos residentes, por anos de estudo, segundo causas externas no Município do Rio de Janeiro, entre 1999-2019",,external
cunha-heckman-2007,testes longitudinais individuais,microdata-student,4,12.0,556e88fc2e924796b62786e2a38d00f8,"Pessoas de 10 anos ou mais de idade por classes de rendimento nominal mensal, segundo as Áreas de Planejamento (AP), Regiões de Planejamento (RP), Regiões Administrativas (RA) e Bairros no Município do Rio de Janeiro - 2010",,external
cunha-heckman-2007,testes longitudinais individuais,microdata-student,5,12.0,eafc70844f41438da45a79563fd1d310,"COLEÇÃO ESTUDOS CARIOCAS - A Cidade do Rio de Janeiro na PNAD: condições de vida, educação, renda e ocupação entre 2001-2006 (Agosto/2008)",,external
cunha-heckman-2007,investimentos parentais observáveis,microdata-household,1,14.0,fcb522e7e10c4aa388f64407169aa821,"Indicadores de Renda: desigualdade por extratos da população, renda domiciliar nominal per capita média por quintil e décimo mais ricos, por Regiões Administrativas (RA), Bairros ou grupo de Bairros no Município do Rio de Janeiro em 2000/2010",,external
cunha-heckman-2007,investimentos parentais observáveis,microdata-household,2,13.0,70c2696a4df547918354ecb9857c2590,"População residente, exclusive as pessoas cuja condição no domicílio era pensionista, empregado doméstico e parente do empregado, por classes de rendimento domiciliar per capita, segundo grupos de idade, no Município do Rio de Janeiro em 2008/2009",,external
cunha-heckman-2007,investimentos parentais observáveis,microdata-household,3,12.0,eafc70844f41438da45a79563fd1d310,"COLEÇÃO ESTUDOS CARIOCAS - A Cidade do Rio de Janeiro na PNAD: condições de vida, educação, renda e ocupação entre 2001-2006 (Agosto/2008)",,external
cunha-heckman-2007,investimentos parentais observáveis,microdata-household,4,12.0,5f6ab9965e31470d802466dc653673b0,"População residente, exclusive as pessoas cuja condição no domicílio era pensionista, empregado doméstico e parente do empregado, por cor ou raça, segundo o sexo e classes de rendimento domiciliar per capita, no Município do Rio de Janeiro em 2008/2009",,external
cunha-heckman-2007,investimentos parentais observáveis,microdata-household,5,12.0,fc4a250e2002459091e0db180bfc3ab5,Data.Rio Fale Conosco_OLD,,external
hoxby-2000-aer,indicador de oferta de escolas,enrollment-counts,1,15.0,6574a63ac2ce4fb39ba528a8c4bdec15,"Educação Infantil e Ensino Fundamental: matrículas inicial e final, por ano, segundo a correspondência entre séries e segmentos na rede pública municipal do Rio de Janeiro, entre 1992-2007",0a220ea7972d4adf85b3e63d23a4b9b1,available
hoxby-2000-aer,indicador de oferta de escolas,enrollment-counts,2,15.0,b854cc4ce2c541e0bef62fc22d1f6fbc,"Educação Infantil (pré-escola) e Ensino Fundamental: matrícula e no. de escolas na rede pública municipal de ensino, por Área de Planejamento (AP), CREs, Região Administrativa (RA) e Bairros no Município do Rio de Janeiro entre Janeiro/2006-Janeiro/2009",0a220ea7972d4adf85b3e63d23a4b9b1,available
hoxby-2000-aer,indicador de oferta de escolas,enrollment-counts,3,14.0,63fd7716fe7645428d1371a5b811e2ab,"Internações hospitalares do SUS: natureza da unidade de internação e ano de competência no Município do Rio de Janeiro, 2008-2017",0a220ea7972d4adf85b3e63d23a4b9b1,available
hoxby-2000-aer,indicador de oferta de escolas,enrollment-counts,4,14.0,1b8da7c026f84de78c6704438c8cda2f,"Educação Infantil (creche/pré-escola), Ensino Fundamental, Classe Especial e Educação Juvenil (PEJ): matrículas na rede municipal de ensino por idade, segundo as séries e matrícula inicial - 1999",0a220ea7972d4adf85b3e63d23a4b9b1,available
hoxby-2000-aer,indicador de oferta de escolas,enrollment-counts,5,12.0,50b4e136fa9c4701b5e3cee37865786d,"Educação Infantil, Ensino Fundamental, Educação de Jovens e Adultos: número de matrículas na rede municipal de ensino por nível de ensino, segundo ano e sexo, no Município do Rio de Janeiro entre 1999-2013",0a220ea7972d4adf85b3e63d23a4b9b1,available
hoxby-2000-aer,indicador de desempenho,performance-aggregated,1,10.0,450e2d32fabe43c2840e0859d0546d2b,"Ensino Fundamental Regular - IDEB de rede pública municipal: séries iniciais (1º ao 5º ano) - taxa de aprovação, nota média padronizada do SAEB e IDEB por municípios das capitais selecionadas entre 2005 - 2021",ideb-municipal-bairros,available
hoxby-2000-aer,indicador de desempenho,performance-aggregated,2,10.0,7888fde5637e4f2fa54cfb80f32321e4,"Ensino Fundamental Regular - IDEB de rede pública municipal: séries finais (6º ao 9º ano) - taxa de aprovação, nota média padronizada do SAEB e IDEB por municípios das capitais selecionadas entre 2005 - 2021",ideb-municipal-bairros,available
hoxby-2000-aer,indicador de desempenho,performance-aggregated,3,7.0,29d517eedb9c44379a07430280a12839,Favelas Cariocas: Índice de Qualidade Urbana - Reedição digital 2026 - 1ª Edição (Impressa) 1997,ideb-municipal-bairros,available
hoxby-2000-aer,indicador de desempenho,performance-aggregated,4,7.0,6b375a1fcab642779398aa12108c906f,Índice de Qualidade do Emprego Municipal  (Março/2026),ideb-municipal-bairros,available
hoxby-2000-aer,indicador de desempenho,performance-aggregated,5,6.0,5b1bf5c3e5114564bbf9b7a372b85e17,Qualidade do ar - Dados horários,ideb-municipal-bairros,available
card-krueger-1992-jpe,característica de escola por região,performance-aggregated,1,10.0,450e2d32fabe43c2840e0859d0546d2b,"Ensino Fundamental Regular - IDEB de rede pública municipal: séries iniciais (1º ao 5º ano) - taxa de aprovação, nota média padronizada do SAEB e IDEB por municípios das capitais selecionadas entre 2005 - 2021",,external
card-krueger-1992-jpe,característica de escola por região,performance-aggregated,2,10.0,7888fde5637e4f2fa54cfb80f32321e4,"Ensino Fundamental Regular - IDEB de rede pública municipal: séries finais (6º ao 9º ano) - taxa de aprovação, nota média padronizada do SAEB e IDEB por municípios das capitais selecionadas entre 2005 - 2021",,external
card-krueger-1992-jpe,característica de escola por região,performance-aggregated,3,7.0,29d517eedb9c44379a07430280a12839,Favelas Cariocas: Índice de Qualidade Urbana - Reedição digital 2026 - 1ª Edição (Impressa) 1997,,external
card-krueger-1992-jpe,característica de escola por região,performance-aggregated,4,7.0,6b375a1fcab642779398aa12108c906f,Índice de Qualidade do Emprego Municipal  (Março/2026),,external
card-krueger-1992-jpe,característica de escola por região,performance-aggregated,5,6.0,5b1bf5c3e5114564bbf9b7a372b85e17,Qualidade do ar - Dados horários,,external
card-krueger-1992-jpe,renda adulta por coorte,longitudinal-cohort,1,13.0,7001b082c7174c539bfbf4e8b34c682c,Painel.RIO,,external
card-krueger-1992-jpe,renda adulta por coorte,longitudinal-cohort,2,12.0,fc4a250e2002459091e0db180bfc3ab5,Data.Rio Fale Conosco_OLD,,external
card-krueger-1992-jpe,renda adulta por coorte,longitudinal-cohort,3,10.0,a4f0b57d7b3b4ef595b592cb61f93b7e,DATA.RIO,,external
card-krueger-1992-jpe,renda adulta por coorte,longitudinal-cohort,4,10.0,cc9673bd14694b8f9330756f387b899b,"Estabelecimentos, Massa Salarial e Vínculos na Cidade do Rio de Janeiro RAIS-Relação Anual de Informações Sociais",,external
card-krueger-1992-jpe,renda adulta por coorte,longitudinal-cohort,5,10.0,fcb522e7e10c4aa388f64407169aa821,"Indicadores de Renda: desigualdade por extratos da população, renda domiciliar nominal per capita média por quintil e décimo mais ricos, por Regiões Administrativas (RA), Bairros ou grupo de Bairros no Município do Rio de Janeiro em 2000/2010",,external
