id,title,format,file_bytes,n_sheets,total_rows,max_cols,max_unique_first_col,years_min,years_max,num_views,tags
023006ef4e8c4277b7551343ef0e9790,"Ensino de pós-graduação: número de alunos de pós-graduação e tempo médio de titulação em meses, por nível, agrupado por instituição, no Município do Rio de Janeiro em 2006/2007",xls,40960,2,80,25,33,2006,2008,119,Educação|Ensino superior
069f8afac36c456cbb13e845595e1331,"Taxa de alfabetização das pessoas de 10 anos ou mais de idade por sexo, segundo Regiões Administrativas (RA) e Bairros no Município do Rio de Janeiro - 2010",xls,42496,1,237,4,195,2010,2010,196,Educação|Escolaridade da população
0a5a97fed2e540fd8320c05e70867491,"Número e proporção das pessoas de 0 a 4 anos que frequentam escola ou creche e nível de ensino, segundo as Regiões Administrativas (RA) do Município do Rio de Janeiro, em 2000/2010",xls,55808,2,92,9,37,2000,2010,120,Educação|Escolaridade da população
0f6d773c93654593a5a73d7ac8b66819,"Educação Infantil e  Ensino fundamental: docentes por categoria funcional na rede pública municipal, segundo as Coordenações Regionais de Educação (CRE), entre 2005-2008",xls,20480,2,49,7,17,2005,2008,65,Educação|Educação básica
1137f9c36087443ebf1b4f7809576f8b,"Educação Infantil: docentes, por grau de formação, segundo as Dependências Administrativas, entre 2001-2020",xls,45568,3,148,5,21,2001,2020,84,Educação|Educação básica
1193f2596b9f46e1b0223b4fd5d9ad71,Número e distribuição percentual das matrículas em cursos de graduação presenciais no Brasil e suas 12 maiores capitais entre 2000-2022,xls,268800,24,552,3,15,2000,2023,139,Educação|Ensino superior
126a4fb5bc6a4882aca19917f27957eb,"Número de matrículas do ensino médio, por sexo, série e não-seriado, segundo as Dependências Administrativas, entre 1999-2020",xls,47104,3,134,9,18,1999,2020,261,Educação|Ensino médio
1666391bdbc0445da8164a488feca325,"Educação Básica: distorção idade-conclusão por sexo, no ensino fundamental e médio, segundo as Dependências Administrativas, entre 2000-2005",xls,18432,1,46,5,15,2000,2008,93,Educação|Ensino médio
169c46ae23b04dc8ad494e4fe6c04eb5,"Ensino de pós-graduação: investimentos realizados pelo CNPQ em bolsas e no fomento à pesquisa, segundo a área de conhecimento, no Estado do Rio de Janeiro entre 2001-2015",xls,122368,1,135,46,102,2001,2015,90,Educação|Ensino superior
1a63618dc13a4a1ea8102371185eb4cd,"Educação de Jovens e Adultos: matrículas no CREJA, por idade e matrícula inicial, segundo os programas, no Município do Rio de Janeiro entre 2007-2013",xls,97792,7,125,14,7,2007,2013,81,Educação|Educação básica
1a75d4a67a864ed6ab776a8a14cc7d6a,Educação Infantil e Ensino Fundamental: crescimento percentual do número de matrículas na rede pública no Município do Rio de Janeiro entre 1999-2008,xls,15360,1,20,3,11,1999,2008,65,Educação|Educação básica
1b8da7c026f84de78c6704438c8cda2f,"Educação Infantil (creche/pré-escola), Ensino Fundamental, Classe Especial e Educação Juvenil (PEJ): matrículas na rede municipal de ensino por idade, segundo as séries e matrícula inicial - 1999",xls,307712,15,845,20,27,1999,2013,92,Educação|Educação básica
1bdb25acf93949b0914f0c6579099656,"Ensino Fundamental: matrículas de alunos de 7 a 14 anos da rede pública municipal, sobre o total de pessoas nesta faixa etária residentes no Município do Rio de Janeiro - 2000-2006",xls,14336,1,18,4,10,2000,2006,55,Educação|Educação básica
1bfbb653359842fd9569adcec7f15293,"Ensino Fundamental - Número de escolas com abastecimento de água, de energia elétrica e esgoto sanitário, segundo a dependência administrativa no Município do Rio de Janeiro, entre 2000-2022",xls,50176,5,151,5,12,2000,2022,146,Educação|Educação básica
1cf37307c721408da83b6d5aa5298144,"Número de docentes por regime de trabalho, segundo a dependência administrativa no Estado do Rio de Janeiro, entre 2001-2022",xls,104960,7,276,5,16,2001,2023,261,Educação|Ensino superior
1d5758f7eb6d4ff4b392a1cf66f4d1e4,"Educação Infantil  e Ensino fundamental: número de escolas, creches, turmas e matrículas na rede pública municipal, segundo as Coordenações Regionais de Educação, no Município do Rio de Janeiro entre 2004-2008",xls,56320,5,116,5,16,2004,2008,185,Educação|Educação básica
1dc77ea3ee9b4df1abe19c3a8dcbb1fd,"Educação Infantil e Ensino Fundamental: unidades escolares da rede pública municipal por modalidade e segmento, segundo as Coordenações Regionais de Educação (CRE) no Município do Rio de Janeiro, entre 2002-2009",xls,102912,8,227,9,32,2002,2009,74,Educação|Educação básica
1e5dbe226f594be292bf490ead9d2666,"Indicadores de Educação: atendimento educacional ao adolescente e jovem, percentagem de adolescentes e jovens por nível educacional e frequência escolar, por Bairros ou grupos de Bairros, incluindo definições, em 1991/2000",xls,112640,5,380,14,129,1991,2003,188,Educação|Ensino médio
1f908c6de87f42e7b4ae513788e0ccce,"Ensino de pós-graduação: número de programas de pós-graduação, por nível, agrupados por Instituição no Município do Rio de Janeiro entre 2000-2022",xls,365056,24,1053,8,50,2000,2024,110,Educação|Ensino superior
2052c5f289fc4a4da00e62b04f38d400,"Educação Infantil e Pré-escola: matrícula, por sexo e faixa etária, segundo as Dependências Administrativas, entre 1999-2006",xls,20480,1,60,11,17,1999,2007,233,Educação|Educação básica
2380ec5691a548179af0568397fd65b9,"Número de matrículas do ensino fundamental por idade e faixa etária, segundo as Dependências Administrativas, entre 1999-2020",xls,124928,3,154,5,19,1999,2020,286,Educação|Educação básica
2b18933bbdc0473395c95ef228a36cd3,"Ensino Fundamental: 2 segmento - docentes, por grau de formação, segundo as Dependências Administrativas, entre 1999-2020",xls,47616,3,162,5,21,1999,2020,115,Educação|Educação básica
2eab9bd9ffc848e2a7bc65ff73a60a99,"Educação Básica: número de estabelecimentos, nas diferentes modalidades de ensino, segundo as Dependências Administrativas, entre 2000-2006",xls,20480,1,61,6,17,2000,2007,58,Educação|Ensino médio
33e2cb0fb757488793d37e8875f32b6a,"Número de matrículas do ensino médio por sexo e faixa etária, segundo as Dependências Administrativas, entre 1999-2020",xls,48128,3,154,7,19,1999,2020,168,Educação|Ensino médio
35385dcefc5149fbb9fd8f91ee934043,Educação Infantil e Ensino Fundamental: crescimento percentual do número de matrículas na rede pública municipal no Município do Rio de Janeiro entre 1999-2008,xls,14848,1,20,3,12,1999,2008,94,Educação|Educação básica
37afdc360d54443190ef4282500199c0,"Educação Básica: distorção série-idade no ensino fundamental e médio, segundo as Dependências Administrativas, entre 2000-2005",xls,18432,1,47,4,15,2000,2007,64,Educação|Educação básica
3e5954ec17bd4d3aa2a4b5613a121dff,"Educação Especial: matrícula, por tipo de excepcionalidade, segundo as Dependências Administrativas, entre 2000-2002",xls,19968,1,40,12,6,2000,2007,111,Educação|Educação básica
3eca7dc5130046f3b66e325068599b2a,"Educação Infantil (creches): matrículas e no. de creches na rede pública municipal, por Área de Planejamento (AP), Coordenadoria Regional de Educação (CRE), Região Administrativa (RA) e Bairros do Município do Rio de Janeiro entre Janeiro/2006-Janeiro/2009",xls,108544,4,847,6,10,2006,2009,118,Educação|Educação básica
404a14dd713f441f8321b5dfd0544cd7,"Ensino Fundamental: matrículas na rede pública municipal, independente da idade, sobre o total de pessoas de 7 a 14 anos residentes no Município do Rio de Janeiro - 1992-2006",xls,19456,1,28,4,17,1992,2006,36,Educação|Educação básica
4386c5f2dec04737a9917b6ce21e2686,"Número de professores em exercício, por organização acadêmica, segundo a dependência administrativa no Estado do Rio de Janeiro, entre 2000-2021",xls,158208,8,252,8,14,2000,2022,372,Educação|Ensino superior
450e2d32fabe43c2840e0859d0546d2b,"Ensino Fundamental Regular - IDEB de rede pública municipal: séries iniciais (1º ao 5º ano) - taxa de aprovação, nota média padronizada do SAEB e IDEB por municípios das capitais selecionadas entre 2005 - 2021",xls,36864,2,22,28,12,2005,2021,296,Educação|Educação básica
4705ac5e08df4950b98d27c7a5976832,"Educação de Jovens e Adultos: matrícula por nível de ensino, segundo as Dependências Administrativas, entre 2001-2005",xls,19968,1,41,7,13,2001,2007,116,Educação|Educação básica
49eb3240501f4b579fdd2bd3c9e948d3,"Ensino Fundamental e Ensino Médio - Número médio de alunos por turma, segundo a dependência administrativa entre 2007-2022",xls,59392,3,156,6,24,2007,2022,551,Educação|Educação básica
4f7b7e9578e14e5c8d865c4e5c2074ba,"Investimentos realizados pelo CNPQ em bolsas e no fomento à pesquisa, segundo a Instituição no Estado do Rio de Janeiro, entre 2001-2015",xls,352256,3,1003,22,335,2001,2015,62,Educação|Ensino superior
50b4e136fa9c4701b5e3cee37865786d,"Educação Infantil, Ensino Fundamental, Educação de Jovens e Adultos: número de matrículas na rede municipal de ensino por nível de ensino, segundo ano e sexo, no Município do Rio de Janeiro entre 1999-2013",xls,193536,15,242,19,4,1999,2013,109,Educação|Educação básica
51a59a06ae12474b9975a52c2fcd55e2,"Educação Infantil, Ensino Fundamental, Educação Especial, Programa de Educação de Jovens e Adultos (PEJ): alunos matriculados na rede pública municipal, por gênero, segundo as Coordenadorias Regionais de Educação (CRE) e matrícula inicial - 2013",xls,126976,6,270,29,15,2008,2013,119,Educação|Educação básica
5260a891ea8b446d8707b8a11eb8a1f6,"Educação Especial: docentes, por grau de formação, segundo as Dependências Administrativas, entre 1999-2006",xls,24064,2,78,5,13,1999,2007,78,Educação|Educação básica
55fa75ad04144e619cf9fff28929ff0b,"Número de docentes por grau de formação, segundo a dependência administrativa no Estado do Rio de Janeiro, entre 2001-2022",xls,63488,7,308,7,15,2001,2023,156,Educação|Ensino superior
59ae30dc3ab344d6b214965ce1dd39bf,"Pessoas de 14 anos ou mais de idade, por último grau de ensino concluído, segundo as classes de rendimento domiciliar per capita no Município do Rio de Janeiro em 2008/2009",xls,31232,2,50,8,14,2008,2009,129,Educação|Escolaridade da população
5a30dbdd567e4bc1b32ecb6be4672bca,Taxa de atendimento de pessoas de 7 a 14 anos na rede pública municipal - 1999- 2006 (Gráfico),xls,22016,1,26,23,9,1999,2006,68,Educação|Escolaridade da população
5bb3607ea06e404fb8542c73bcea174e,Número e distribuição percentual dos concluintes em cursos de graduação presenciais no Brasil e suas 12 maiores capitais entre 2000-2022,xls,268288,24,552,3,15,2000,2023,110,Educação|Ensino superior
5c0658d31c5a4fd086d13bf4f23f018c,"Número de matrículas em cursos de graduação presenciais, por organização acadêmica, segundo a dependência administrativa no Município do Rio de Janeiro, entre 2000-2022",xls,116736,8,258,8,13,2000,2022,149,Educação|Ensino superior
5e7a88898605441a8f7818602e02ecc7,"Número e proporção das pessoas de 5 anos ou mais de idade que freqüentam escola ou creche, por grupos de idade, segundo as Regiões Administrativas (RA) do Município do Rio de Janeiro, em 2000/2010",xls,67072,2,92,19,36,2000,2010,69,Educação|Escolaridade da população
60a5445e95b44bba98e07fd9617c9b56,"Educação Básica: idade mediana de conclusão, por sexo, no ensino fundamental e médio, segundo as Dependências Administrativas, no Município do Rio de Janeiro entre 1998-2005",xls,19456,1,63,5,17,1998,2010,136,Educação|Ensino médio
646b20dfbf944f21a036f3f50fd80424,"Educação Infantil: Creche - matrícula, por sexo e faixa etária, segundo as Dependências Administrativas, entre 2007-2020",xls,47104,3,150,7,19,2000,2020,172,Educação|Educação básica
6574a63ac2ce4fb39ba528a8c4bdec15,"Educação Infantil e Ensino Fundamental: matrículas inicial e final, por ano, segundo a correspondência entre séries e segmentos na rede pública municipal do Rio de Janeiro, entre 1992-2007",xls,38400,2,134,13,40,1992,2007,139,Educação|Educação básica
6689d169285d45e689e05299eba77083,"Número de matrículas do ensino fundamental por sexo, segmento e Dependências Administrativas, entre 1999-2016",xls,53248,2,127,6,17,1999,2016,66,Educação|Educação básica
6754397155a04352bcda5f3bf389e094,"Média de anos de estudo da população residente, segundo as Regiões Administrativas (RA) do Município do Rio de Janeiro - 2000",xls,33280,1,44,3,36,2000,2000,160,Educação|Escolaridade da população
686ff9e957d74d4dabbff033ab32b9de,"Ensino Médio - Número de escolas e dependências físicas existentes, segundo a dependência administrativa no Município do Rio de Janeiro, entre 2000-2022",xls,80896,5,129,10,12,2000,2022,422,Educação|Ensino médio
68e95cb371fb4db38ecae841dd693a8e,"Número e distribuição percentual de cursos de graduação presenciais, por organização acadêmica, segundo a categoria administrativa no Município do Rio de Janeiro, entre 2000-2022",xls,284672,24,490,8,10,2000,2023,110,Educação|Ensino superior
6a6adb6793054943ae26ffbbb12e6c9c,Número e distribuição percentual das instituições de ensino superior no Brasil e suas 12 maiores capitais entre 2000-2022,xls,62976,24,552,3,15,2000,2023,119,Educação|Ensino superior
6b855fdba6514acb9b1bcfb397d52f87,"Educação Infantil e Ensino Fundamental: relação aluno professor na rede municipal de ensino, segundo as Coordenadorias Regionais de Educação (CRE), entre 2005-2008",xls,21504,2,49,7,17,2005,2008,138,Educação|Educação básica
6b99c568d38646bb97dcf2751c501e7f,"Número de estudantes da rede pública por nível de ensino, segundo as Regiões Administrativas (RA) do Município do Rio de Janeiro, em 2000/2010",xls,61440,2,92,16,36,2000,2010,196,Educação|Escolaridade da população
6bba93cdd9014dac9cdc7c36d226cf15,Número e valor do Investimentos realizados pelo CNPQ em bolsas e no fomento à pesquisa segundo a modalidade no Estado do Rio de Janeiro entre 2001-2015,xls,117760,6,206,19,49,2001,2017,69,Educação|Ensino superior
6bf11f2aba7547ab9f76e4ed2a01d54e,"Número e distribuição percentual de matrículas em cursos de graduação presenciais, por organização acadêmica, segundo a categoria administrativa no Município do Rio de Janeiro, entre 2000-2022",xls,274944,24,480,8,10,2000,2023,182,Educação|Ensino superior
6e09b9320b3b419aa26b310b72d5bb71,"Ensino Fundamental - Número de escolas e dependências físicas existentes, segundo a dependência administrativa no Município do Rio de Janeiro, entre 2000-2022",xls,24576,5,154,10,15,2000,2022,385,Educação|Educação básica
704ff4c359a2445a83e5a3acc49df7c6,"Número e distribuição percentual das instituições de ensino superior por organização acadêmica, segundo a categoria administrativa no Município do Rio de Janeiro, entre 2000-2022",xls,276480,24,509,15,10,2000,2023,251,Educação|Ensino superior
70fa662476ea4c7fb2317807e0c2a703,"Educação Infantil: Ensino fundamental, Educação Especial, Programa de Educação de Jovens e Adultos (PEJ) - turmas e alunos matriculados na rede pública municipal, segundo as Coordenações Regionais de Educação (CRE) e matrícula inicial, entre 1999-2013",xls,280576,15,645,29,15,1999,2013,87,Educação|Educação básica
73789aeca2c647e9976e7534dee8428e,Educação Infantil - Percentual de matrículas na educação infantil em comparação com a matrícula total na rede pública no Município do Rio de Janeiro entre 1999-2008,xls,15872,1,20,4,11,1999,2008,110,Educação|Educação básica
75b1df544d684f7aa5439c8ca28b5fd0,"Educação Básica - Distorção idade-série no ensino fundamental e médio, segundo a dependência administrativa, entre 2000-2022",xls,31232,4,210,6,25,2000,2022,286,Educação|Ensino médio
7888fde5637e4f2fa54cfb80f32321e4,"Ensino Fundamental Regular - IDEB de rede pública municipal: séries finais (6º ao 9º ano) - taxa de aprovação, nota média padronizada do SAEB e IDEB por municípios das capitais selecionadas entre 2005 - 2021",xls,43520,2,22,28,12,2005,2021,282,Educação|Educação básica
799e46b989a7464a956106c1c405343e,"Ensino Médio: Taxas de rendimento, segundo a dependência administrativa, entre 2000-2022",xls,80896,5,213,5,23,2000,2022,237,Educação|Ensino médio
7ab7b5429f2a459f8a8ac66ed84edfd9,"Estudantes de 5 anos ou mais de idade, por grau e série que frequentavam, segundo os grupos de idade, no Município do Rio de Janeiro em 2008/2009",xls,32768,2,56,9,16,2008,2009,72,Educação|Escolaridade da população
7d791c58eadf4366a3f9afcc799cd08e,"Investimentos realizados pelo CNPQ em bolsas e no fomento à pesquisa, segundo a grande área de conhecimento no Estado do Rio de Janeiro, entre 2001-2015",xls,44032,1,26,46,17,2001,2017,53,Educação|Ensino superior
7d87a98eedf04db9b605cb0d29e1a0ba,"Educação de Jovens e Adultos: docentes, por grau de formação, segundo as Dependências Administrativas, entre 1999-2020",xls,46592,3,153,5,20,1999,2020,90,Educação|Educação básica
804f635cc79545168d72396c4cff4eaf,"Pessoas de 10 anos ou mais de idade, por classe de renda nominal mensal e condição de alfabetização, segundo Áreas de Planejamento (AP), Regiões de Planejamento (RP), Regiões Administrativas (RA) e Bairros no Município do Rio de Janeiro - 2010",xls,99840,1,264,29,145,2010,2010,238,Educação|Escolaridade da população
8070feee270545a2b3d9e08ed2b937cd,"Ensino Fundamental: Taxas de rendimento, por série, segundo a dependência administrativa, entre 2000-2022",xls,37888,5,247,11,24,2000,2022,246,Educação|Educação básica
82d0a1bdf0c844579f6ee6c8350b55d6,"Ensino Fundamental: número médio de alunos por turma, segundo as Dependências Administrativas, entre 2001-2006",xls,17920,1,54,3,14,2001,2007,39,Educação|Educação básica
82fd127fb3024d2484ef4faa6bd03836,"Ensino de pós-graduação; número e valor anual das bolsas concedidas pelo CNPQ para cursos no país, no exterior e projetos de fomento à pesquisa, por área, entre 2001-2005",xls,49664,3,253,11,80,2001,2005,138,Educação|Ensino superior
8459a7e185a94deab97e1cee75a7ef19,"Educação Infantil: matrícula por sexo e faixa etária, segundo as Dependências Administrativas, entre 1999-2006",xls,20480,1,60,7,16,1999,2006,49,Educação|Educação básica
8588a63013b54f32934bc3c8456b3f33,"Número de matrículas da creche, por sexo e faixa etária, segundo as Dependências Administrativas, entre 2000-2020",xls,47104,3,150,7,19,2000,2020,254,Educação|Educação básica
899f75abce2a4f2b9c642d9c365944d7,"Ensino Fundamental: 1 segmento - docentes, por grau de formação, segundo as Dependências Administrativas, entre 1999-2020",xls,47104,3,160,5,21,1999,2020,168,Educação|Educação básica
8a21da2be6a3415bb5354a3352777561,"Composição dos níveis escolares no Município do Rio de Janeiro, de acordo com a Lei de Diretrizes e Bases da Educação Nacional - Lei nº 9394 de 20/12/1996 (Fevereiro/2006)",xls,27648,1,49,2,3,1996,2010,135,Educação|Escolaridade da população
8aca832b67094eaea59f77056c95eca9,Educação Infantil: percentual de matrículas na educação infantil em comparação com a matrícula total na rede pública municipal no Município do Rio de Janeiro entre 1999-2008,xls,15872,1,21,4,12,1999,2008,104,Educação|Educação básica
8c139f62fd464c65a38e9d201d509327,"Número de alunos matriculados na rede pública municipal por sexo e Coordenações Regionais de Educação (CRE) e matrícula inicial, no Município do Rio de Janeiro entre 1999-2013",xls,185856,15,324,4,14,1999,2013,77,Educação|Educação básica
8c9a0c967a8f41e0abad6f31e4912ff8,"Educação Infantil: número de creches conveniadas na rede pública municipal, segundo as Coordenações Regionais de Educação do Município do Rio de Janeiro, entre 2004-2007",xls,32256,4,99,11,18,2004,2007,60,Educação|Educação básica
8e1d5972ae214f1ea97d374adc2b55a0,"Número de matrículas do ensino médio por grupo etário, segundo as Dependências Administrativas, entre 2001-2020",xls,65024,3,402,5,18,2000,2020,106,Educação|Ensino médio
8e720d57e9544794ba66aba6afac5980,"Número de estudante por nível de ensino, segundo as Regiões Administrativas (RA) do Município do Rio de Janeiro, em 2000/2010",xls,77312,2,92,16,36,2000,2010,104,Educação|Escolaridade da população
8f61d624e21d4cdd886d48f2d587f46e,"Ensino Fundamental: docentes na rede pública municipal pelas Coordenações Regionais de Educação (CRE), segundo os cargos ocupados, em 2007/2008",xls,30208,2,96,13,41,2007,2008,57,Educação|Educação básica
918dd39478594792a9cfa7080b84c0b5,Base de dados do Índice de Progresso Social - IPS por Regiões Administrativas (RA) - Município do Rio de Janeiro - 2016/2018/2020/2022/2024,xlsx,848416,13,1495,256,35,2010,2024,1403,Desenvolvimento e Assistência Social|IPS|Índice de Progresso Social|IPS Rio
94299a4a6d4548ddb2d6892664bb5fd4,"Ensino Fundamental (classe de alfabetização): matrícula por sexo e idade, segundo as Dependências Administrativas, entre 1999-2003",xls,18432,1,38,8,12,1999,2005,82,Educação|Educação básica
9acd1e13c0fd49a58f5e399d5d8a93fe,"Educação Infantil: número de estabelecimentos por segmento, segundo as Dependências Administrativas, entre 1999-2006",xls,20992,1,93,3,15,1999,2010,57,Educação|Educação básica
9fd1a8cc207a48c5bda7131e4e74b1ca,"IDEB das séries iniciais e finais segundo as Áreas de Planejamento (AP), Regiões de Planejamento (RP), Regiões Administrativas (RA) e Bairros do Município do Rio de Janeiro em 2007/2009/2011/2013/2015/2017/2019/2021/2023",xls,1772032,6,1282,37,112,2005,2021,601,Educação|Escolaridade da população
a753079319134508b57909d9fcb3bbd7,"Educação de Jovens e Adultos: matrículas por nível de ensino, segundo as Dependências Administrativas, entre 2000-2005",xls,19968,1,48,8,14,2000,2007,61,Educação|Educação básica
a7f951e9c2aa47018b44f5c78da5d0e5,"Pessoas analfabetas por grupos de idade, segundo as Áreas de Planejamento (AP), Regiões de Planejamento (RP), Regiões Administrativas (RA) e Bairros no Município do Rio de Janeiro - 2010",xls,232960,1,262,10,218,2010,2010,387,Educação|Escolaridade da população
a810f5ac9243472f80d38ee4c9d8845d,"Educação de Jovens e Adultos: concluintes, segundo as Dependências Administrativas, entre 2000-2005",xls,17920,1,47,4,14,2000,2007,108,Educação|Educação básica
a89a892cf5eb45a285c5a0e660e8127a,"Ensino Médio: docentes, por grau de formação, segundo as Dependências Administrativas, entre 1999-2020",xls,45568,3,136,5,19,1999,2020,59,Educação|Ensino médio
aa31f6714a914febbe21bbd41dc1b8de,Índice de variação entre as matrículas final e inicial na rede pública municipal da Cidade do Rio de Janeiro entre 1992-2008,xls,14848,1,27,4,19,1992,2008,98,Educação|Escolaridade da população
aae450fc4f8841ceab4e6837c563e997,"Número de matrícula (matrícula inicial), segundo as etapas de ensino e Dependências Administrativas, entre 1999-2020",xls,103936,17,350,25,15,1999,2020,72,Educação|Educação básica
ae64616d363e48c897818b640e2a22cd,"Unidades escolares da rede municipal de educação, por tipo, segundo as Áreas de Planejamento (AP), Regiões de Planejamento (RP), Regiões Administrativas (RA) e Bairros no Município do Rio de Janeiro entre 2010-2013",xls,172544,4,1030,10,218,2010,2013,503,Educação|Educação básica
ae84ed477210481ebdf7be570fb2e701,"Número de instituições de ensino superior, por organização acadêmica, segundo a dependência administrativa no Município do Rio de Janeiro, entre 2000-2022",xls,115712,8,256,8,13,2000,2022,356,Educação|Ensino superior
b0efdf51cf5644c985eb9b3b78c59f13,"Ensino Médio: matrículas e concluintes, por sexo, segundo as Dependências Administrativas, entre 2000-2005",xls,23040,1,44,7,11,2000,2007,166,Educação|Ensino médio
b7b66567492942adb5b49085a93cffb8,Percentagem de crianças por faixa etária: matriculados em creches/escolas; com mais de um ano de atraso escolar; matriculados com acesso ao ensino fundamental e frequência escolar no Município do Rio de Janeiro em 1991/2000/2010,xls,198144,7,555,11,131,1991,2010,189,Educação|Escolaridade da população
b854cc4ce2c541e0bef62fc22d1f6fbc,"Educação Infantil (pré-escola) e Ensino Fundamental: matrícula e no. de escolas na rede pública municipal de ensino, por Área de Planejamento (AP), CREs, Região Administrativa (RA) e Bairros no Município do Rio de Janeiro entre Janeiro/2006-Janeiro/2009",xls,93696,4,948,6,10,2006,2009,143,Educação|Educação básica
b9920b764487446d9e5c8b9cadf60f67,"Educação de Jovens e Adultos: matrículas, por tipo de ensino, segundo as Dependências Administrativas, entre 2000-2005",xls,23552,1,47,6,13,2000,2006,136,Educação|Ensino médio
ba09a6e1f80b4fdfb06e510b9974dfc7,"Ensino Fundamental: matrículas e concluintes na 8ª série, por sexo, segundo as Dependências Administrativas, entre 2000-2005",xls,23040,1,73,7,13,2000,2007,84,Educação|Educação básica
ba728e0990664445a3e83201c58cf4e2,"Educação Básica: número de alunos matriculados por modalidade/segmento, segundo as Dependências Administrativas, entre 1999-2006",xls,45056,5,103,19,11,1999,2007,119,Educação|Educação básica
bba0d7d3c31c4cfd8a6940cc283d52cc,"Matrículas na rede municipal de educação, por níveis de ensino, segundo as Áreas de Planejamento (AP), Regiões Administrativas (RA) e Bairros no Município do Rio de Janeiro entre 2010-2013",xls,295424,4,1029,28,184,2010,2013,435,Educação|Educação básica
bbf87f279e0146beb31fd6f432ac4948,"Número e proporção da população de 10 anos ou mais,  por grupo de anos de estudo, segundo as Regiões Administrativas (RA) do Município do Rio de Janeiro - 2000",xls,48128,1,44,17,35,2000,2000,103,Educação|Escolaridade da população
bc918000aa20447d8495d911f6c1adaf,"Educação Infantil: número de creches e matrículas por faixa etária e nível, segundo as Coordenações Regionais de Educação (CRE) - 2007",xls,25088,1,25,10,15,2007,2007,97,Educação|Educação básica
bd0a18dd77974992a6110243bced6aaa,"Educação Básica: número de professores em exercício, segundo as Dependências Administrativas, entre 2000-2006",xls,21504,1,66,8,21,2000,2007,43,Educação|Ensino médio
bf2ca35430024d9e80daa8e1d28cc443,"Ensino Médio - Número de escolas com abastecimento de água, de energia elétrica e esgoto sanitário, segundo a dependência administrativa no Município do Rio de Janeiro, entre 2000-2022",xls,44032,5,128,5,11,2000,2022,152,Educação|Ensino médio
c0beddc0eef34a22abc2a1d2712bcd30,"Educação Infantil: número de creches e matrículas por nível e turma, segundo as Coordenações Regionais de Educação no Município do Rio de Janeiro, entre 2004-2009",xls,46080,6,150,19,21,2004,2009,58,Educação|Educação básica
c373015d272d4ce884670adfa7b9b89e,"Educação Infantil - Creche e Pré-escola - Número médio de alunos por turma, segundo a dependência administrativa, entre 2002-2022",xls,76288,4,188,5,22,2002,2022,283,Educação|Educação básica
c5f0cf8ed56c447fa58af9265833e25a,"Número e proporção de não estudantes entre 7 e 14 anos por idade, em relação à população total da idade correspondente, segundo as Regiões Administrativas (RA) do Município do Rio de Janeiro, em 2000/2010",xls,64000,2,90,19,36,2000,2010,101,Educação|Escolaridade da população
c81f4c91d85f44bd9a71b497cdd098ca,"Educação Infantil (Pré-escola,  4 e 5 anos): número de alunos e turmas na rede pública municipal, crescimento percentual anual e relação aluno/turma no Município do Rio de Janeiro entre 1992-2009",xls,17408,1,30,6,20,1992,2009,66,Educação|Educação básica
c9e9bae1f47c46a8a0e17e56e774bede,"Indicadores de Educação: atendimento educacional ao adulto, nível de escolaridade de pessoas de 25 anos e mais, por Bairros ou Grupos de Bairros, em 1991/2000",xls,70656,5,375,7,129,1991,2003,354,Educação|Escolaridade da população
d155c513f84944a8b3bf5df867719faf,"Número e proporção de estudantes de 7 a 14 anos, da rede pública e da particular, por idade, segundo as Regiões Administrativas (RA) do Município do Rio de Janeiro, em 2000/2010",xls,98816,2,90,46,36,2000,2010,116,Educação|Escolaridade da população
d1e1192de4854ee4b53095a6f3274018,"Educação Infantil (pré-escola), Ensino Fundamental, Educação Especial, Programa de Educação Jovens e Adultos (PEJ): turmas e alunos matriculados na rede pública municipal, segundo Coordenação Regional de Educação (CRE) e matrícula final, entre 1999-2012 ",xls,286720,14,601,29,15,1999,2012,66,Educação|Educação básica
d28181c9b0484d818bbc49013732d446,"Educação Infantil - Número de escolas com abastecimento de água, de energia elétrica e esgoto sanitário, segundo a dependência administrativa e modalidade no Município do Rio de Janeiro, entre 2000-2022",xls,59904,5,245,6,14,2000,2022,202,Educação|Educação básica
d41592fa2a004b73bf4d2aaae6c565ed,Número e distribuição percentual dos cursos de graduação presenciais no Brasil e suas 12 maiores capitais entre 2000-2022,xls,283136,24,552,3,15,2000,2023,262,Educação|Ensino superior
d4ffe88007e1445780a395a6bbfb6d12,"Proporção de estudantes na rede pública, por nível de ensino, segundo as Regiões Administrativas (RA) do Município do Rio de Janeiro - 2000",xls,51200,1,46,16,36,2000,2000,63,Educação|Escolaridade da população
dbed8b55cf28474296457ab9989f91c5,"Indicadores de Educação: analfabetismo funcional, percentual de analfabetos funcionais por faixas etárias, segundo as regiões administrativas em 1991/2000",xls,70656,5,375,7,129,1991,2003,102,Educação|Educação básica
de5244dedc1645848cd1278cbaabbe35,"Educação Infantil: número de creches e matrículas por faixa etária na rede pública municipal, segundo as Coordenações Regionais de Educação, entre 2004-2008",xls,35328,5,111,13,14,2004,2008,96,Educação|Educação básica
e80c3f68ddbf40e2879c486fecf23255,"Ensino Fundamental: número e proporção de matrículas, por Dependências Administrativas, entre 2002-2011",xls,29184,1,31,11,12,2002,2012,97,Educação|Educação básica
ebcf102e74484fb2bc445d6129d32d39,"Educação Especial: matrícula, por tipo de excepcionalidade, segundo as Dependências Administrativas, entre 1999-2002",xls,23552,1,36,10,12,1999,2005,56,Educação|Educação básica
eed810844efd499d839b5f1e82972274,"Pessoas de 5 anos ou mais de idade alfabetizadas e taxa de alfabetização das pessoas de 5 anos ou mais de idade, por faixa etária, segundo as Áreas de Planejamento (AP), Regiões Administrativas (RA) e Bairros no Município do Rio de Janeiro - 2010",xls,65024,1,248,19,200,2010,2010,220,Educação|Educação básica
f1418b4c6abc46788d3f3875219fe413,"Educação Infantil: número de creches e matrículas nos estabelecimentos municipais e conveniados com a Prefeitura da Cidade do Rio de Janeiro, segundo as Coordenadorias Regionais de Educação (CRE) - 2003",xls,18944,1,28,13,18,2003,2003,46,Educação|Educação básica
f49651f016704db388769d893bdcf9ed,"Média de anos de estudo das pessoas responsáveis pelos domicílios partarticulares permemanentes por sexo, segundo as Áreas de Planejamento (AP), Regiões Administrativas (RA) e Bairros - 2000",xls,32768,1,69,19,61,2000,2000,125,Educação|Escolaridade da população
f5899119bb9c4ba3b290116a02b88cfc,"Educação Especial: matrícula por tipo de ensino, segundo as Dependências Administrativas, entre 1999-2002",xls,20992,1,38,11,9,1999,2007,105,Educação|Educação básica
fa7e0df92fe9461cb41f0156fda83383,"Número e proporção de estudantes e não estudantes de 4 a 6 anos, por nível de ensino no Município do Rio de Janeiro, em 2000/2010",xls,48640,3,46,10,7,2000,2010,120,Educação|Escolaridade da população
fb6ece5b0fc14c18839e9f510fcae09b,"Taxa de analfabetos por faixas etárias, por Bairros ou grupos de Bairros no Município do Rio de Janeiro em 1991/2000/2010",xls,159232,6,532,8,131,1991,2010,635,Educação|Educação básica
fcc6f32c9ed346af8449e258594bcda6,"Estudantes de 5 anos ou mais de idade, por grau, duração do curso e série que frequentavam, segundo a idade, no Município do Rio de Janeiro em 2008/2009",xls,47104,2,68,24,20,2008,2009,98,Educação|Escolaridade da população
fcd345901b7d4a619c989154bb8d4eca,"Número de estudantes por grupo de idade, segundo curso que freqüentam, no Município do Rio de Janeiro, em 2000/2010",xls,51200,2,49,11,16,2000,2010,121,Educação|Escolaridade da população
fd6567b87e7d4a2d867a66a58d7ff19f,"Educação Infantil: número e proporção de matrículas, por Dependências Administrativas, entre 2002-2011",xls,29696,1,31,11,12,2002,2012,119,Educação|Educação básica
fe46c1bedc0b475c9cf9ee26e43e0b95,"Ensino Superior: número de cursos, vagas, inscrições, matrículas e concluintes, por Dependências Administrativas, entre 2001-2009",xls,35328,1,84,7,18,2001,2012,112,Educação|Ensino superior
fef2b2a156f649dabd4a37fd5211fb51,"Número e distribuição percentual de concluintes em cursos de graduação presenciais, por organização acadêmica, segundo a categoria administrativa no Município do Rio de Janeiro, entre 2000-2022",xls,314368,24,485,8,10,2000,2023,233,Educação|Ensino superior
