id,sheet_idx,sheet_name,n_rows,n_cols,n_unique_first_col,years_min,years_max,header_preview
023006ef4e8c4277b7551343ef0e9790,0,2006,38,25,29,2006,2008,Armazém de Dados
023006ef4e8c4277b7551343ef0e9790,1,2007,42,25,33,2007,2008,Armazém de Dados
069f8afac36c456cbb13e845595e1331,0,Tab. 3134,237,4,195,2010,2010,Armazém de Dados
0a5a97fed2e540fd8320c05e70867491,0,2000,46,9,37,2000,2000,Armazém de Dados
0a5a97fed2e540fd8320c05e70867491,1,2010,46,9,37,2010,2010,Armazém de Dados
0f6d773c93654593a5a73d7ac8b66819,0,2005-2006,22,7,13,2005,2006,Armazém de Dados
0f6d773c93654593a5a73d7ac8b66819,1,2007-2008,27,7,17,2007,2008,Armazém de Dados
1137f9c36087443ebf1b4f7809576f8b,0,T 1614_1,68,5,19,2001,2009,DATA.RIO
1137f9c36087443ebf1b4f7809576f8b,1,T 1614_2,80,5,21,2010,2020,DATA.RIO
1137f9c36087443ebf1b4f7809576f8b,2,ESRI_MAPINFO_SHEET,0,0,0,,,
1193f2596b9f46e1b0223b4fd5d9ad71,0,2000,24,3,15,2000,2005,DATA.RIO
1193f2596b9f46e1b0223b4fd5d9ad71,1,2001,24,3,15,2001,2005,DATA.RIO
1193f2596b9f46e1b0223b4fd5d9ad71,2,2002,24,3,15,2002,2004,DATA.RIO
1193f2596b9f46e1b0223b4fd5d9ad71,3,2003,24,3,15,2003,2005,DATA.RIO
1193f2596b9f46e1b0223b4fd5d9ad71,4,2004,24,3,15,2004,2005,DATA.RIO
1193f2596b9f46e1b0223b4fd5d9ad71,5,2005,24,3,15,2005,2012,DATA.RIO
1193f2596b9f46e1b0223b4fd5d9ad71,6,2006,24,3,15,2006,2012,DATA.RIO
1193f2596b9f46e1b0223b4fd5d9ad71,7,2007,24,3,15,2007,2012,DATA.RIO
1193f2596b9f46e1b0223b4fd5d9ad71,8,2008,24,3,15,2008,2012,DATA.RIO
1193f2596b9f46e1b0223b4fd5d9ad71,9,2009,24,3,15,2009,2012,DATA.RIO
1193f2596b9f46e1b0223b4fd5d9ad71,10,2010,24,3,15,2010,2017,DATA.RIO
1193f2596b9f46e1b0223b4fd5d9ad71,11,2011,24,3,15,2011,2017,DATA.RIO
1193f2596b9f46e1b0223b4fd5d9ad71,12,2012,24,3,15,2012,2017,DATA.RIO
1193f2596b9f46e1b0223b4fd5d9ad71,13,2013,24,3,15,2013,2017,DATA.RIO
1193f2596b9f46e1b0223b4fd5d9ad71,14,2014,24,3,15,2014,2017,DATA.RIO
1193f2596b9f46e1b0223b4fd5d9ad71,15,2015,24,3,15,2015,2017,DATA.RIO
1193f2596b9f46e1b0223b4fd5d9ad71,16,2016,24,3,15,2016,2018,DATA.RIO
1193f2596b9f46e1b0223b4fd5d9ad71,17,2017,24,3,15,2017,2021,DATA.RIO
1193f2596b9f46e1b0223b4fd5d9ad71,18,2018,24,3,15,2018,2021,DATA.RIO
1193f2596b9f46e1b0223b4fd5d9ad71,19,2019,24,3,15,2019,2021,DATA.RIO
1193f2596b9f46e1b0223b4fd5d9ad71,20,2020,24,3,15,2020,2022,DATA.RIO
1193f2596b9f46e1b0223b4fd5d9ad71,21,2021,24,3,15,2021,2022,DATA.RIO
1193f2596b9f46e1b0223b4fd5d9ad71,22,2022,24,3,15,2022,2023,DATA.RIO
1193f2596b9f46e1b0223b4fd5d9ad71,23,ESRI_MAPINFO_SHEET,0,0,0,,,
126a4fb5bc6a4882aca19917f27957eb,0,T 926_1,67,9,18,1999,2009,DATA.RIO
126a4fb5bc6a4882aca19917f27957eb,1,T 926_2,67,9,18,2010,2020,DATA.RIO
126a4fb5bc6a4882aca19917f27957eb,2,ESRI_MAPINFO_SHEET,0,0,0,,,
1666391bdbc0445da8164a488feca325,0,T 2098,46,5,15,2000,2008,Armazém de Dados
169c46ae23b04dc8ad494e4fe6c04eb5,0,T 1688,135,46,102,2001,2015,Armazém de Dados
1a63618dc13a4a1ea8102371185eb4cd,0,2007,18,14,7,2007,2007,Armazém de Dados
1a63618dc13a4a1ea8102371185eb4cd,1,2008,18,13,7,2008,2008,Armazém de Dados
1a63618dc13a4a1ea8102371185eb4cd,2,2009,18,13,7,2009,2009,Armazém de Dados
1a63618dc13a4a1ea8102371185eb4cd,3,2010,18,13,7,2010,2010,Armazém de Dados
1a63618dc13a4a1ea8102371185eb4cd,4,2011,18,13,7,2011,2011,Armazém de Dados
1a63618dc13a4a1ea8102371185eb4cd,5,2012,18,13,7,2012,2012,Armazém de Dados
1a63618dc13a4a1ea8102371185eb4cd,6,2013,17,13,7,2013,2013,Armazém de Dados
1a75d4a67a864ed6ab776a8a14cc7d6a,0,T 2490,20,3,11,1999,2008,Armazém de Dados
1b8da7c026f84de78c6704438c8cda2f,0,2000,53,12,21,2000,2000,Armazém de Dados
1b8da7c026f84de78c6704438c8cda2f,1,1999,53,12,21,1999,1999,Armazém de Dados
1b8da7c026f84de78c6704438c8cda2f,2,2001,53,12,21,2001,2001,Armazém de Dados
1b8da7c026f84de78c6704438c8cda2f,3,2002,53,12,21,2002,2002,Armazém de Dados
1b8da7c026f84de78c6704438c8cda2f,4,2003,55,13,22,2003,2003,Armazém de Dados
1b8da7c026f84de78c6704438c8cda2f,5,2004,53,13,22,2004,2004,Armazém de Dados
1b8da7c026f84de78c6704438c8cda2f,6,2005,53,13,21,2005,2005,Armazém de Dados
1b8da7c026f84de78c6704438c8cda2f,7,2006,53,12,21,2006,2006,Armazém de Dados
1b8da7c026f84de78c6704438c8cda2f,8,2007,53,18,20,2007,2007,Armazém de Dados
1b8da7c026f84de78c6704438c8cda2f,9,2008,53,17,20,2008,2008,Armazém de Dados
1b8da7c026f84de78c6704438c8cda2f,10,2009,53,17,20,2009,2009,Armazém de Dados
1b8da7c026f84de78c6704438c8cda2f,11,2010,61,17,24,2010,2010,Armazém de Dados
1b8da7c026f84de78c6704438c8cda2f,12,2011,67,17,27,2011,2011,Armazém de Dados
1b8da7c026f84de78c6704438c8cda2f,13,2012,65,17,26,2012,2012,Armazém de Dados
1b8da7c026f84de78c6704438c8cda2f,14,2013,67,20,27,2013,2013,Armazém de Dados
1bdb25acf93949b0914f0c6579099656,0,T 1170,18,4,10,2000,2006,"Tabela 1170 | Matrículas no ensino fundamental de pessoas de 7 a 14 anos da rede pública municipal, sobre o total de pessoas nesta faixa etária residentes no Município do Rio de Janeiro - 2000 / 2006."
1bfbb653359842fd9569adcec7f15293,0,T 1817_1,44,5,12,2000,2007,DATA.RIO
1bfbb653359842fd9569adcec7f15293,1,T 1817_2,44,5,12,2007,2013,DATA.RIO
1bfbb653359842fd9569adcec7f15293,2,T 1817_3,44,5,12,2014,2020,DATA.RIO
1bfbb653359842fd9569adcec7f15293,3,T 1817_4,19,5,7,2021,2022,DATA.RIO
1bfbb653359842fd9569adcec7f15293,4,ESRI_MAPINFO_SHEET,0,0,0,,,
1cf37307c721408da83b6d5aa5298144,0,2001-2004,51,5,15,2001,2006,DATA.RIO
1cf37307c721408da83b6d5aa5298144,1,2005-2008,54,5,15,2005,2013,DATA.RIO
1cf37307c721408da83b6d5aa5298144,2,2009-2012,47,5,16,2009,2013,DATA.RIO
1cf37307c721408da83b6d5aa5298144,3,2013 - 2015,38,5,12,2013,2017,DATA.RIO
1cf37307c721408da83b6d5aa5298144,4,2016 - 2020,54,5,14,2016,2022,DATA.RIO
1cf37307c721408da83b6d5aa5298144,5,2021 - 2022,32,5,13,2011,2023,DATA.RIO
1cf37307c721408da83b6d5aa5298144,6,ESRI_MAPINFO_SHEET,0,0,0,,,
1d5758f7eb6d4ff4b392a1cf66f4d1e4,0,2004,22,5,13,2004,2004,Armazém de Dados
1d5758f7eb6d4ff4b392a1cf66f4d1e4,1,2005,22,5,13,2005,2005,Armazém de Dados
1d5758f7eb6d4ff4b392a1cf66f4d1e4,2,2006,22,5,13,2006,2006,Armazém de Dados
1d5758f7eb6d4ff4b392a1cf66f4d1e4,3,2007,25,5,16,2007,2007,Armazém de Dados
1d5758f7eb6d4ff4b392a1cf66f4d1e4,4,2008,25,5,16,2008,2008,Armazém de Dados
1dc77ea3ee9b4df1abe19c3a8dcbb1fd,0,2002,23,7,14,2002,2002,Armazém de Dados
1dc77ea3ee9b4df1abe19c3a8dcbb1fd,1,2003,23,7,14,2003,2003,Armazém de Dados
1dc77ea3ee9b4df1abe19c3a8dcbb1fd,2,2004,23,7,13,2004,2004,Armazém de Dados
1dc77ea3ee9b4df1abe19c3a8dcbb1fd,3,2005,30,9,19,2005,2005,Armazém de Dados
1dc77ea3ee9b4df1abe19c3a8dcbb1fd,4,2006,29,9,18,2006,2006,Armazém de Dados
1dc77ea3ee9b4df1abe19c3a8dcbb1fd,5,2007,29,7,20,2007,2007,Armazém de Dados
1dc77ea3ee9b4df1abe19c3a8dcbb1fd,6,2008,41,9,32,2008,2008,Armazém de Dados
1dc77ea3ee9b4df1abe19c3a8dcbb1fd,7,2009,29,8,20,2009,2009,Armazém de Dados
1e5dbe226f594be292bf490ead9d2666,0,Definições,20,2,12,2003,2003,Armazém de Dados                        Indicadores Socioeconômicos
1e5dbe226f594be292bf490ead9d2666,1,RA_1991,44,14,35,1991,2003,Armazém de Dados
1e5dbe226f594be292bf490ead9d2666,2,RA_2000,43,14,34,2000,2003,Armazém de Dados
1e5dbe226f594be292bf490ead9d2666,3,Bairros_1991,137,13,129,1991,2003,Armazém de Dados
1e5dbe226f594be292bf490ead9d2666,4,Bairros_2000,136,13,128,2000,2003,Armazém de Dados
1f908c6de87f42e7b4ae513788e0ccce,0,2000,34,8,23,2000,2021,DATA RIO
1f908c6de87f42e7b4ae513788e0ccce,1,2001,35,8,24,2001,2021,DATA RIO
1f908c6de87f42e7b4ae513788e0ccce,2,2002,35,8,24,2002,2021,DATA RIO
1f908c6de87f42e7b4ae513788e0ccce,3,2003,37,8,26,2003,2021,DATA RIO
1f908c6de87f42e7b4ae513788e0ccce,4,2004,38,7,27,2004,2021,DATA RIO
1f908c6de87f42e7b4ae513788e0ccce,5,2005,38,6,28,2005,2021,DATA RIO
1f908c6de87f42e7b4ae513788e0ccce,6,2006,41,6,31,2006,2021,DATA RIO
1f908c6de87f42e7b4ae513788e0ccce,7,2007,42,6,32,2007,2021,DATA RIO
1f908c6de87f42e7b4ae513788e0ccce,8,2008,43,6,33,2008,2021,DATA RIO
1f908c6de87f42e7b4ae513788e0ccce,9,2009,42,6,32,2009,2021,DATA RIO
1f908c6de87f42e7b4ae513788e0ccce,10,2010,41,6,31,2010,2021,DATA RIO
1f908c6de87f42e7b4ae513788e0ccce,11,2011,40,6,30,2011,2021,DATA RIO
1f908c6de87f42e7b4ae513788e0ccce,12,2012,43,6,33,2012,2021,DATA RIO
1f908c6de87f42e7b4ae513788e0ccce,13,2013,46,6,36,2013,2021,DATA RIO
1f908c6de87f42e7b4ae513788e0ccce,14,2014,47,6,37,2014,2021,DATA RIO
1f908c6de87f42e7b4ae513788e0ccce,15,2015,50,6,40,2015,2021,DATA RIO
1f908c6de87f42e7b4ae513788e0ccce,16,2016,52,6,42,2016,2021,DATA RIO
1f908c6de87f42e7b4ae513788e0ccce,17,2017,56,7,44,2017,2021,DATA RIO
1f908c6de87f42e7b4ae513788e0ccce,18,2018,56,8,45,2018,2021,DATA RIO
1f908c6de87f42e7b4ae513788e0ccce,19,2019,58,8,47,2019,2021,DATA RIO
1f908c6de87f42e7b4ae513788e0ccce,20,2020,58,8,47,2020,2022,DATA RIO
1f908c6de87f42e7b4ae513788e0ccce,21,2021,60,8,49,2021,2024,DATA RIO
1f908c6de87f42e7b4ae513788e0ccce,22,2022,61,8,50,2022,2024,DATA RIO
1f908c6de87f42e7b4ae513788e0ccce,23,ESRI_MAPINFO_SHEET,0,0,0,,,
2052c5f289fc4a4da00e62b04f38d400,0,T 1743,60,11,17,1999,2007,Armazém de Dados
2380ec5691a548179af0568397fd65b9,0,T 918_1,77,5,19,1999,2009,DATA.RIO
2380ec5691a548179af0568397fd65b9,1,T 918_2,77,5,19,2010,2020,DATA.RIO
2380ec5691a548179af0568397fd65b9,2,ESRI_MAPINFO_SHEET,0,0,0,,,
2b18933bbdc0473395c95ef228a36cd3,0,T 921_1,81,5,21,1999,2009,DATA.RIO
2b18933bbdc0473395c95ef228a36cd3,1,T 921_2,81,5,21,2010,2020,DATA.RIO
2b18933bbdc0473395c95ef228a36cd3,2,ESRI_MAPINFO_SHEET,0,0,0,,,
2eab9bd9ffc848e2a7bc65ff73a60a99,0,T 1820,61,6,17,2000,2007,Armazém de Dados
33e2cb0fb757488793d37e8875f32b6a,0,T 1612_1,77,7,19,1999,2009,DATA.RIO
33e2cb0fb757488793d37e8875f32b6a,1,T 1612_2,77,7,19,2010,2020,DATA.RIO
33e2cb0fb757488793d37e8875f32b6a,2,ESRI_MAPINFO_SHEET,0,0,0,,,
35385dcefc5149fbb9fd8f91ee934043,0,T 2313,20,3,12,1999,2008,Armazém de Dados
37afdc360d54443190ef4282500199c0,0,T 2097,47,4,15,2000,2007,Armazém de Dados
3e5954ec17bd4d3aa2a4b5613a121dff,0,T 2236,40,12,6,2000,2007,Armazém de Dados
3eca7dc5130046f3b66e325068599b2a,0,2006,130,6,8,2006,2006,Armazém de Dados
3eca7dc5130046f3b66e325068599b2a,1,2007,239,6,10,2007,2007,Armazém de Dados
3eca7dc5130046f3b66e325068599b2a,2,2008,239,6,10,2008,2008,Armazém de Dados
3eca7dc5130046f3b66e325068599b2a,3,2009,239,6,10,2009,2009,Armazém de Dados
404a14dd713f441f8321b5dfd0544cd7,0,T 1168,28,4,17,1992,2006,"Tabela 1168 - Matrículas no ensino fundamental da rede pública municipal, independente da idade, sobre o total de pessoas de 7 a 14 anos residentes no Município do Rio de Janeiro - 1992 / 2006."
4386c5f2dec04737a9917b6ce21e2686,0,2000-2004,49,8,14,2000,2007,DATA.RIO
4386c5f2dec04737a9917b6ce21e2686,1,2005-2007,37,7,11,2005,2013,DATA.RIO
4386c5f2dec04737a9917b6ce21e2686,2,2008-2009,29,6,10,2008,2013,DATA.RIO
4386c5f2dec04737a9917b6ce21e2686,3,2010-2012,34,6,10,2010,2013,DATA.RIO
4386c5f2dec04737a9917b6ce21e2686,4,2013 - 2016,41,6,11,2013,2018,DATA.RIO
4386c5f2dec04737a9917b6ce21e2686,5,2017-2020,41,6,11,2017,2022,DATA.RIO
4386c5f2dec04737a9917b6ce21e2686,6,2021,21,6,9,2021,2022,DATA.RIO
4386c5f2dec04737a9917b6ce21e2686,7,ESRI_MAPINFO_SHEET,0,0,0,,,
450e2d32fabe43c2840e0859d0546d2b,0,Anos Inicais,22,28,12,2005,2021,DATA.RIO
450e2d32fabe43c2840e0859d0546d2b,1,ESRI_MAPINFO_SHEET,0,0,0,,,
4705ac5e08df4950b98d27c7a5976832,0,T 2034,41,7,13,2001,2007,Armazém de Dados
49eb3240501f4b579fdd2bd3c9e948d3,0,Brasil,48,6,9,2022,2022,DATA.RIO
49eb3240501f4b579fdd2bd3c9e948d3,1,2007-2022,108,5,24,2007,2022,DATA.RIO
49eb3240501f4b579fdd2bd3c9e948d3,2,ESRI_MAPINFO_SHEET,0,0,0,,,
4f7b7e9578e14e5c8d865c4e5c2074ba,0,2001-2005,374,16,306,2001,2005,Armazém de Dados
4f7b7e9578e14e5c8d865c4e5c2074ba,1,2006-2012,286,22,221,2006,2012,Armazém de Dados
4f7b7e9578e14e5c8d865c4e5c2074ba,2,2013 -2015,343,10,335,2013,2015,Armazém de Dados
50b4e136fa9c4701b5e3cee37865786d,0,1999,13,17,3,1999,1999,Armazém de Dados
50b4e136fa9c4701b5e3cee37865786d,1,2000,13,17,3,2000,2000,Armazém de Dados
50b4e136fa9c4701b5e3cee37865786d,2,2001,13,17,3,2001,2001,Armazém de Dados
50b4e136fa9c4701b5e3cee37865786d,3,2002,13,17,3,2002,2002,Armazém de Dados
50b4e136fa9c4701b5e3cee37865786d,4,2003,13,17,3,2003,2003,Armazém de Dados
50b4e136fa9c4701b5e3cee37865786d,5,2004,13,17,3,2004,2004,Armazém de Dados
50b4e136fa9c4701b5e3cee37865786d,6,2005,13,17,3,2005,2005,Armazém de Dados
50b4e136fa9c4701b5e3cee37865786d,7,2006,13,19,3,2006,2006,Armazém de Dados
50b4e136fa9c4701b5e3cee37865786d,8,2007,14,18,4,2007,2007,Armazém de Dados
50b4e136fa9c4701b5e3cee37865786d,9,2008,14,18,4,2008,2008,Armazém de Dados
50b4e136fa9c4701b5e3cee37865786d,10,2009,22,13,4,2009,2009,Armazém de Dados
50b4e136fa9c4701b5e3cee37865786d,11,2010,22,14,4,2010,2010,Armazém de Dados
50b4e136fa9c4701b5e3cee37865786d,12,2011,22,15,4,2011,2011,Armazém de Dados
50b4e136fa9c4701b5e3cee37865786d,13,2012,22,14,4,2012,2012,Armazém de Dados
50b4e136fa9c4701b5e3cee37865786d,14,2013,22,15,4,2013,2013,Armazém de Dados
51a59a06ae12474b9975a52c2fcd55e2,0,2008,45,19,15,2008,2008,Armazém de Dados
51a59a06ae12474b9975a52c2fcd55e2,1,2009,45,25,15,2009,2009,Armazém de Dados
51a59a06ae12474b9975a52c2fcd55e2,2,2010,45,27,15,2010,2010,Armazém de Dados
51a59a06ae12474b9975a52c2fcd55e2,3,2011,45,29,15,2011,2011,Armazém de Dados
51a59a06ae12474b9975a52c2fcd55e2,4,2012,45,27,15,2012,2012,Armazém de Dados
51a59a06ae12474b9975a52c2fcd55e2,5,2013,45,27,15,2013,2013,Armazém de Dados
5260a891ea8b446d8707b8a11eb8a1f6,0,1999-2002,38,5,13,1999,2005,Armazém de Dados
5260a891ea8b446d8707b8a11eb8a1f6,1,2003-2006,40,5,13,2003,2007,Armazém de Dados
55fa75ad04144e619cf9fff28929ff0b,0,2001-2004,57,7,15,2001,2006,DATA.RIO
55fa75ad04144e619cf9fff28929ff0b,1,2005-2008,60,7,15,2005,2013,DATA.RIO
55fa75ad04144e619cf9fff28929ff0b,2,2009-2012,54,7,15,2009,2013,DATA.RIO
55fa75ad04144e619cf9fff28929ff0b,3,2013 -2016,52,7,13,2013,2018,DATA.RIO
55fa75ad04144e619cf9fff28929ff0b,4,2017-2020,51,7,13,2017,2022,DATA.RIO
55fa75ad04144e619cf9fff28929ff0b,5,2021 - 2022,34,7,13,2011,2023,DATA.RIO
55fa75ad04144e619cf9fff28929ff0b,6,ESRI_MAPINFO_SHEET,0,0,0,,,
59ae30dc3ab344d6b214965ce1dd39bf,0,2008,25,8,14,2008,2008,Armazém de Dados
59ae30dc3ab344d6b214965ce1dd39bf,1,2009,25,8,14,2009,2009,Armazém de Dados
5a30dbdd567e4bc1b32ecb6be4672bca,0,T 1166,26,23,9,1999,2006,Armazém de Dados
5bb3607ea06e404fb8542c73bcea174e,0,2000,24,3,15,2000,2004,DATA.RIO
5bb3607ea06e404fb8542c73bcea174e,1,2001,24,3,15,2001,2004,DATA.RIO
5bb3607ea06e404fb8542c73bcea174e,2,2002,24,3,15,2002,2004,DATA.RIO
5bb3607ea06e404fb8542c73bcea174e,3,2003,24,3,15,2003,2005,DATA.RIO
5bb3607ea06e404fb8542c73bcea174e,4,2004,24,3,15,2004,2012,DATA.RIO
5bb3607ea06e404fb8542c73bcea174e,5,2005,24,3,15,2005,2012,DATA.RIO
5bb3607ea06e404fb8542c73bcea174e,6,2006,24,3,15,2006,2012,DATA.RIO
5bb3607ea06e404fb8542c73bcea174e,7,2007,24,3,15,2007,2012,DATA.RIO
5bb3607ea06e404fb8542c73bcea174e,8,2008,24,3,15,2008,2012,DATA.RIO
5bb3607ea06e404fb8542c73bcea174e,9,2009,24,3,15,2009,2012,DATA.RIO
5bb3607ea06e404fb8542c73bcea174e,10,2010,24,3,15,2010,2017,DATA.RIO
5bb3607ea06e404fb8542c73bcea174e,11,2011,24,3,15,2011,2017,DATA.RIO
5bb3607ea06e404fb8542c73bcea174e,12,2012,24,3,15,2012,2017,DATA.RIO
5bb3607ea06e404fb8542c73bcea174e,13,2013,24,3,15,2013,2017,DATA.RIO
5bb3607ea06e404fb8542c73bcea174e,14,2014,24,3,15,2011,2017,DATA.RIO
5bb3607ea06e404fb8542c73bcea174e,15,2015,24,3,15,2015,2017,DATA.RIO
5bb3607ea06e404fb8542c73bcea174e,16,2016,24,3,15,2016,2018,DATA.RIO
5bb3607ea06e404fb8542c73bcea174e,17,2017,24,3,15,2017,2021,DATA.RIO
5bb3607ea06e404fb8542c73bcea174e,18,2018,24,3,15,2018,2021,DATA.RIO
5bb3607ea06e404fb8542c73bcea174e,19,2019,24,3,15,2019,2021,DATA.RIO
5bb3607ea06e404fb8542c73bcea174e,20,2020,24,3,15,2020,2022,DATA.RIO
5bb3607ea06e404fb8542c73bcea174e,21,2021,24,3,15,2021,2022,DATA.RIO
5bb3607ea06e404fb8542c73bcea174e,22,2022,24,3,15,2022,2023,DATA.RIO
5bb3607ea06e404fb8542c73bcea174e,23,ESRI_MAPINFO_SHEET,0,0,0,,,
5c0658d31c5a4fd086d13bf4f23f018c,0,2000-2004,48,8,13,2000,2007,DATA.RIO
5c0658d31c5a4fd086d13bf4f23f018c,1,2005-2007,37,7,11,2005,2013,DATA.RIO
5c0658d31c5a4fd086d13bf4f23f018c,2,2008-2009,29,6,10,2008,2013,DATA.RIO
5c0658d31c5a4fd086d13bf4f23f018c,3,2010-2012,34,6,10,2010,2013,DATA.RIO
5c0658d31c5a4fd086d13bf4f23f018c,4,2013-2016,41,6,11,2013,2018,DATA.RIO
5c0658d31c5a4fd086d13bf4f23f018c,5,2017-2020,41,6,11,2017,2022,DATA.RIO
5c0658d31c5a4fd086d13bf4f23f018c,6,2021 - 2022,28,6,9,2021,2022,DATA.RIO
5c0658d31c5a4fd086d13bf4f23f018c,7,ESRI_MAPINFO_SHEET,0,0,0,,,
5e7a88898605441a8f7818602e02ecc7,0,2000,46,19,35,2000,2000,Armazém de Dados
5e7a88898605441a8f7818602e02ecc7,1,2010,46,19,36,2010,2010,Armazém de Dados
60a5445e95b44bba98e07fd9617c9b56,0,T 2099,63,5,17,1998,2010,Armazém de Dados
646b20dfbf944f21a036f3f50fd80424,0,T 1760_1,72,7,18,2000,2009,DATA.RIO
646b20dfbf944f21a036f3f50fd80424,1,T 1760_2,78,7,19,2010,2020,DATA.RIO
646b20dfbf944f21a036f3f50fd80424,2,ESRI_MAPINFO_SHEET,0,0,0,,,
6574a63ac2ce4fb39ba528a8c4bdec15,0,1992-2004,102,13,40,1992,2004,Armazém de Dados
6574a63ac2ce4fb39ba528a8c4bdec15,1,2005-2007,32,7,22,1992,2007,Armazém de Dados
6689d169285d45e689e05299eba77083,0,T 917_1,58,6,15,1999,2007,Armazém de Dados
6689d169285d45e689e05299eba77083,1,T 917_2,69,6,17,2007,2016,M | F | 1.0 | 1.0
6754397155a04352bcda5f3bf389e094,0,T 895,44,3,36,2000,2000,Armazém de Dados
686ff9e957d74d4dabbff033ab32b9de,0,T 1819_1,38,10,12,2000,2007,DATA.RIO
686ff9e957d74d4dabbff033ab32b9de,1,T 1819_2,37,9,11,2007,2013,DATA.RIO
686ff9e957d74d4dabbff033ab32b9de,2,T 1819_3,37,9,11,2014,2020,DATA.RIO
686ff9e957d74d4dabbff033ab32b9de,3,T 1819_4,17,9,6,2021,2022,DATA.RIO
686ff9e957d74d4dabbff033ab32b9de,4,ESRI_MAPINFO_SHEET,0,0,0,,,
68e95cb371fb4db38ecae841dd693a8e,0,2000,24,8,10,2000,2005,DATA.RIO
68e95cb371fb4db38ecae841dd693a8e,1,2001,24,8,10,2001,2004,DATA.RIO
68e95cb371fb4db38ecae841dd693a8e,2,2002,24,8,10,2002,2004,DATA.RIO
68e95cb371fb4db38ecae841dd693a8e,3,2003,24,8,10,2003,2004,DATA.RIO
68e95cb371fb4db38ecae841dd693a8e,4,2004,22,7,9,2004,2012,DATA.RIO
68e95cb371fb4db38ecae841dd693a8e,5,2005,22,7,9,2005,2012,DATA.RIO
68e95cb371fb4db38ecae841dd693a8e,6,2006,22,7,9,2006,2012,DATA.RIO
68e95cb371fb4db38ecae841dd693a8e,7,2007,22,7,9,2007,2012,DATA.RIO
68e95cb371fb4db38ecae841dd693a8e,8,2008,22,7,9,2008,2012,DATA.RIO
68e95cb371fb4db38ecae841dd693a8e,9,2009,22,7,9,2009,2012,DATA.RIO
68e95cb371fb4db38ecae841dd693a8e,10,2010,20,7,8,2010,2017,DATA.RIO
68e95cb371fb4db38ecae841dd693a8e,11,2011,20,7,8,2011,2017,DATA.RIO
68e95cb371fb4db38ecae841dd693a8e,12,2012,20,7,8,2012,2017,DATA.RIO
68e95cb371fb4db38ecae841dd693a8e,13,2013,20,7,8,2013,2017,DATA.RIO
68e95cb371fb4db38ecae841dd693a8e,14,2014,20,7,8,2014,2017,DATA.RIO
68e95cb371fb4db38ecae841dd693a8e,15,2015,21,7,9,2015,2017,DATA.RIO
68e95cb371fb4db38ecae841dd693a8e,16,2016,21,7,9,2016,2018,DATA.RIO
68e95cb371fb4db38ecae841dd693a8e,17,2017,20,7,8,2017,2021,DATA.RIO
68e95cb371fb4db38ecae841dd693a8e,18,2018,20,7,8,2018,2021,DATA.RIO
68e95cb371fb4db38ecae841dd693a8e,19,2019,20,7,8,2019,2021,DATA.RIO
68e95cb371fb4db38ecae841dd693a8e,20,2020,20,7,8,2020,2022,DATA.RIO
68e95cb371fb4db38ecae841dd693a8e,21,2021,20,7,8,2021,2022,DATA.RIO
68e95cb371fb4db38ecae841dd693a8e,22,2022,20,7,8,2022,2023,DATA.RIO
68e95cb371fb4db38ecae841dd693a8e,23,ESRI_MAPINFO_SHEET,0,0,0,,,
6a6adb6793054943ae26ffbbb12e6c9c,0,2000,24,3,15,2000,2005,DATA.RIO
6a6adb6793054943ae26ffbbb12e6c9c,1,2001,24,3,15,2001,2005,DATA.RIO
6a6adb6793054943ae26ffbbb12e6c9c,2,2002,24,3,15,2002,2005,DATA.RIO
6a6adb6793054943ae26ffbbb12e6c9c,3,2003,24,3,15,2003,2005,DATA.RIO
6a6adb6793054943ae26ffbbb12e6c9c,4,2004,24,3,15,2004,2006,DATA.RIO
6a6adb6793054943ae26ffbbb12e6c9c,5,2005,24,3,15,2005,2005,DATA.RIO
6a6adb6793054943ae26ffbbb12e6c9c,6,2006,24,3,15,2006,2012,DATA.RIO
6a6adb6793054943ae26ffbbb12e6c9c,7,2007,24,3,15,2007,2012,DATA.RIO
6a6adb6793054943ae26ffbbb12e6c9c,8,2008,24,3,15,2008,2012,DATA.RIO
6a6adb6793054943ae26ffbbb12e6c9c,9,2009,24,3,15,2009,2012,DATA.RIO
6a6adb6793054943ae26ffbbb12e6c9c,10,2010,24,3,15,2010,2012,DATA.RIO
6a6adb6793054943ae26ffbbb12e6c9c,11,2011,24,3,15,2011,2017,DATA.RIO
6a6adb6793054943ae26ffbbb12e6c9c,12,2012,24,3,15,2012,2017,DATA.RIO
6a6adb6793054943ae26ffbbb12e6c9c,13,2013,24,3,15,2013,2017,DATA.RIO
6a6adb6793054943ae26ffbbb12e6c9c,14,2014,24,3,15,2014,2017,DATA.RIO
6a6adb6793054943ae26ffbbb12e6c9c,15,2015,24,3,15,2015,2017,DATA.RIO
6a6adb6793054943ae26ffbbb12e6c9c,16,2016,24,3,15,2016,2018,DATA.RIO
6a6adb6793054943ae26ffbbb12e6c9c,17,2017,24,3,15,2017,2021,DATA.RIO
6a6adb6793054943ae26ffbbb12e6c9c,18,2018,24,3,15,2018,2021,DATA.RIO
6a6adb6793054943ae26ffbbb12e6c9c,19,2019,24,3,15,2019,2021,DATA.RIO
6a6adb6793054943ae26ffbbb12e6c9c,20,2020,24,3,15,2020,2022,DATA.RIO
6a6adb6793054943ae26ffbbb12e6c9c,21,2021,24,3,15,2021,2022,DATA.RIO
6a6adb6793054943ae26ffbbb12e6c9c,22,2022,24,3,15,2022,2023,DATA.RIO
6a6adb6793054943ae26ffbbb12e6c9c,23,ESRI_MAPINFO_SHEET,0,0,0,,,
6b855fdba6514acb9b1bcfb397d52f87,0,2005-2006,22,7,13,2005,2007,Armazém de Dados
6b855fdba6514acb9b1bcfb397d52f87,1,2007-2008,27,7,17,2007,2008,Armazém de Dados
6b99c568d38646bb97dcf2751c501e7f,0,2000,46,16,36,2000,2000,Armazém de Dados
6b99c568d38646bb97dcf2751c501e7f,1,2010,46,15,36,2010,2010,Armazém de Dados
6bba93cdd9014dac9cdc7c36d226cf15,0,País_1,58,13,49,2001,2008,Armazém de Dados
6bba93cdd9014dac9cdc7c36d226cf15,1,pais_2,43,19,34,2007,2017,Armazém de Dados
6bba93cdd9014dac9cdc7c36d226cf15,2,Exterior_1,24,13,15,2001,2008,Armazém de Dados
6bba93cdd9014dac9cdc7c36d226cf15,3,Exterior_2,24,19,15,2007,2017,Armazém de Dados
6bba93cdd9014dac9cdc7c36d226cf15,4,Fomento_1,30,15,20,2001,2008,Armazém de Dados
6bba93cdd9014dac9cdc7c36d226cf15,5,Fomento_2,27,19,18,2007,2017,Armazém de Dados
6bf11f2aba7547ab9f76e4ed2a01d54e,0,2000,23,8,10,2000,2005,DATA.RIO
6bf11f2aba7547ab9f76e4ed2a01d54e,1,2001,23,8,10,2001,2004,DATA.RIO
6bf11f2aba7547ab9f76e4ed2a01d54e,2,2002,23,8,10,2002,2004,DATA.RIO
6bf11f2aba7547ab9f76e4ed2a01d54e,3,2003,23,8,10,2003,2005,DATA.RIO
6bf11f2aba7547ab9f76e4ed2a01d54e,4,2004,23,8,10,2004,2006,DATA.RIO
6bf11f2aba7547ab9f76e4ed2a01d54e,5,2005,21,7,9,2005,2012,DATA.RIO
6bf11f2aba7547ab9f76e4ed2a01d54e,6,2006,21,7,9,2006,2012,DATA.RIO
6bf11f2aba7547ab9f76e4ed2a01d54e,7,2007,21,7,9,2007,2012,DATA.RIO
6bf11f2aba7547ab9f76e4ed2a01d54e,8,2008,21,7,9,2008,2012,DATA.RIO
6bf11f2aba7547ab9f76e4ed2a01d54e,9,2009,21,7,9,2009,2012,DATA.RIO
6bf11f2aba7547ab9f76e4ed2a01d54e,10,2010,20,7,8,2010,2013,DATA.RIO
6bf11f2aba7547ab9f76e4ed2a01d54e,11,2011,20,7,8,2011,2013,DATA.RIO
6bf11f2aba7547ab9f76e4ed2a01d54e,12,2012,20,7,8,2012,2013,DATA.RIO
6bf11f2aba7547ab9f76e4ed2a01d54e,13,2013,20,7,8,2013,2015,DATA.RIO
6bf11f2aba7547ab9f76e4ed2a01d54e,14,2014,20,7,8,2014,2016,DATA.RIO
6bf11f2aba7547ab9f76e4ed2a01d54e,15,2015,20,7,8,2015,2017,DATA.RIO
6bf11f2aba7547ab9f76e4ed2a01d54e,16,2016,20,7,8,2016,2018,DATA.RIO
6bf11f2aba7547ab9f76e4ed2a01d54e,17,2017,20,7,8,2017,2021,DATA.RIO
6bf11f2aba7547ab9f76e4ed2a01d54e,18,2018,20,7,8,2018,2021,DATA.RIO
6bf11f2aba7547ab9f76e4ed2a01d54e,19,2019,20,7,8,2019,2021,DATA.RIO
6bf11f2aba7547ab9f76e4ed2a01d54e,20,2020,20,7,8,2020,2022,DATA.RIO
6bf11f2aba7547ab9f76e4ed2a01d54e,21,2021,20,7,8,2021,2022,DATA.RIO
6bf11f2aba7547ab9f76e4ed2a01d54e,22,2022,20,7,8,2022,2023,DATA.RIO
6bf11f2aba7547ab9f76e4ed2a01d54e,23,ESRI_MAPINFO_SHEET,0,0,0,,,
6e09b9320b3b419aa26b310b72d5bb71,0,T 1818_1,47,10,15,2000,2007,DATA.RIO
6e09b9320b3b419aa26b310b72d5bb71,1,T 1818_2,44,9,12,2007,2013,DATA.RIO
6e09b9320b3b419aa26b310b72d5bb71,2,T 1818_3,44,9,12,2014,2020,DATA.RIO
6e09b9320b3b419aa26b310b72d5bb71,3,T 1818_4,19,9,6,2021,2022,DATA.RIO
6e09b9320b3b419aa26b310b72d5bb71,4,ESRI_MAPINFO_SHEET,0,0,0,,,
704ff4c359a2445a83e5a3acc49df7c6,0,2000,25,13,10,2000,2005,DATA.RIO
704ff4c359a2445a83e5a3acc49df7c6,1,2001,25,13,10,2001,2004,DATA.RIO
704ff4c359a2445a83e5a3acc49df7c6,2,2002,25,13,10,2002,2004,DATA.RIO
704ff4c359a2445a83e5a3acc49df7c6,3,2003,25,13,10,2003,2005,DATA.RIO
704ff4c359a2445a83e5a3acc49df7c6,4,2004,21,15,7,2004,2004,DATA.RIO
704ff4c359a2445a83e5a3acc49df7c6,5,2005,21,15,7,2005,2005,DATA.RIO
704ff4c359a2445a83e5a3acc49df7c6,6,2006,21,15,7,2006,2007,DATA.RIO
704ff4c359a2445a83e5a3acc49df7c6,7,2007,25,13,10,2007,2012,DATA.RIO
704ff4c359a2445a83e5a3acc49df7c6,8,2008,24,11,10,2008,2012,DATA.RIO
704ff4c359a2445a83e5a3acc49df7c6,9,2009,24,11,10,2009,2012,DATA.RIO
704ff4c359a2445a83e5a3acc49df7c6,10,2010,21,11,8,2010,2012,DATA.RIO
704ff4c359a2445a83e5a3acc49df7c6,11,2011,21,11,8,2011,2017,DATA.RIO
704ff4c359a2445a83e5a3acc49df7c6,12,2012,21,11,8,2012,2017,DATA.RIO
704ff4c359a2445a83e5a3acc49df7c6,13,2013,21,11,8,2013,2017,DATA.RIO
704ff4c359a2445a83e5a3acc49df7c6,14,2014,21,11,8,2014,2017,DATA.RIO
704ff4c359a2445a83e5a3acc49df7c6,15,2015,21,11,8,2015,2017,DATA.RIO
704ff4c359a2445a83e5a3acc49df7c6,16,2016,21,11,8,2016,2018,DATA.RIO
704ff4c359a2445a83e5a3acc49df7c6,17,2017,21,11,8,2017,2021,DATA.RIO
704ff4c359a2445a83e5a3acc49df7c6,18,2018,21,11,8,2018,2021,DATA.RIO
704ff4c359a2445a83e5a3acc49df7c6,19,2019,21,11,8,2019,2021,DATA.RIO
704ff4c359a2445a83e5a3acc49df7c6,20,2020,21,11,8,2020,2022,DATA.RIO
704ff4c359a2445a83e5a3acc49df7c6,21,2021,21,11,8,2021,2022,DATA.RIO
704ff4c359a2445a83e5a3acc49df7c6,22,2022,21,11,8,2022,2023,DATA.RIO
704ff4c359a2445a83e5a3acc49df7c6,23,ESRI_MAPINFO_SHEET,0,0,0,,,
70fa662476ea4c7fb2317807e0c2a703,0,1999,42,19,13,1999,1999,Armazém de Dados
70fa662476ea4c7fb2317807e0c2a703,1,2000,42,19,13,2000,2000,Armazém de Dados
70fa662476ea4c7fb2317807e0c2a703,2,2001,41,19,13,2001,2001,Armazém de Dados
70fa662476ea4c7fb2317807e0c2a703,3,2002,41,19,13,2002,2002,Armazém de Dados
70fa662476ea4c7fb2317807e0c2a703,4,2003,41,19,13,2003,2003,Armazém de Dados
70fa662476ea4c7fb2317807e0c2a703,5,2004,41,19,13,2004,2004,Armazém de Dados
70fa662476ea4c7fb2317807e0c2a703,6,2005,41,19,13,2005,2005,Armazém de Dados
70fa662476ea4c7fb2317807e0c2a703,7,2006,41,19,13,2006,2006,Armazém de Dados
70fa662476ea4c7fb2317807e0c2a703,8,2007,45,19,15,2007,2007,Armazém de Dados
70fa662476ea4c7fb2317807e0c2a703,9,2008,45,19,15,2008,2008,Armazém de Dados
70fa662476ea4c7fb2317807e0c2a703,10,2009,45,25,15,2009,2009,Armazém de Dados
70fa662476ea4c7fb2317807e0c2a703,11,2010,45,25,15,2009,2010,Armazém de Dados
70fa662476ea4c7fb2317807e0c2a703,12,2011,45,29,15,2011,2011,Armazém de Dados
70fa662476ea4c7fb2317807e0c2a703,13,2012,45,27,15,2012,2012,Armazém de Dados
70fa662476ea4c7fb2317807e0c2a703,14,2013,45,29,15,2013,2013,Armazém de Dados
73789aeca2c647e9976e7534dee8428e,0,T 2489,20,4,11,1999,2008,Armazém de Dados
75b1df544d684f7aa5439c8ca28b5fd0,0,Brasil,50,6,10,2022,2022,DATA.RIO
75b1df544d684f7aa5439c8ca28b5fd0,1,2000-2006,50,4,16,2000,2006,DATA.RIO
75b1df544d684f7aa5439c8ca28b5fd0,2,2007-2022,110,5,25,2007,2022,DATA.RIO
75b1df544d684f7aa5439c8ca28b5fd0,3,ESRI_MAPINFO_SHEET,0,0,0,,,
7888fde5637e4f2fa54cfb80f32321e4,0,Anos Finais,22,28,12,2005,2021,DATA.RIO
7888fde5637e4f2fa54cfb80f32321e4,1,ESRI_MAPINFO_SHEET,0,0,0,,,
799e46b989a7464a956106c1c405343e,0,Brasil,54,5,14,2022,2022,DATA.RIO
799e46b989a7464a956106c1c405343e,1,2000-2005,42,4,18,2000,2006,DATA.RIO
799e46b989a7464a956106c1c405343e,2,2007-2016,69,4,23,2006,2016,DATA.RIO
799e46b989a7464a956106c1c405343e,3,2017-2022,48,4,18,2017,2022,DATA.RIO
799e46b989a7464a956106c1c405343e,4,ESRI_MAPINFO_SHEET,0,0,0,,,
7ab7b5429f2a459f8a8ac66ed84edfd9,0,2008,28,9,16,2008,2008,Armazém de Dados
7ab7b5429f2a459f8a8ac66ed84edfd9,1,2009,28,9,16,2009,2009,Armazém de Dados
7d791c58eadf4366a3f9afcc799cd08e,0,T 2050,26,46,17,2001,2017,Armazém de Dados
7d87a98eedf04db9b605cb0d29e1a0ba,0,T 929_1,74,5,20,1999,2009,DATA.RIO
7d87a98eedf04db9b605cb0d29e1a0ba,1,T 929_2,79,5,20,2010,2020,DATA.RIO
7d87a98eedf04db9b605cb0d29e1a0ba,2,ESRI_MAPINFO_SHEET,0,0,0,,,
804f635cc79545168d72396c4cff4eaf,0,T 3135,264,29,145,2010,2010,Armazém de Dados
8070feee270545a2b3d9e08ed2b937cd,0,Brasil,55,11,14,2022,2022,DATA.RIO
8070feee270545a2b3d9e08ed2b937cd,1,2000-2005,56,10,20,2000,2006,DATA.RIO
8070feee270545a2b3d9e08ed2b937cd,2,2007-2016,80,10,24,2006,2016,DATA.RIO
8070feee270545a2b3d9e08ed2b937cd,3,2017-2022,56,10,20,2006,2022,DATA.RIO
8070feee270545a2b3d9e08ed2b937cd,4,ESRI_MAPINFO_SHEET,0,0,0,,,
82d0a1bdf0c844579f6ee6c8350b55d6,0,T 1758,54,3,14,2001,2007,Armazém de Dados
82fd127fb3024d2484ef4faa6bd03836,0,AreaPais,89,11,80,2001,2005,Armazém de Dados
82fd127fb3024d2484ef4faa6bd03836,1,AreaExt,76,11,67,2001,2005,Armazém de Dados
82fd127fb3024d2484ef4faa6bd03836,2,AreaFomento,88,11,79,2001,2005,Armazém de Dados
8459a7e185a94deab97e1cee75a7ef19,0,T 920,60,7,16,1999,2006,Armazém de Dados
8588a63013b54f32934bc3c8456b3f33,0,T 1735_1,72,7,18,2000,2009,DATA.RIO
8588a63013b54f32934bc3c8456b3f33,1,T 1735_2,78,7,19,2010,2020,DATA.RIO
8588a63013b54f32934bc3c8456b3f33,2,ESRI_MAPINFO_SHEET,0,0,0,,,
899f75abce2a4f2b9c642d9c365944d7,0,T 919_1,80,5,21,1999,2009,DATA.RIO
899f75abce2a4f2b9c642d9c365944d7,1,T 919_2,80,5,21,2010,2020,DATA.RIO
899f75abce2a4f2b9c642d9c365944d7,2,ESRI_MAPINFO_SHEET,0,0,0,,,
8a21da2be6a3415bb5354a3352777561,0,364,49,2,3,1996,2010,Armazém de Dados
8aca832b67094eaea59f77056c95eca9,0,T 2314,21,4,12,1999,2008,Armazém de Dados
8c139f62fd464c65a38e9d201d509327,0,1999,22,4,13,1999,1999,Armazém de Dados
8c139f62fd464c65a38e9d201d509327,1,2000,22,4,13,2000,2000,Armazém de Dados
8c139f62fd464c65a38e9d201d509327,2,2001,21,4,13,2001,2001,Armazém de Dados
8c139f62fd464c65a38e9d201d509327,3,2002,21,4,13,2002,2002,Armazém de Dados
8c139f62fd464c65a38e9d201d509327,4,2003,21,4,13,2003,2003,Armazém de Dados
8c139f62fd464c65a38e9d201d509327,5,2004,21,4,13,2004,2004,Armazém de Dados
8c139f62fd464c65a38e9d201d509327,6,2005,21,4,13,2005,2005,Armazém de Dados
8c139f62fd464c65a38e9d201d509327,7,2006,21,4,13,2006,2006,Armazém de Dados
8c139f62fd464c65a38e9d201d509327,8,2007,22,4,14,2007,2007,Armazém de Dados
8c139f62fd464c65a38e9d201d509327,9,2008,22,4,14,2008,2008,Armazém de Dados
8c139f62fd464c65a38e9d201d509327,10,2009,22,4,14,2009,2009,Armazém de Dados
8c139f62fd464c65a38e9d201d509327,11,2010,22,4,14,2010,2010,Armazém de Dados
8c139f62fd464c65a38e9d201d509327,12,2011,22,4,14,2011,2011,Armazém de Dados
8c139f62fd464c65a38e9d201d509327,13,2012,22,4,14,2012,2012,Armazém de Dados
8c139f62fd464c65a38e9d201d509327,14,2013,22,4,14,2013,2013,Armazém de Dados
8c9a0c967a8f41e0abad6f31e4912ff8,0,Creches Conveniadas2004,29,7,18,2004,2004,Armazém de Dados
8c9a0c967a8f41e0abad6f31e4912ff8,1,Creches conveniadas2005,27,7,17,2005,2005,Armazém de Dados
8c9a0c967a8f41e0abad6f31e4912ff8,2,Creches conveniadas 2006,21,11,13,2006,2006,Armazém de Dados
8c9a0c967a8f41e0abad6f31e4912ff8,3,Creches Conveniadas 2007,22,9,14,2006,2007,Armazém de Dados
8e1d5972ae214f1ea97d374adc2b55a0,0,T 2035_1,210,5,18,2000,2010,DATA.RIO
8e1d5972ae214f1ea97d374adc2b55a0,1,T 2035_2,192,5,17,2011,2020,DATA.RIO
8e1d5972ae214f1ea97d374adc2b55a0,2,ESRI_MAPINFO_SHEET,0,0,0,,,
8e720d57e9544794ba66aba6afac5980,0,2000,46,16,36,2000,2000,Armazém de Dados
8e720d57e9544794ba66aba6afac5980,1,2010,46,15,36,2010,2010,Armazém de Dados
8f61d624e21d4cdd886d48f2d587f46e,0,2007,47,13,39,2007,2007,Armazém de Dados
8f61d624e21d4cdd886d48f2d587f46e,1,2008,49,13,41,2008,2008,Armazém de Dados
918dd39478594792a9cfa7080b84c0b5,0,Metodologia,96,39,0,2010,2020,ÍNDICE DE PROGRESSO SOCIAL  DA CIDADE DO RIO DE JANEIRO
918dd39478594792a9cfa7080b84c0b5,1,Dimensões e Componentes 2016,45,18,35,2016,2016,DATA.RIO
918dd39478594792a9cfa7080b84c0b5,2,Indicadores - 2016,43,39,35,2016,2016,DATA.RIO
918dd39478594792a9cfa7080b84c0b5,3,Dimensões e Componentes 2018,344,22,35,2018,2018,DATA.RIO
918dd39478594792a9cfa7080b84c0b5,4,Indicadores - 2018,43,256,14,2018,2018,DATA.RIO
918dd39478594792a9cfa7080b84c0b5,5,Dimensões e Componentes 2020,344,22,35,2020,2020,DATA.RIO
918dd39478594792a9cfa7080b84c0b5,6,Indicadores - 2020,43,256,14,2020,2020,DATA.RIO
918dd39478594792a9cfa7080b84c0b5,7,Dimensões e Componentes 2022,344,22,35,2022,2022,DATA.RIO
918dd39478594792a9cfa7080b84c0b5,8,Indicadores - 2022,42,37,35,2022,2022,DATA.RIO
918dd39478594792a9cfa7080b84c0b5,9,Dimensões e Componentes 2024,44,22,35,2024,2024,DATA.RIO
918dd39478594792a9cfa7080b84c0b5,10,Indicadores - 2024,38,37,33,2024,2024,DATA.RIO
918dd39478594792a9cfa7080b84c0b5,11,Plan1,68,54,32,,,mort0a5 | baixopeso | mort_mat | ira | agua | esgoto | banhe | popfavela | energia | adensa | homicid
918dd39478594792a9cfa7080b84c0b5,12,ESRI_MAPINFO_SHEET,1,1,0,,,
94299a4a6d4548ddb2d6892664bb5fd4,0,T 949,38,8,12,1999,2005,Armazém de Dados
9acd1e13c0fd49a58f5e399d5d8a93fe,0,T 2240,93,3,15,1999,2010,Armazém de Dados
9fd1a8cc207a48c5bda7131e4e74b1ca,0,definições,194,1,2,2009,2009,
9fd1a8cc207a48c5bda7131e4e74b1ca,1,ANOS_INICIAIS,269,37,112,2007,2021,DATA.RIO
9fd1a8cc207a48c5bda7131e4e74b1ca,2,ANOS_FINAIS,269,37,112,2007,2021,DATA.RIO
9fd1a8cc207a48c5bda7131e4e74b1ca,3,metas IDEB,373,1,2,2009,2009,
9fd1a8cc207a48c5bda7131e4e74b1ca,4,SAEB e Prova Brasil questões,177,1,51,2005,2010,Perguntas frequentes
9fd1a8cc207a48c5bda7131e4e74b1ca,5,ESRI_MAPINFO_SHEET,0,0,0,,,
a753079319134508b57909d9fcb3bbd7,0,T 2242,48,8,14,2000,2007,Armazém de Dados
a7f951e9c2aa47018b44f5c78da5d0e5,0,T 3152,262,10,218,2010,2010,Armazém de Dados
a810f5ac9243472f80d38ee4c9d8845d,0,T 2064,47,4,14,2000,2007,Armazém de Dados
a89a892cf5eb45a285c5a0e660e8127a,0,T 927_1,68,5,19,1999,2009,DATA.RIO
a89a892cf5eb45a285c5a0e660e8127a,1,T 927_2,68,5,19,2010,2020,DATA.RIO
a89a892cf5eb45a285c5a0e660e8127a,2,ESRI_MAPINFO_SHEET,0,0,0,,,
aa31f6714a914febbe21bbd41dc1b8de,0,1992-2008,27,4,19,1992,2008,Armazém de Dados
aae450fc4f8841ceab4e6837c563e997,0,1999-2003,49,14,15,1999,2003,DATA.RIO
aae450fc4f8841ceab4e6837c563e997,1,2004-2006,34,15,12,2004,2006,DATA.RIO
aae450fc4f8841ceab4e6837c563e997,2,2007,19,21,9,2007,2007,DATA.RIO
aae450fc4f8841ceab4e6837c563e997,3,2008,20,19,10,2008,2008,DATA.RIO
aae450fc4f8841ceab4e6837c563e997,4,2009,20,19,10,2009,2009,DATA.RIO
aae450fc4f8841ceab4e6837c563e997,5,2010,20,19,10,2010,2010,DATA.RIO
aae450fc4f8841ceab4e6837c563e997,6,2011,20,19,10,2011,2011,DATA.RIO
aae450fc4f8841ceab4e6837c563e997,7,2012,20,19,10,2012,2012,DATA.RIO
aae450fc4f8841ceab4e6837c563e997,8,2013,20,19,10,2013,2013,DATA.RIO
aae450fc4f8841ceab4e6837c563e997,9,2014,20,19,10,2014,2014,DATA.RIO
aae450fc4f8841ceab4e6837c563e997,10,2015,18,25,8,2015,2015,DATA.RIO
aae450fc4f8841ceab4e6837c563e997,11, 2016 ,18,25,8,2016,2016,DATA.RIO
aae450fc4f8841ceab4e6837c563e997,12,2017,18,25,8,2017,2017,DATA.RIO
aae450fc4f8841ceab4e6837c563e997,13,2018,18,25,8,2018,2018,DATA.RIO
aae450fc4f8841ceab4e6837c563e997,14,2019,18,25,8,2019,2019,DATA.RIO
aae450fc4f8841ceab4e6837c563e997,15,2020,18,25,8,2020,2020,DATA.RIO
aae450fc4f8841ceab4e6837c563e997,16,ESRI_MAPINFO_SHEET,0,0,0,,,
ae64616d363e48c897818b640e2a22cd,0,2010,250,8,203,2010,2010,Armazém de Dados
ae64616d363e48c897818b640e2a22cd,1,2011,250,8,203,2011,2011,Armazém de Dados
ae64616d363e48c897818b640e2a22cd,2,2012,250,10,203,2012,2012,Armazém de Dados
ae64616d363e48c897818b640e2a22cd,3,2013,280,8,218,2013,2013,Armazém de Dados
ae84ed477210481ebdf7be570fb2e701,0,2000-2004,48,8,13,2000,2007,DATA.RIO
ae84ed477210481ebdf7be570fb2e701,1,2005-2007,37,7,11,2005,2013,DATA.RIO
ae84ed477210481ebdf7be570fb2e701,2,2008-2009,29,6,10,2008,2013,DATA.RIO
ae84ed477210481ebdf7be570fb2e701,3,2010-2012,34,6,10,2010,2013,DATA.RIO
ae84ed477210481ebdf7be570fb2e701,4,2013-2016,41,6,11,2013,2018,DATA.RIO
ae84ed477210481ebdf7be570fb2e701,5,2017-2020,41,6,11,2017,2022,DATA.RIO
ae84ed477210481ebdf7be570fb2e701,6,2021 - 2022,26,6,9,2021,2022,DATA.RIO
ae84ed477210481ebdf7be570fb2e701,7,ESRI_MAPINFO_SHEET,0,0,0,,,
b0efdf51cf5644c985eb9b3b78c59f13,0,T 2065,44,7,11,2000,2007,Armazém de Dados
b7b66567492942adb5b49085a93cffb8,0,Definições,17,2,9,2003,2003,Armazém de Dados
b7b66567492942adb5b49085a93cffb8,1,RA_1991,48,11,37,1991,2003,Armazém de Dados
b7b66567492942adb5b49085a93cffb8,2,RA_2000,45,11,34,2000,2003,Armazém de Dados
b7b66567492942adb5b49085a93cffb8,3,RA_2010 ,45,10,35,2010,2010,Armazém de Dados
b7b66567492942adb5b49085a93cffb8,4,Bairros_1991,140,10,131,1991,2003,Armazém de Dados
b7b66567492942adb5b49085a93cffb8,5,Bairros_2000,138,10,128,2000,2003,Armazém de Dados
b7b66567492942adb5b49085a93cffb8,6,Bairros_2010,122,9,113,2010,2010,Armazém de Dados
b854cc4ce2c541e0bef62fc22d1f6fbc,0,2006,232,6,8,2006,2006,Armazém de Dados
b854cc4ce2c541e0bef62fc22d1f6fbc,1,2007,239,6,10,2007,2007,Armazém de Dados
b854cc4ce2c541e0bef62fc22d1f6fbc,2,2008,239,6,10,2008,2008,Armazém de Dados
b854cc4ce2c541e0bef62fc22d1f6fbc,3,2009,238,6,9,2009,2009,Armazém de Dados
b9920b764487446d9e5c8b9cadf60f67,0,T 1734,47,6,13,2000,2006,Armazém de Dados do IPP
ba09a6e1f80b4fdfb06e510b9974dfc7,0,T 2062,73,7,13,2000,2007,Armazém de Dados
ba728e0990664445a3e83201c58cf4e2,0,1999-2001,29,13,11,1999,2002,Armazém de Dados
ba728e0990664445a3e83201c58cf4e2,1,2002-2003,22,12,8,1999,2003,Armazem de Dados
ba728e0990664445a3e83201c58cf4e2,2,2004,16,19,7,2004,2005,Armazém de Dados
ba728e0990664445a3e83201c58cf4e2,3,2005,17,19,7,2005,2005,Armazém de Dados
ba728e0990664445a3e83201c58cf4e2,4,2006,19,15,8,2005,2007,Armazém de Dados
bba0d7d3c31c4cfd8a6940cc283d52cc,0,2010,245,22,184,2010,2010,Armazém de Dados
bba0d7d3c31c4cfd8a6940cc283d52cc,1,2011,252,23,176,2011,2011,Armazém de Dados
bba0d7d3c31c4cfd8a6940cc283d52cc,2,2012,252,28,144,2012,2012,Armazém de Dados
bba0d7d3c31c4cfd8a6940cc283d52cc,3,2013,280,25,154,2013,2013,Armazém de Dados
bbf87f279e0146beb31fd6f432ac4948,0,T 896,44,17,35,2000,2000,Armazém de Dados
bc918000aa20447d8495d911f6c1adaf,0,T 2206,25,10,15,2007,2007,Armazém de Dados
bd0a18dd77974992a6110243bced6aaa,0,T 1822,66,8,21,2000,2007,Armazém de Dados
bf2ca35430024d9e80daa8e1d28cc443,0,T 2178_1,37,5,11,2000,2007,DATA.RIO
bf2ca35430024d9e80daa8e1d28cc443,1,T 2178_2,37,5,11,2007,2013,DATA.RIO
bf2ca35430024d9e80daa8e1d28cc443,2,T 2178_3,37,5,11,2014,2020,DATA.RIO
bf2ca35430024d9e80daa8e1d28cc443,3,T 2178_4,17,5,6,2021,2022,DATA.RIO
bf2ca35430024d9e80daa8e1d28cc443,4,ESRI_MAPINFO_SHEET,0,0,0,,,
c0beddc0eef34a22abc2a1d2712bcd30,0,2004,24,19,15,2004,2004,Armazém de Dados
c0beddc0eef34a22abc2a1d2712bcd30,1,2005,24,19,15,2005,2005,Armazém de Dados
c0beddc0eef34a22abc2a1d2712bcd30,2,2006,22,14,13,2006,2006,Armazém de Dados
c0beddc0eef34a22abc2a1d2712bcd30,3,2007,23,13,14,2007,2007,Armazém de Dados
c0beddc0eef34a22abc2a1d2712bcd30,4,2008,30,13,21,2008,2008,Armazém de Dados
c0beddc0eef34a22abc2a1d2712bcd30,5,2009,27,13,18,2009,2009,Armazém de Dados
c373015d272d4ce884670adfa7b9b89e,0,Brasil,48,5,9,2022,2022,DATA.RIO
c373015d272d4ce884670adfa7b9b89e,1,2002-2006,35,3,11,2002,2007,DATA.RIO
c373015d272d4ce884670adfa7b9b89e,2,2007-2022,105,4,22,2007,2022,DATA.RIO
c373015d272d4ce884670adfa7b9b89e,3,ESRI_MAPINFO_SHEET,0,0,0,,,
c5f0cf8ed56c447fa58af9265833e25a,0,2000,45,19,36,2000,2000,Armazém de Dados
c5f0cf8ed56c447fa58af9265833e25a,1,2010,45,19,36,2010,2010,Armazém de Dados
c81f4c91d85f44bd9a71b497cdd098ca,0,1992-2009,30,6,20,1992,2009,Armazém de Dados
c9e9bae1f47c46a8a0e17e56e774bede,0,Definições,13,2,5,2003,2003,Armazém de Dados
c9e9bae1f47c46a8a0e17e56e774bede,1,RA_1991,44,7,35,1991,2003,Armazém de Dados                        I
c9e9bae1f47c46a8a0e17e56e774bede,2,RA_2000,44,7,34,2000,2003,Armazém de Dados
c9e9bae1f47c46a8a0e17e56e774bede,3,Bairros_1991,137,6,129,1991,2003,Armazém de Dados                        Indicadores de Condições de Vida
c9e9bae1f47c46a8a0e17e56e774bede,4,Bairros_2000,137,6,128,2000,2003,Armazém de Dados
d155c513f84944a8b3bf5df867719faf,0,2000,45,46,36,2000,2000,Armazém de Dados
d155c513f84944a8b3bf5df867719faf,1,2010,45,46,36,2010,2010,Armazém de Dados
d1e1192de4854ee4b53095a6f3274018,0,1999,41,19,14,1999,1999,Armazém de Dados
d1e1192de4854ee4b53095a6f3274018,1,2000,40,19,13,2000,2000,Armazém de Dados
d1e1192de4854ee4b53095a6f3274018,2,2001,40,19,13,2001,2001,Armazém de Dados
d1e1192de4854ee4b53095a6f3274018,3,2002,42,19,13,2002,2002,Armazém de Dados
d1e1192de4854ee4b53095a6f3274018,4,2003,42,19,13,2003,2003,Armazém de Dados
d1e1192de4854ee4b53095a6f3274018,5,2004,41,19,13,2004,2004,Armazém de Dados
d1e1192de4854ee4b53095a6f3274018,6,2005,41,19,13,2005,2005,Armazém de Dados
d1e1192de4854ee4b53095a6f3274018,7,2006,44,19,15,2006,2006,Armazém de Dados
d1e1192de4854ee4b53095a6f3274018,8,2007,45,19,15,2007,2007,Armazém de Dados
d1e1192de4854ee4b53095a6f3274018,9,2008,45,19,15,2008,2008,Armazém de Dados
d1e1192de4854ee4b53095a6f3274018,10,2009,45,19,15,2009,2009,Armazém de Dados
d1e1192de4854ee4b53095a6f3274018,11,2010,45,27,15,2010,2010,Armazém de Dados
d1e1192de4854ee4b53095a6f3274018,12,2011,45,29,15,2011,2011,Armazém de Dados
d1e1192de4854ee4b53095a6f3274018,13,2012,45,27,15,2012,2012,Armazém de Dados
d28181c9b0484d818bbc49013732d446,0,T 1816_1,74,6,14,2000,2007,DATA.RIO
d28181c9b0484d818bbc49013732d446,1,T 1816_2,72,6,12,2007,2013,DATA.RIO
d28181c9b0484d818bbc49013732d446,2,T 1816_3,72,6,12,2014,2020,DATA.RIO
d28181c9b0484d818bbc49013732d446,3,T 1816_4,27,6,7,2021,2022,DATA.RIO
d28181c9b0484d818bbc49013732d446,4,ESRI_MAPINFO_SHEET,0,0,0,,,
d41592fa2a004b73bf4d2aaae6c565ed,0,2000,24,3,15,2000,2005,DATA.RIO
d41592fa2a004b73bf4d2aaae6c565ed,1,2001,24,3,15,2001,2005,DATA.RIO
d41592fa2a004b73bf4d2aaae6c565ed,2,2002,24,3,15,2002,2005,DATA.RIO
d41592fa2a004b73bf4d2aaae6c565ed,3,2003,24,3,15,2003,2005,DATA.RIO
d41592fa2a004b73bf4d2aaae6c565ed,4,2004,24,3,15,2004,2012,DATA.RIO
d41592fa2a004b73bf4d2aaae6c565ed,5,2005,24,3,15,2005,2012,DATA.RIO
d41592fa2a004b73bf4d2aaae6c565ed,6,2006,24,3,15,2006,2012,DATA.RIO
d41592fa2a004b73bf4d2aaae6c565ed,7,2007,24,3,15,2007,2012,DATA.RIO
d41592fa2a004b73bf4d2aaae6c565ed,8,2008,24,3,15,2008,2012,DATA.RIO
d41592fa2a004b73bf4d2aaae6c565ed,9,2009,24,3,15,2009,2012,DATA.RIO
d41592fa2a004b73bf4d2aaae6c565ed,10,2010,24,3,15,2010,2017,DATA.RIO
d41592fa2a004b73bf4d2aaae6c565ed,11,2011,24,3,15,2011,2017,DATA.RIO
d41592fa2a004b73bf4d2aaae6c565ed,12,2012,24,3,15,2012,2017,DATA.RIO
d41592fa2a004b73bf4d2aaae6c565ed,13,2013,24,3,15,2013,2017,DATA.RIO
d41592fa2a004b73bf4d2aaae6c565ed,14,2014,24,3,15,2014,2017,DATA.RIO
d41592fa2a004b73bf4d2aaae6c565ed,15,2015,24,3,15,2015,2017,DATA.RIO
d41592fa2a004b73bf4d2aaae6c565ed,16,2016,24,3,15,2016,2018,DATA.RIO
d41592fa2a004b73bf4d2aaae6c565ed,17,2017,24,3,15,2017,2021,DATA.RIO
d41592fa2a004b73bf4d2aaae6c565ed,18,2018,24,3,15,2018,2021,DATA.RIO
d41592fa2a004b73bf4d2aaae6c565ed,19,2019,24,3,15,2019,2021,DATA.RIO
d41592fa2a004b73bf4d2aaae6c565ed,20,2020,24,3,15,2020,2022,DATA.RIO
d41592fa2a004b73bf4d2aaae6c565ed,21,2021,24,3,15,2021,2022,DATA.RIO
d41592fa2a004b73bf4d2aaae6c565ed,22,2022,24,3,15,2022,2023,DATA.RIO
d41592fa2a004b73bf4d2aaae6c565ed,23,ESRI_MAPINFO_SHEET,0,0,0,,,
d4ffe88007e1445780a395a6bbfb6d12,0,T 897,46,16,36,2000,2000,Armazém de Dados
dbed8b55cf28474296457ab9989f91c5,0,Definições,13,2,5,2003,2003,Armazém de Dados
dbed8b55cf28474296457ab9989f91c5,1,RA_1991,44,7,35,1991,2003,Armazém de Dados
dbed8b55cf28474296457ab9989f91c5,2,RA_2000,44,7,34,2000,2003,Armazém de Dados
dbed8b55cf28474296457ab9989f91c5,3,Bairros_1991,137,6,129,1991,2003,Armazém de Dados
dbed8b55cf28474296457ab9989f91c5,4,Bairros_2000,137,6,128,2000,2003,Armazém de Dados
de5244dedc1645848cd1278cbaabbe35,0,2004,23,13,14,2004,2004,Armazém de Dados
de5244dedc1645848cd1278cbaabbe35,1,2005,23,13,14,2005,2005,Armazém de Dados
de5244dedc1645848cd1278cbaabbe35,2,2006,21,10,12,2006,2006,Armazém de Dados
de5244dedc1645848cd1278cbaabbe35,3,2007,22,10,12,2007,2007,Armazém de Dados
de5244dedc1645848cd1278cbaabbe35,4,2008,22,11,12,2008,2008,Armazém de Dados
e80c3f68ddbf40e2879c486fecf23255,0,T 1803,31,11,12,2002,2012,Armazém de Dados
ebcf102e74484fb2bc445d6129d32d39,0,T 922,36,10,12,1999,2005,Armazem de Dados
eed810844efd499d839b5f1e82972274,0,Tab. 3136,248,19,200,2010,2010,Armazém de Dados
f1418b4c6abc46788d3f3875219fe413,0,Tabela 904,28,13,18,2003,2003,Armazém de Dados
f49651f016704db388769d893bdcf9ed,0,T 488,69,19,61,2000,2000,Armazem de Dados | Armazem de Dados
f5899119bb9c4ba3b290116a02b88cfc,0,T 807,38,11,9,1999,2007,Armazém de Dados
fa7e0df92fe9461cb41f0156fda83383,0,Plan1,0,0,0,,,
fa7e0df92fe9461cb41f0156fda83383,1,2000,23,10,7,2000,2000,Armazém de Dados
fa7e0df92fe9461cb41f0156fda83383,2,2010 ,23,10,7,2010,2010,Armazém de Dados
fb6ece5b0fc14c18839e9f510fcae09b,0,RA_1991,46,8,37,1991,2003,Armazém de Dados
fb6ece5b0fc14c18839e9f510fcae09b,1,RA_2000,44,8,35,2000,2003,Armazém de Dados
fb6ece5b0fc14c18839e9f510fcae09b,2,RA_2010,44,8,35,2010,2010,Armazém de Dados
fb6ece5b0fc14c18839e9f510fcae09b,3,Bairros_1991,139,7,131,1991,2003,Armazém de Dados
fb6ece5b0fc14c18839e9f510fcae09b,4,Bairros_2000,138,7,130,2000,2003,Armazém de Dados
fb6ece5b0fc14c18839e9f510fcae09b,5,Bairros_2010,121,7,113,2010,2010,Armazém de Dados
fcc6f32c9ed346af8449e258594bcda6,0,2008,34,24,20,2008,2008,Armazém de Dados
fcc6f32c9ed346af8449e258594bcda6,1,2009,34,24,20,2009,2009,Armazém de Dados
fcd345901b7d4a619c989154bb8d4eca,0,2000,25,11,16,2000,2000,Armazém de Dados
fcd345901b7d4a619c989154bb8d4eca,1,2010 ,24,11,15,2010,2010,Armazém de Dados
fd6567b87e7d4a2d867a66a58d7ff19f,0,T 1802,31,11,12,2002,2012,Armazém de Dados
fe46c1bedc0b475c9cf9ee26e43e0b95,0,T 1611,84,7,18,2001,2012,Armazém de Dados
fef2b2a156f649dabd4a37fd5211fb51,0,2000,23,8,10,2000,2004,DATA.RIO
fef2b2a156f649dabd4a37fd5211fb51,1,2001,23,8,10,2001,2004,DATA.RIO
fef2b2a156f649dabd4a37fd5211fb51,2,2002,23,8,10,2002,2004,DATA.RIO
fef2b2a156f649dabd4a37fd5211fb51,3,2003,23,8,10,2003,2005,DATA.RIO
fef2b2a156f649dabd4a37fd5211fb51,4,2004,22,7,9,2004,2012,DATA.RIO
fef2b2a156f649dabd4a37fd5211fb51,5,2005,22,7,9,2005,2012,DATA.RIO
fef2b2a156f649dabd4a37fd5211fb51,6,2006,22,7,9,2006,2012,DATA.RIO
fef2b2a156f649dabd4a37fd5211fb51,7,2007,22,7,9,2007,2012,DATA.RIO
fef2b2a156f649dabd4a37fd5211fb51,8,2008,22,7,9,2008,2012,DATA.RIO
fef2b2a156f649dabd4a37fd5211fb51,9,2009,22,7,9,2009,2012,DATA.RIO
fef2b2a156f649dabd4a37fd5211fb51,10,2010,20,7,8,2010,2017,DATA.RIO
fef2b2a156f649dabd4a37fd5211fb51,11,2011,20,7,8,2011,2017,DATA.RIO
fef2b2a156f649dabd4a37fd5211fb51,12,2012,20,7,8,2012,2017,DATA.RIO
fef2b2a156f649dabd4a37fd5211fb51,13,2013,20,7,8,2013,2017,DATA.RIO
fef2b2a156f649dabd4a37fd5211fb51,14,2014,20,7,8,2014,2017,DATA.RIO
fef2b2a156f649dabd4a37fd5211fb51,15,2015,20,7,8,2015,2017,DATA.RIO
fef2b2a156f649dabd4a37fd5211fb51,16,2016,21,7,9,2016,2018,DATA.RIO
fef2b2a156f649dabd4a37fd5211fb51,17,2017,20,7,8,2017,2021,DATA.RIO
fef2b2a156f649dabd4a37fd5211fb51,18,2018,20,7,8,2018,2021,DATA.RIO
fef2b2a156f649dabd4a37fd5211fb51,19,2019,20,7,8,2019,2021,DATA.RIO
fef2b2a156f649dabd4a37fd5211fb51,20,2020,20,7,8,2020,2022,DATA.RIO
fef2b2a156f649dabd4a37fd5211fb51,21,2021,20,7,8,2021,2022,DATA.RIO
fef2b2a156f649dabd4a37fd5211fb51,22,2022,20,7,8,2022,2023,DATA.RIO
fef2b2a156f649dabd4a37fd5211fb51,23,ESRI_MAPINFO_SHEET,0,0,0,,,
