base_year,target_year,ap,ra,bairro,ideb_5,ideb_9,delta
2007,2011,Área de Planejamento 1,I Portuária,Caju,4.4035087719298245,4.239156626506024,-0.16435214542380017
2007,2011,Área de Planejamento 1,I Portuária,Santo Cristo,4.278499999999999,5.1,0.8215000000000003
2007,2011,Área de Planejamento 1,I Portuária,Saúde,4.0,4.4,0.40000000000000036
2007,2011,Área de Planejamento 1,II Centro,Centro,4.491666666666667,4.632960893854748,0.14129422718808105
2007,2011,Área de Planejamento 1,III Rio Comprido,Catumbi,3.0,3.9,0.8999999999999999
2007,2011,Área de Planejamento 1,III Rio Comprido,Rio Comprido,4.254364089775561,4.4308000000000005,0.1764359102244395
2007,2011,Área de Planejamento 1,VII São Cristóvão,Benfica,4.098684210526316,4.075985663082437,-0.02269854744387878
2007,2011,Área de Planejamento 1,VII São Cristóvão,Imperial de São Cristóvão,5.111506849315068,4.238860103626942,-0.872646745688126
2007,2011,Área de Planejamento 1,XXIII Santa Teresa,Santa Teresa,5.007547169811321,5.14950495049505,0.14195778068372888
2007,2011,Área de Planejamento 2,IV Botafogo,Botafogo,4.536813186813187,4.553813559322034,0.017000372508847228
2007,2011,Área de Planejamento 2,IV Botafogo,Humaitá,4.8,4.7,-0.09999999999999964
2007,2011,Área de Planejamento 2,IV Botafogo,Laranjeiras,5.221827411167513,4.4,-0.8218274111675123
2007,2011,Área de Planejamento 2,IV Botafogo,Urca,5.882666666666667,6.087037037037036,0.20437037037036898
2007,2011,Área de Planejamento 2,V Copacabana,Copacabana,5.423019801980198,4.8133333333333335,-0.6096864686468644
2007,2011,Área de Planejamento 2,V Copacabana,Leme,4.5,4.5,0.0
2007,2011,Área de Planejamento 2,VI Lagoa,Gávea,5.081385281385282,4.4452674897119335,-0.6361177916733487
2007,2011,Área de Planejamento 2,VI Lagoa,Ipanema,4.507111111111112,4.775545851528384,0.26843474041727156
2007,2011,Área de Planejamento 2,VI Lagoa,Jardim Botânico,4.984615384615385,4.2,-0.7846153846153845
2007,2011,Área de Planejamento 2,VI Lagoa,Leblon,5.096539792387544,3.3,-1.7965397923875441
2007,2011,Área de Planejamento 2,VI Lagoa,Vidigal,4.086486486486487,3.7,-0.3864864864864872
2007,2011,Área de Planejamento 2,VIII Tijuca,Alto da Boa Vista,4.605042016806722,4.4,-0.20504201680672196
2007,2011,Área de Planejamento 2,VIII Tijuca,Tijuca,4.602781289506954,4.937914691943127,0.3351334024361732
2007,2011,Área de Planejamento 2,IX Vila Isabel,Andaraí,4.791988950276243,4.8,0.008011049723756436
2007,2011,Área de Planejamento 2,IX Vila Isabel,Grajaú,5.020477815699659,4.851181102362205,-0.16929671333745322
2007,2011,Área de Planejamento 2,IX Vila Isabel,Vila Isabel,4.147868217054264,4.993111111111111,0.845242894056847
2007,2011,Área de Planejamento 3,X Ramos,Bonsucesso,4.778740157480315,4.096610169491525,-0.6821299879887901
2007,2011,Área de Planejamento 3,X Ramos,Olaria,4.447274881516588,4.530818619582665,0.08354373806607729
2007,2011,Área de Planejamento 3,X Ramos,Ramos,4.7232387923147305,4.145786516853933,-0.5774522754607974
2007,2011,Área de Planejamento 3,XXX Maré,Maré,4.2244353182751535,3.612019230769231,-0.6124160875059226
2007,2011,Área de Planejamento 3,XIII Méier,Água Santa,4.4,4.4,0.0
2007,2011,Área de Planejamento 3,XIII Méier,Cachambi,5.560648148148148,4.2,-1.3606481481481474
2007,2011,Área de Planejamento 3,XIII Méier,Encantado,5.0,4.8,-0.20000000000000018
2007,2011,Área de Planejamento 3,XIII Méier,Engenho de Dentro,4.827579365079365,5.103448275862069,0.27586891078270437
2007,2011,Área de Planejamento 3,XIII Méier,Jacaré,4.212264150943396,5.247887323943663,1.0356231730002676
2007,2011,Área de Planejamento 3,XIII Méier,Lins de Vasconcelos,3.9512903225806455,4.813740458015267,0.8624501354346212
2007,2011,Área de Planejamento 3,XIII Méier,Méier,4.560416666666667,4.753611111111111,0.193194444444444
2007,2011,Área de Planejamento 3,XIII Méier,Piedade,4.6410774410774405,4.400555555555556,-0.24052188552188447
2007,2011,Área de Planejamento 3,XIII Méier,Pilares,4.797967479674797,4.530973451327434,-0.2669940283473631
2007,2011,Área de Planejamento 3,XIII Méier,Riachuelo,4.1370786516853935,4.8,0.6629213483146064
2007,2011,Área de Planejamento 3,XIII Méier,Rocha,4.9845070422535205,4.8,-0.18450704225352066
2007,2011,Área de Planejamento 3,XIII Méier,Todos os Santos,5.2,4.8,-0.40000000000000036
2007,2011,Área de Planejamento 3,XIV Irajá,Colégio,4.632901554404145,4.247826086956522,-0.38507546744762333
2007,2011,Área de Planejamento 3,XIV Irajá,Irajá,4.703466076696165,4.510341805433829,-0.19312427126233533
2007,2011,Área de Planejamento 3,XIV Irajá,Vila Kosmos,4.110775862068965,4.1054545454545455,-0.00532131661441948
2007,2011,Área de Planejamento 3,XIV Irajá,Vista Alegre,4.7,4.7,0.0
2007,2011,Área de Planejamento 3,XV Madureira,Bento Ribeiro,4.5137931034482754,4.405384615384616,-0.10840848806365955
2007,2011,Área de Planejamento 3,XV Madureira,Cascadura,4.344242424242424,4.858730158730158,0.5144877344877345
2007,2011,Área de Planejamento 3,XV Madureira,Cavalcanti,4.811748633879781,4.360227272727273,-0.4515213611525084
2007,2011,Área de Planejamento 3,XV Madureira,Honório Gurgel,4.171548117154812,4.423529411764705,0.2519812946098936
2007,2011,Área de Planejamento 3,XV Madureira,Madureira,4.073684210526316,4.305392156862745,0.23170794633642977
2007,2011,Área de Planejamento 3,XV Madureira,Marechal Hermes,4.5113243761996165,4.444086021505377,-0.06723835469423989
2007,2011,Área de Planejamento 3,XV Madureira,Oswaldo Cruz,4.433112582781457,4.386018237082067,-0.047094345699390416
2007,2011,Área de Planejamento 3,XV Madureira,Quintino Bocaiúva,4.6922807017543855,4.5548802946593,-0.13740040709508516
2007,2011,Área de Planejamento 3,XV Madureira,Rocha Miranda,4.656847545219639,4.783723958333333,0.1268764131136937
2007,2011,Área de Planejamento 3,XV Madureira,Turiaçu,4.239062499999999,3.5,-0.7390624999999993
2007,2011,Área de Planejamento 3,XII Inhaúma,Del Castilho,4.566492146596859,4.8,0.2335078534031405
2007,2011,Área de Planejamento 3,XII Inhaúma,Engenho da Rainha,4.3253125,4.408270676691729,0.08295817669172934
2007,2011,Área de Planejamento 3,XII Inhaúma,Higienópolis,4.611069418386491,4.457171717171717,-0.15389770121477397
2007,2011,Área de Planejamento 3,XII Inhaúma,Inhaúma,4.425932062966032,4.69748322147651,0.2715511585104782
2007,2011,Área de Planejamento 3,XII Inhaúma,Maria da Graça,4.2,4.0,-0.20000000000000018
2007,2011,Área de Planejamento 3,XI Penha,Brás de Pina,4.87202166064982,5.1658823529411775,0.29386069229135714
2007,2011,Área de Planejamento 3,XI Penha,Penha,4.487165178571429,4.175853658536585,-0.3113115200348435
2007,2011,Área de Planejamento 3,XI Penha,Penha Circular,4.909274873524452,5.04179104477612,0.1325161712516678
2007,2011,Área de Planejamento 3,XXXI Vigário Geral,Cordovil,4.34290780141844,4.28719646799117,-0.055711333427270304
2007,2011,Área de Planejamento 3,XXXI Vigário Geral,Jardim América,4.717054263565892,3.8393103448275863,-0.8777439187383056
2007,2011,Área de Planejamento 3,XXXI Vigário Geral,Vigário Geral,3.817040358744394,4.262978723404255,0.4459383646598609
2007,2011,Área de Planejamento 3,XXII Anchieta,Anchieta,4.225891181988743,3.7,-0.5258911819887429
2007,2011,Área de Planejamento 3,XXII Anchieta,Guadalupe,4.6788844621513945,4.577223427331887,-0.10166103481950728
2007,2011,Área de Planejamento 3,XXII Anchieta,Parque Anchieta,4.8173393124065775,4.001744186046512,-0.8155951263600656
2007,2011,Área de Planejamento 3,XXII Anchieta,Ricardo de Albuquerque,4.384962406015038,5.1,0.7150375939849614
2007,2011,Área de Planejamento 3,XXV Pavuna,Coelho Neto,4.225548387096774,3.477717391304348,-0.7478309957924258
2007,2011,Área de Planejamento 3,XXV Pavuna,Costa Barros,3.9616541353383457,4.0,0.03834586466165435
2007,2011,Área de Planejamento 3,XXV Pavuna,Parque Columbia,4.4,4.5,0.09999999999999964
2007,2011,Área de Planejamento 3,XXV Pavuna,Pavuna,4.5800803673938,4.0602409638554215,-0.5198394035383789
2007,2011,Área de Planejamento 3,XX Ilha do Governador,Bancários,4.533783783783784,4.047272727272727,-0.4865110565110573
2007,2011,Área de Planejamento 3,XX Ilha do Governador,Cidade Universitária,4.5,4.1,-0.40000000000000036
2007,2011,Área de Planejamento 3,XX Ilha do Governador,Freguesia (Ilha do Governador),4.7,3.9,-0.8000000000000003
2007,2011,Área de Planejamento 3,XX Ilha do Governador,Galeão,4.783,4.34223602484472,-0.44076397515528054
2007,2011,Área de Planejamento 3,XX Ilha do Governador,Jardim Guanabara,5.077540106951871,4.940551181102363,-0.13698892584950872
2007,2011,Área de Planejamento 3,XX Ilha do Governador,Moneró,4.926027397260274,4.497590361445784,-0.4284370358144898
2007,2011,Área de Planejamento 3,XX Ilha do Governador,Portuguesa,4.815530303030304,4.3,-0.515530303030304
2007,2011,Área de Planejamento 3,XX Ilha do Governador,Praia da Bandeira,4.6,3.8,-0.7999999999999998
2007,2011,Área de Planejamento 3,XX Ilha do Governador,Tauá,4.872262773722627,4.8,-0.07226277372262757
2007,2011,Área de Planejamento 3,XX Ilha do Governador,Zumbi,4.9,5.2,0.2999999999999998
2007,2011,Área de Planejamento 4,XVI Jacarepaguá,Anil,5.4,4.700845070422536,-0.699154929577464
2007,2011,Área de Planejamento 4,XVI Jacarepaguá,Curicica,4.907130124777183,4.2,-0.7071301247771826
2007,2011,Área de Planejamento 4,XVI Jacarepaguá,Freguesia (Jacarepaguá),4.49554234769688,4.254794520547945,-0.24074782714893495
2007,2011,Área de Planejamento 4,XVI Jacarepaguá,Jacarepaguá,4.471293161814489,4.459792284866468,-0.01150087694802071
2007,2011,Área de Planejamento 4,XVI Jacarepaguá,Pechincha,5.037327188940092,4.9396135265700485,-0.09771366237004386
2007,2011,Área de Planejamento 4,XVI Jacarepaguá,Praça Seca,4.354829931972789,4.468907563025209,0.11407763105242008
2007,2011,Área de Planejamento 4,XVI Jacarepaguá,Tanque,4.363245823389021,5.005759162303665,0.642513338914644
2007,2011,Área de Planejamento 4,XVI Jacarepaguá,Taquara,4.865171102661597,4.42906050955414,-0.4361105931074567
2007,2011,Área de Planejamento 4,XVI Jacarepaguá,Vila Valqueire,4.991561181434599,4.9,-0.09156118143459846
2007,2011,Área de Planejamento 4,XXXIII Cidade de Deus,Cidade de Deus,4.125268817204301,4.342774566473988,0.21750574926968724
2007,2011,Área de Planejamento 4,XXIV Barra da Tijuca,Barra da Tijuca,5.18662109375,4.830498866213152,-0.3561222275368481
2007,2011,Área de Planejamento 4,XXIV Barra da Tijuca,Recreio dos Bandeirantes,4.602747252747253,4.2,-0.4027472527472531
2007,2011,Área de Planejamento 4,XXIV Barra da Tijuca,Vargem Grande,4.474162679425837,4.756779661016949,0.2826169815911115
2007,2011,Área de Planejamento 5,XVII Bangu,Bangu,4.583498233215548,4.243325415676959,-0.34017281753858875
2007,2011,Área de Planejamento 5,XVII Bangu,Padre Miguel,4.804448105436573,4.256284153005465,-0.5481639524311079
2007,2011,Área de Planejamento 5,XVII Bangu,Senador Camará,4.404440649017934,4.422171945701357,0.017731296683423103
2007,2011,Área de Planejamento 5,XVII Bangu,Vila Kennedy,4.60936768149883,4.246829268292683,-0.36253841320614644
2007,2011,Área de Planejamento 5,XVII Bangu,Jabour,4.483116883116883,4.2,-0.28311688311688243
2007,2011,Área de Planejamento 5,XXXII Realengo,Campo dos Afonsos,5.023030303030303,5.8,0.7769696969696964
2007,2011,Área de Planejamento 5,XXXII Realengo,Deodoro,4.743636363636363,3.9,-0.8436363636363633
2007,2011,Área de Planejamento 5,XXXII Realengo,Jardim Sulacap,5.900000000000001,5.7,-0.20000000000000107
2007,2011,Área de Planejamento 5,XXXII Realengo,Magalhães Bastos,4.34344473007712,4.862735849056604,0.519291118979484
2007,2011,Área de Planejamento 5,XXXII Realengo,Realengo,4.301232285890326,4.611140121845082,0.309907835954756
2007,2011,Área de Planejamento 5,XXXII Realengo,Vila Militar,4.218367346938775,4.2,-0.018367346938775064
2007,2011,Área de Planejamento 5,XVIII Campo Grande,Campo Grande,4.659065288868014,4.5207720077756175,-0.13829328109239647
2007,2011,Área de Planejamento 5,XVIII Campo Grande,Cosmos,4.556749049429658,4.202211690363349,-0.3545373590663088
2007,2011,Área de Planejamento 5,XVIII Campo Grande,Inhoaíba,4.513713713713713,4.203636363636363,-0.31007735007734993
2007,2011,Área de Planejamento 5,XVIII Campo Grande,Santíssimo,4.605210084033614,3.9,-0.7052100840336144
2007,2011,Área de Planejamento 5,XVIII Campo Grande,Senador Vasconcelos,4.757482993197279,4.784210526315789,0.026727533118510394
2007,2011,Área de Planejamento 5,XIX Santa Cruz,Paciência,4.397682709447415,4.11805674978504,-0.2796259596623747
2007,2011,Área de Planejamento 5,XIX Santa Cruz,Santa Cruz,4.2447033898305095,4.19867941712204,-0.04602397270846925
2007,2011,Área de Planejamento 5,XIX Santa Cruz,Sepetiba,3.7746509129967776,3.7,-0.0746509129967774
2007,2011,Área de Planejamento 5,XXVI Guaratiba,Guaratiba,4.2179236043095,4.4475972540045765,0.22967364969507642
2007,2011,Área de Planejamento 5,XXVI Guaratiba,Pedra de Guaratiba,4.313780918727916,4.253314917127072,-0.0604660016008447
2009,2013,Área de Planejamento 1,I Portuária,Caju,4.798701298701299,4.12034632034632,-0.6783549783549789
2009,2013,Área de Planejamento 1,I Portuária,Santo Cristo,5.070967741935483,4.1,-0.9709677419354836
2009,2013,Área de Planejamento 1,I Portuária,Saúde,4.2,4.9,0.7000000000000002
2009,2013,Área de Planejamento 1,II Centro,Centro,5.010035842293907,5.290963855421687,0.28092801312778004
2009,2013,Área de Planejamento 1,III Rio Comprido,Catumbi,3.8,4.0,0.20000000000000018
2009,2013,Área de Planejamento 1,III Rio Comprido,Rio Comprido,4.623574144486692,4.651798561151079,0.028224416664387242
2009,2013,Área de Planejamento 1,VII São Cristóvão,Benfica,4.721212121212121,4.47732342007435,-0.24388870113777106
2009,2013,Área de Planejamento 1,VII São Cristóvão,Imperial de São Cristóvão,5.196541786743516,4.295945945945946,-0.9005958407975703
2009,2013,Área de Planejamento 1,XXIII Santa Teresa,Santa Teresa,5.702868852459017,4.7317307692307695,-0.9711380832282472
2009,2013,Área de Planejamento 2,IV Botafogo,Botafogo,4.901851851851851,4.774585635359116,-0.1272662164927354
2009,2013,Área de Planejamento 2,IV Botafogo,Glória,5.3,4.4,-0.8999999999999995
2009,2013,Área de Planejamento 2,IV Botafogo,Humaitá,5.7,4.0,-1.7000000000000002
2009,2013,Área de Planejamento 2,IV Botafogo,Laranjeiras,5.890566037735849,4.5,-1.3905660377358489
2009,2013,Área de Planejamento 2,IV Botafogo,Urca,6.428571428571429,6.126633165829146,-0.30193826274228286
2009,2013,Área de Planejamento 2,V Copacabana,Copacabana,5.963126843657817,4.838235294117647,-1.1248915495401706
2009,2013,Área de Planejamento 2,V Copacabana,Leme,5.2,3.4,-1.8000000000000003
2009,2013,Área de Planejamento 2,VI Lagoa,Gávea,5.47872340425532,4.738050314465409,-0.7406730897899116
2009,2013,Área de Planejamento 2,VI Lagoa,Ipanema,4.968103448275863,4.5804,-0.3877034482758628
2009,2013,Área de Planejamento 2,VI Lagoa,Jardim Botânico,5.69016393442623,3.8,-1.89016393442623
2009,2013,Área de Planejamento 2,VI Lagoa,Leblon,5.977304964539007,4.7,-1.2773049645390069
2009,2013,Área de Planejamento 2,VI Lagoa,Vidigal,5.257692307692308,4.0,-1.2576923076923077
2009,2013,Área de Planejamento 2,VIII Tijuca,Alto da Boa Vista,5.07797619047619,3.738194444444444,-1.339781746031746
2009,2013,Área de Planejamento 2,VIII Tijuca,Praça da Bandeira,5.037062937062937,3.3,-1.7370629370629374
2009,2013,Área de Planejamento 2,VIII Tijuca,Tijuca,5.1413080895008605,4.520081967213115,-0.6212261222877453
2009,2013,Área de Planejamento 2,IX Vila Isabel,Andaraí,5.118181818181818,4.631428571428572,-0.4867532467532465
2009,2013,Área de Planejamento 2,IX Vila Isabel,Grajaú,5.219852941176471,4.331441048034934,-0.8884118931415372
2009,2013,Área de Planejamento 2,IX Vila Isabel,Vila Isabel,4.9,5.083838383838384,0.1838383838383839
2009,2013,Área de Planejamento 3,X Ramos,Bonsucesso,5.490721649484536,4.4383763837638375,-1.0523452657206986
2009,2013,Área de Planejamento 3,X Ramos,Manguinhos,4.355623100303951,3.4,-0.9556231003039515
2009,2013,Área de Planejamento 3,X Ramos,Olaria,5.124555735056544,4.375881261595548,-0.748674473460996
2009,2013,Área de Planejamento 3,X Ramos,Ramos,4.878121284185493,3.87128987517337,-1.0068314090121229
2009,2013,Área de Planejamento 3,XXX Maré,Maré,4.653568800588668,3.0681818181818183,-1.5853869824068498
2009,2013,Área de Planejamento 3,XIII Méier,Água Santa,5.4,4.9,-0.5
2009,2013,Área de Planejamento 3,XIII Méier,Cachambi,5.707179487179488,4.121052631578948,-1.58612685560054
2009,2013,Área de Planejamento 3,XIII Méier,Encantado,6.0,5.7,-0.2999999999999998
2009,2013,Área de Planejamento 3,XIII Méier,Engenho de Dentro,5.390084985835694,5.314801444043321,-0.07528354179237251
2009,2013,Área de Planejamento 3,XIII Méier,Jacaré,4.225641025641026,5.423809523809525,1.1981684981684992
2009,2013,Área de Planejamento 3,XIII Méier,Lins de Vasconcelos,3.766,4.213559322033897,0.44755932203389737
2009,2013,Área de Planejamento 3,XIII Méier,Méier,4.899657534246575,4.412777777777778,-0.486879756468797
2009,2013,Área de Planejamento 3,XIII Méier,Piedade,5.114457831325301,4.60578034682081,-0.5086774845044912
2009,2013,Área de Planejamento 3,XIII Méier,Pilares,5.979136690647482,4.322131147540984,-1.6570055431064983
2009,2013,Área de Planejamento 3,XIII Méier,Riachuelo,4.198,3.2,-0.9980000000000002
2009,2013,Área de Planejamento 3,XIII Méier,Rocha,5.097142857142857,4.4,-0.6971428571428566
2009,2013,Área de Planejamento 3,XIII Méier,Todos os Santos,5.4,3.9,-1.5000000000000004
2009,2013,Área de Planejamento 3,XIV Irajá,Colégio,5.653198653198653,3.8104712041884814,-1.8427274490101717
2009,2013,Área de Planejamento 3,XIV Irajá,Irajá,5.2510204081632645,4.626548672566372,-0.6244717355968925
2009,2013,Área de Planejamento 3,XIV Irajá,Vila Kosmos,4.9474820143884894,4.370833333333334,-0.5766486810551559
2009,2013,Área de Planejamento 3,XIV Irajá,Vista Alegre,4.7,4.4,-0.2999999999999998
2009,2013,Área de Planejamento 3,XV Madureira,Bento Ribeiro,4.839705882352941,4.807142857142857,-0.03256302521008436
2009,2013,Área de Planejamento 3,XV Madureira,Cascadura,4.8662222222222224,4.782122905027933,-0.08409931719428965
2009,2013,Área de Planejamento 3,XV Madureira,Cavalcanti,5.286738351254479,4.499428571428572,-0.7873097798259074
2009,2013,Área de Planejamento 3,XV Madureira,Honório Gurgel,4.783422459893048,4.472985781990521,-0.31043667790252716
2009,2013,Área de Planejamento 3,XV Madureira,Madureira,5.028444444444444,4.32987012987013,-0.698574314574314
2009,2013,Área de Planejamento 3,XV Madureira,Marechal Hermes,5.143733333333333,4.955555555555556,-0.1881777777777769
2009,2013,Área de Planejamento 3,XV Madureira,Oswaldo Cruz,5.290954773869347,3.769788519637462,-1.5211662542318853
2009,2013,Área de Planejamento 3,XV Madureira,Quintino Bocaiúva,5.325536992840096,4.773947895791583,-0.5515890970485131
2009,2013,Área de Planejamento 3,XV Madureira,Rocha Miranda,5.142700729927007,4.924717514124294,-0.21798321580271374
2009,2013,Área de Planejamento 3,XV Madureira,Turiaçu,4.283333333333333,4.1,-0.18333333333333357
2009,2013,Área de Planejamento 3,XV Madureira,Vaz Lobo,5.0,4.2,-0.7999999999999998
2009,2013,Área de Planejamento 3,XII Inhaúma,Del Castilho,6.267326732673268,2.6,-3.6673267326732675
2009,2013,Área de Planejamento 3,XII Inhaúma,Engenho da Rainha,4.688532110091742,4.1189873417721525,-0.5695447683195898
2009,2013,Área de Planejamento 3,XII Inhaúma,Higienópolis,4.854248366013072,3.957311669128509,-0.8969366968845636
2009,2013,Área de Planejamento 3,XII Inhaúma,Inhaúma,5.1795328142380415,4.747769516728624,-0.4317632975094172
2009,2013,Área de Planejamento 3,XII Inhaúma,Maria da Graça,4.2,4.0,-0.20000000000000018
2009,2013,Área de Planejamento 3,XI Penha,Brás de Pina,5.156444444444444,5.380254777070064,0.22381033262561978
2009,2013,Área de Planejamento 3,XI Penha,Penha,4.952941176470588,3.720842105263158,-1.2320990712074305
2009,2013,Área de Planejamento 3,XI Penha,Penha Circular,5.230875576036866,4.434840425531915,-0.7960351505049514
2009,2013,Área de Planejamento 3,XXXI Vigário Geral,Cordovil,5.074795081967213,3.9824351297405194,-1.092359952226694
2009,2013,Área de Planejamento 3,XXXI Vigário Geral,Jardim América,5.286127167630058,3.799472295514512,-1.4866548721155457
2009,2013,Área de Planejamento 3,XXXI Vigário Geral,Vigário Geral,4.678333333333334,3.7443181818181817,-0.934015151515152
2009,2013,Área de Planejamento 3,XXII Anchieta,Anchieta,4.604166666666667,3.8,-0.8041666666666671
2009,2013,Área de Planejamento 3,XXII Anchieta,Guadalupe,5.380388692579505,4.529954954954954,-0.8504337376245505
2009,2013,Área de Planejamento 3,XXII Anchieta,Parque Anchieta,5.769022869022869,4.296610169491525,-1.4724126995313442
2009,2013,Área de Planejamento 3,XXII Anchieta,Ricardo de Albuquerque,4.7,5.5,0.7999999999999998
2009,2013,Área de Planejamento 3,XXV Pavuna,Coelho Neto,4.595969289827256,3.877777777777778,-0.7181915120494775
2009,2013,Área de Planejamento 3,XXV Pavuna,Costa Barros,4.398630136986302,4.6,0.20136986301369753
2009,2013,Área de Planejamento 3,XXV Pavuna,Parque Columbia,4.8,3.7,-1.0999999999999996
2009,2013,Área de Planejamento 3,XXV Pavuna,Pavuna,5.088653555219365,4.468121827411168,-0.6205317278081965
2009,2013,Área de Planejamento 3,XX Ilha do Governador,Bancários,4.513291139240506,3.9209756097560975,-0.5923155294844085
2009,2013,Área de Planejamento 3,XX Ilha do Governador,Cidade Universitária,4.6,5.1,0.5
2009,2013,Área de Planejamento 3,XX Ilha do Governador,Freguesia (Ilha do Governador),3.9,3.6,-0.2999999999999998
2009,2013,Área de Planejamento 3,XX Ilha do Governador,Galeão,4.952573529411764,4.4,-0.552573529411764
2009,2013,Área de Planejamento 3,XX Ilha do Governador,Jardim Guanabara,5.738150289017341,5.277168949771689,-0.46098133924565143
2009,2013,Área de Planejamento 3,XX Ilha do Governador,Moneró,5.220833333333333,4.390384615384615,-0.8304487179487179
2009,2013,Área de Planejamento 3,XX Ilha do Governador,Portuguesa,4.607881773399015,4.060416666666667,-0.5474651067323482
2009,2013,Área de Planejamento 3,XX Ilha do Governador,Praia da Bandeira,5.1,4.2,-0.8999999999999995
2009,2013,Área de Planejamento 3,XX Ilha do Governador,Zumbi,5.4,4.5,-0.9000000000000004
2009,2013,Área de Planejamento 4,XVI Jacarepaguá,Anil,5.430851063829787,4.240072202166065,-1.1907788616637225
2009,2013,Área de Planejamento 4,XVI Jacarepaguá,Curicica,5.117690875232775,3.331111111111111,-1.7865797641216639
2009,2013,Área de Planejamento 4,XVI Jacarepaguá,Freguesia (Jacarepaguá),4.833445378151262,4.65495145631068,-0.17849392184058122
2009,2013,Área de Planejamento 4,XVI Jacarepaguá,Jacarepaguá,5.013338357196685,5.027729885057472,0.014391527860786901
2009,2013,Área de Planejamento 4,XVI Jacarepaguá,Pechincha,5.383116883116883,4.3090909090909095,-1.0740259740259734
2009,2013,Área de Planejamento 4,XVI Jacarepaguá,Praça Seca,5.190873015873016,3.1808362369337977,-2.010036778939218
2009,2013,Área de Planejamento 4,XVI Jacarepaguá,Tanque,4.939226519337017,4.739130434782608,-0.2000960845544082
2009,2013,Área de Planejamento 4,XVI Jacarepaguá,Taquara,5.621568627450981,4.265132743362831,-1.3564358840881496
2009,2013,Área de Planejamento 4,XVI Jacarepaguá,Vila Valqueire,5.642081447963801,4.0,-1.6420814479638013
2009,2013,Área de Planejamento 4,XXXIII Cidade de Deus,Cidade de Deus,4.458103448275862,4.380165289256198,-0.07793815901966372
2009,2013,Área de Planejamento 4,XXIV Barra da Tijuca,Barra da Tijuca,5.7500982318271125,4.703010752688172,-1.0470874791389404
2009,2013,Área de Planejamento 4,XXIV Barra da Tijuca,Recreio dos Bandeirantes,5.123387096774193,4.1,-1.0233870967741936
2009,2013,Área de Planejamento 4,XXIV Barra da Tijuca,Vargem Grande,5.289261744966443,4.5365957446808505,-0.7526660002855925
2009,2013,Área de Planejamento 5,XVII Bangu,Bangu,5.175530035335689,4.155172413793103,-1.020357621542586
2009,2013,Área de Planejamento 5,XVII Bangu,Padre Miguel,5.348308270676691,4.276348547717842,-1.071959722958849
2009,2013,Área de Planejamento 5,XVII Bangu,Senador Camará,4.838033395176251,4.336521739130435,-0.5015116560458157
2009,2013,Área de Planejamento 5,XVII Bangu,Vila Kennedy,4.925915080527086,3.780198019801981,-1.1457170607251053
2009,2013,Área de Planejamento 5,XVII Bangu,Jabour,4.8,3.4,-1.4
2009,2013,Área de Planejamento 5,XXXII Realengo,Campo dos Afonsos,5.796923076923076,5.2,-0.5969230769230762
2009,2013,Área de Planejamento 5,XXXII Realengo,Deodoro,4.544827586206897,4.1,-0.44482758620689733
2009,2013,Área de Planejamento 5,XXXII Realengo,Jardim Sulacap,5.7,5.0,-0.7000000000000002
2009,2013,Área de Planejamento 5,XXXII Realengo,Magalhães Bastos,5.216022099447515,4.969485294117647,-0.24653680532986755
2009,2013,Área de Planejamento 5,XXXII Realengo,Realengo,4.8820437093916125,4.14971334971335,-0.7323303596782624
2009,2013,Área de Planejamento 5,XXXII Realengo,Vila Militar,4.946590909090909,4.4,-0.5465909090909085
2009,2013,Área de Planejamento 5,XVIII Campo Grande,Campo Grande,5.343414057885411,4.472153972153972,-0.8712600857314392
2009,2013,Área de Planejamento 5,XVIII Campo Grande,Cosmos,5.159999999999999,4.3,-0.8599999999999994
2009,2013,Área de Planejamento 5,XVIII Campo Grande,Inhoaíba,4.979340028694405,4.187472035794183,-0.7918679929002215
2009,2013,Área de Planejamento 5,XVIII Campo Grande,Santíssimo,4.982736842105264,4.5,-0.4827368421052638
2009,2013,Área de Planejamento 5,XVIII Campo Grande,Senador Vasconcelos,5.103435114503816,4.9,-0.20343511450381602
2009,2013,Área de Planejamento 5,XIX Santa Cruz,Paciência,5.131528895391368,3.993740219092332,-1.1377886762990355
2009,2013,Área de Planejamento 5,XIX Santa Cruz,Santa Cruz,4.83859957776214,4.098006202924236,-0.7405933748379034
2009,2013,Área de Planejamento 5,XIX Santa Cruz,Sepetiba,4.785390428211587,3.5,-1.2853904282115867
2009,2013,Área de Planejamento 5,XXVI Guaratiba,Guaratiba,4.545330859616574,4.446736842105263,-0.09859401751131092
2009,2013,Área de Planejamento 5,XXVI Guaratiba,Pedra de Guaratiba,4.497119341563786,3.953488372093023,-0.5436309694707626
2011,2015,Área de Planejamento 1,I Portuária,Caju,4.931907894736842,4.832786885245902,-0.09912100949093983
2011,2015,Área de Planejamento 1,I Portuária,Santo Cristo,5.532885906040269,3.2,-2.3328859060402687
2011,2015,Área de Planejamento 1,II Centro,Centro,5.2477099236641225,4.923699421965318,-0.32401050169880463
2011,2015,Área de Planejamento 1,III Rio Comprido,Catumbi,3.9,3.5,-0.3999999999999999
2011,2015,Área de Planejamento 1,III Rio Comprido,Rio Comprido,4.8728643216080405,5.11639344262295,0.24352912101490976
2011,2015,Área de Planejamento 1,VII São Cristóvão,Benfica,4.673866090712743,3.1302052785923755,-1.5436608121203679
2011,2015,Área de Planejamento 1,VII São Cristóvão,Imperial de São Cristóvão,5.314761904761904,5.363084112149532,0.048322207387627714
2011,2015,Área de Planejamento 1,XXIII Santa Teresa,Santa Teresa,6.048159509202454,4.29375,-1.7544095092024534
2011,2015,Área de Planejamento 2,IV Botafogo,Botafogo,5.725531914893618,4.7165048543689325,-1.0090270605246854
2011,2015,Área de Planejamento 2,IV Botafogo,Humaitá,6.6,3.9,-2.6999999999999997
2011,2015,Área de Planejamento 2,IV Botafogo,Laranjeiras,6.022641509433962,4.1,-1.9226415094339622
2011,2015,Área de Planejamento 2,IV Botafogo,Urca,6.70709219858156,5.267021276595745,-1.4400709219858152
2011,2015,Área de Planejamento 2,V Copacabana,Copacabana,6.495394736842105,4.472093023255813,-2.0233017135862914
2011,2015,Área de Planejamento 2,V Copacabana,Leme,4.9,4.2,-0.7000000000000002
2011,2015,Área de Planejamento 2,VI Lagoa,Gávea,4.765193370165746,4.595013850415512,-0.17017951975023404
2011,2015,Área de Planejamento 2,VI Lagoa,Ipanema,5.0888888888888895,4.552657004830918,-0.5362318840579716
2011,2015,Área de Planejamento 2,VI Lagoa,Jardim Botânico,5.799999999999999,3.6,-2.199999999999999
2011,2015,Área de Planejamento 2,VI Lagoa,Leblon,6.529927007299269,4.6,-1.929927007299269
2011,2015,Área de Planejamento 2,VI Lagoa,Vidigal,5.282222222222222,4.7,-0.5822222222222218
2011,2015,Área de Planejamento 2,VIII Tijuca,Alto da Boa Vista,5.506341463414634,4.105147058823529,-1.401194404591105
2011,2015,Área de Planejamento 2,VIII Tijuca,Praça da Bandeira,5.28,2.8,-2.4800000000000004
2011,2015,Área de Planejamento 2,VIII Tijuca,Tijuca,5.535387045813586,4.459041394335512,-1.076345651478074
2011,2015,Área de Planejamento 2,IX Vila Isabel,Andaraí,5.713636363636363,4.378688524590164,-1.3349478390461993
2011,2015,Área de Planejamento 2,IX Vila Isabel,Grajaú,5.377173913043478,4.7593984962406015,-0.6177754168028766
2011,2015,Área de Planejamento 2,IX Vila Isabel,Vila Isabel,5.336893203883495,4.3671342685370735,-0.9697589353464213
2011,2015,Área de Planejamento 3,X Ramos,Bonsucesso,5.338362068965517,4.919678714859438,-0.41868335410607926
2011,2015,Área de Planejamento 3,X Ramos,Manguinhos,4.449066666666667,2.7,-1.7490666666666668
2011,2015,Área de Planejamento 3,X Ramos,Olaria,5.446839080459771,4.482560296846011,-0.9642787836137598
2011,2015,Área de Planejamento 3,X Ramos,Ramos,5.326039387308534,3.999753694581281,-1.3262856927272533
2011,2015,Área de Planejamento 3,XXX Maré,Maré,4.773999999999999,3.840074906367041,-0.9339250936329582
2011,2015,Área de Planejamento 3,XIII Méier,Água Santa,5.6,4.4,-1.1999999999999993
2011,2015,Área de Planejamento 3,XIII Méier,Cachambi,5.9477157360406085,4.377483443708609,-1.5702322923319993
2011,2015,Área de Planejamento 3,XIII Méier,Encantado,6.6,4.3,-2.3
2011,2015,Área de Planejamento 3,XIII Méier,Engenho de Dentro,5.750958904109589,4.561509433962264,-1.1894494701473244
2011,2015,Área de Planejamento 3,XIII Méier,Jacaré,5.220909090909091,5.8,0.5790909090909091
2011,2015,Área de Planejamento 3,XIII Méier,Lins de Vasconcelos,4.917721518987341,3.987301587301587,-0.9304199316857544
2011,2015,Área de Planejamento 3,XIII Méier,Méier,5.438629283489097,5.024349881796691,-0.41427940169240607
2011,2015,Área de Planejamento 3,XIII Méier,Piedade,5.677407407407408,4.932919254658385,-0.7444881527490228
2011,2015,Área de Planejamento 3,XIII Méier,Pilares,5.953968253968254,4.0,-1.9539682539682541
2011,2015,Área de Planejamento 3,XIII Méier,Riachuelo,5.289677419354838,3.5,-1.7896774193548382
2011,2015,Área de Planejamento 3,XIII Méier,Rocha,5.618939393939394,4.1,-1.5189393939393945
2011,2015,Área de Planejamento 3,XIII Méier,Todos os Santos,6.6,4.4,-2.1999999999999993
2011,2015,Área de Planejamento 3,XIV Irajá,Colégio,5.6009740259740255,3.966666666666667,-1.6343073593073587
2011,2015,Área de Planejamento 3,XIV Irajá,Irajá,5.513590604026846,4.522567703109328,-0.9910229009175184
2011,2015,Área de Planejamento 3,XIV Irajá,Vila Kosmos,5.452840909090909,4.387096774193548,-1.0657441348973613
2011,2015,Área de Planejamento 3,XIV Irajá,Vista Alegre,5.9,5.7,-0.20000000000000018
2011,2015,Área de Planejamento 3,XV Madureira,Bento Ribeiro,5.141791044776119,4.51,-0.6317910447761195
2011,2015,Área de Planejamento 3,XV Madureira,Cascadura,5.70985401459854,4.665671641791045,-1.0441823728074953
2011,2015,Área de Planejamento 3,XV Madureira,Cavalcanti,5.40748299319728,4.351933701657459,-1.0555492915398208
2011,2015,Área de Planejamento 3,XV Madureira,Honório Gurgel,5.043169398907104,4.689729729729729,-0.3534396691773747
2011,2015,Área de Planejamento 3,XV Madureira,Madureira,5.248669201520912,4.3052631578947365,-0.943406043626176
2011,2015,Área de Planejamento 3,XV Madureira,Marechal Hermes,5.373913043478261,4.294814814814814,-1.0790982286634465
2011,2015,Área de Planejamento 3,XV Madureira,Oswaldo Cruz,5.177456647398843,4.3504,-0.8270566473988437
2011,2015,Área de Planejamento 3,XV Madureira,Quintino Bocaiúva,5.7448621553884704,4.855163727959697,-0.8896984274287734
2011,2015,Área de Planejamento 3,XV Madureira,Rocha Miranda,5.373058637083994,5.09437037037037,-0.27868826671362346
2011,2015,Área de Planejamento 3,XV Madureira,Turiaçu,5.029126213592233,4.9,-0.12912621359223309
2011,2015,Área de Planejamento 3,XV Madureira,Vaz Lobo,4.8,4.0,-0.7999999999999998
2011,2015,Área de Planejamento 3,XII Inhaúma,Del Castilho,5.475641025641026,4.2,-1.2756410256410255
2011,2015,Área de Planejamento 3,XII Inhaúma,Engenho da Rainha,5.145525291828794,3.9,-1.2455252918287942
2011,2015,Área de Planejamento 3,XII Inhaúma,Higienópolis,4.788111888111888,3.816173570019724,-0.9719383180921639
2011,2015,Área de Planejamento 3,XII Inhaúma,Inhaúma,5.428686327077748,4.270608108108108,-1.1580782189696395
2011,2015,Área de Planejamento 3,XII Inhaúma,Maria da Graça,4.7,3.2,-1.5
2011,2015,Área de Planejamento 3,XI Penha,Brás de Pina,5.743902439024391,5.150738916256157,-0.5931635227682346
2011,2015,Área de Planejamento 3,XI Penha,Penha,5.138387978142076,3.9429193899782136,-1.195468588163862
2011,2015,Área de Planejamento 3,XI Penha,Penha Circular,5.695101351351352,4.47463556851312,-1.2204657828382315
2011,2015,Área de Planejamento 3,XXXI Vigário Geral,Cordovil,5.467237687366167,3.961064425770308,-1.5061732615958596
2011,2015,Área de Planejamento 3,XXXI Vigário Geral,Jardim América,5.524885844748859,4.054918032786885,-1.4699678119619737
2011,2015,Área de Planejamento 3,XXXI Vigário Geral,Vigário Geral,4.737136929460581,3.723287671232877,-1.013849258227704
2011,2015,Área de Planejamento 3,XXII Anchieta,Anchieta,4.745454545454545,3.6,-1.145454545454545
2011,2015,Área de Planejamento 3,XXII Anchieta,Guadalupe,5.6939935064935066,4.531548757170172,-1.1624447493233347
2011,2015,Área de Planejamento 3,XXII Anchieta,Parque Anchieta,6.160893854748603,4.14953095684803,-2.0113628979005735
2011,2015,Área de Planejamento 3,XXII Anchieta,Ricardo de Albuquerque,5.5,5.9,0.40000000000000036
2011,2015,Área de Planejamento 3,XXV Pavuna,Coelho Neto,4.817084639498433,4.131428571428572,-0.6856560680698616
2011,2015,Área de Planejamento 3,XXV Pavuna,Costa Barros,5.531455399061033,3.6,-1.9314553990610333
2011,2015,Área de Planejamento 3,XXV Pavuna,Parque Columbia,5.2,4.7,-0.5
2011,2015,Área de Planejamento 3,XXV Pavuna,Pavuna,5.613639679066375,4.00240837696335,-1.6112313021030245
2011,2015,Área de Planejamento 3,XX Ilha do Governador,Bancários,4.9857894736842105,4.1,-0.8857894736842109
2011,2015,Área de Planejamento 3,XX Ilha do Governador,Cidade Universitária,5.3,4.8,-0.5
2011,2015,Área de Planejamento 3,XX Ilha do Governador,Freguesia (Ilha do Governador),4.6,4.4,-0.1999999999999993
2011,2015,Área de Planejamento 3,XX Ilha do Governador,Galeão,5.325,3.2,-2.125
2011,2015,Área de Planejamento 3,XX Ilha do Governador,Jardim Guanabara,6.167469879518072,5.247643979057592,-0.9198259004604799
2011,2015,Área de Planejamento 3,XX Ilha do Governador,Moneró,6.005940594059406,5.029473684210527,-0.9764669098488792
2011,2015,Área de Planejamento 3,XX Ilha do Governador,Portuguesa,5.5774509803921575,4.0285714285714285,-1.548879551820729
2011,2015,Área de Planejamento 3,XX Ilha do Governador,Praia da Bandeira,4.9,4.0,-0.9000000000000004
2011,2015,Área de Planejamento 3,XX Ilha do Governador,Zumbi,5.8,4.6,-1.2000000000000002
2011,2015,Área de Planejamento 4,XVI Jacarepaguá,Anil,5.6141148325358845,4.25,-1.3641148325358845
2011,2015,Área de Planejamento 4,XVI Jacarepaguá,Curicica,5.557986111111111,4.0,-1.557986111111111
2011,2015,Área de Planejamento 4,XVI Jacarepaguá,Freguesia (Jacarepaguá),5.278097345132744,4.614218009478674,-0.6638793356540704
2011,2015,Área de Planejamento 4,XVI Jacarepaguá,Jacarepaguá,5.394785059901339,4.457344632768361,-0.9374404271329775
2011,2015,Área de Planejamento 4,XVI Jacarepaguá,Pechincha,5.678378378378379,3.684722222222222,-1.993656156156157
2011,2015,Área de Planejamento 4,XVI Jacarepaguá,Praça Seca,5.239244663382594,3.723272727272728,-1.5159719361098665
2011,2015,Área de Planejamento 4,XVI Jacarepaguá,Tanque,5.514685314685315,4.753561253561253,-0.761124061124062
2011,2015,Área de Planejamento 4,XVI Jacarepaguá,Taquara,5.687029702970297,4.261545215100965,-1.4254844878693316
2011,2015,Área de Planejamento 4,XVI Jacarepaguá,Vila Valqueire,5.924081632653062,4.1,-1.824081632653062
2011,2015,Área de Planejamento 4,XXXIII Cidade de Deus,Cidade de Deus,4.750921658986175,3.703484320557492,-1.0474373384286828
2011,2015,Área de Planejamento 4,XXIV Barra da Tijuca,Barra da Tijuca,5.66567992599445,4.475663311985361,-1.1900166140090889
2011,2015,Área de Planejamento 4,XXIV Barra da Tijuca,Recreio dos Bandeirantes,5.611926605504587,4.4,-1.211926605504587
2011,2015,Área de Planejamento 4,XXIV Barra da Tijuca,Vargem Grande,5.818181818181818,4.6866666666666665,-1.1315151515151518
2011,2015,Área de Planejamento 5,XVII Bangu,Bangu,5.308212341197822,4.274505395683454,-1.0337069455143686
2011,2015,Área de Planejamento 5,XVII Bangu,Padre Miguel,5.708771929824562,4.520491803278689,-1.1882801265458731
2011,2015,Área de Planejamento 5,XVII Bangu,Senador Camará,5.16401098901099,4.115850144092219,-1.0481608449187707
2011,2015,Área de Planejamento 5,XVII Bangu,Vila Kennedy,5.074685314685314,3.750299401197605,-1.324385913487709
2011,2015,Área de Planejamento 5,XVII Bangu,Jabour,5.179347826086956,3.8,-1.3793478260869563
2011,2015,Área de Planejamento 5,XXXII Realengo,Campo dos Afonsos,5.874528301886793,4.4,-1.4745283018867923
2011,2015,Área de Planejamento 5,XXXII Realengo,Deodoro,5.642763157894737,4.3,-1.342763157894737
2011,2015,Área de Planejamento 5,XXXII Realengo,Jardim Sulacap,6.0,3.9,-2.1
2011,2015,Área de Planejamento 5,XXXII Realengo,Magalhães Bastos,5.6789772727272725,4.441791044776119,-1.2371862279511534
2011,2015,Área de Planejamento 5,XXXII Realengo,Realengo,5.460545764638999,4.448459616985845,-1.0120861476531537
2011,2015,Área de Planejamento 5,XXXII Realengo,Vila Militar,5.1,4.3,-0.7999999999999998
2011,2015,Área de Planejamento 5,XVIII Campo Grande,Campo Grande,5.662493120528344,4.4005703914959815,-1.2619227290323627
2011,2015,Área de Planejamento 5,XVIII Campo Grande,Cosmos,5.453402646502836,4.273958333333334,-1.179444313169502
2011,2015,Área de Planejamento 5,XVIII Campo Grande,Inhoaíba,5.3581274382314685,4.2297551789077215,-1.128372259323747
2011,2015,Área de Planejamento 5,XVIII Campo Grande,Santíssimo,5.553549695740364,4.3,-1.2535496957403645
2011,2015,Área de Planejamento 5,XVIII Campo Grande,Senador Vasconcelos,5.88969465648855,4.8,-1.0896946564885504
2011,2015,Área de Planejamento 5,XIX Santa Cruz,Paciência,5.334458598726115,4.313565604151224,-1.0208929945748908
2011,2015,Área de Planejamento 5,XIX Santa Cruz,Santa Cruz,5.238477069512547,4.189201124046567,-1.04927594546598
2011,2015,Área de Planejamento 5,XIX Santa Cruz,Sepetiba,5.212591050988554,3.5,-1.7125910509885536
2011,2015,Área de Planejamento 5,XXVI Guaratiba,Guaratiba,5.26089841755998,4.404778887303852,-0.8561195302561275
2011,2015,Área de Planejamento 5,XXVI Guaratiba,Pedra de Guaratiba,5.165671641791045,4.144479495268139,-1.021192146522906
2013,2017,Área de Planejamento 1,I Portuária,Caju,4.456597222222222,5.094285714285714,0.637688492063492
2013,2017,Área de Planejamento 1,I Portuária,Santo Cristo,5.166875,4.8,-0.3668750000000003
2013,2017,Área de Planejamento 1,II Centro,Centro,5.1626666666666665,4.974033149171271,-0.18863351749539525
2013,2017,Área de Planejamento 1,III Rio Comprido,Catumbi,4.4,4.3,-0.10000000000000053
2013,2017,Área de Planejamento 1,III Rio Comprido,Rio Comprido,4.913483146067416,5.07620320855615,0.1627200624887335
2013,2017,Área de Planejamento 1,VII São Cristóvão,Benfica,4.718448637316562,4.226829268292683,-0.49161936902387904
2013,2017,Área de Planejamento 1,VII São Cristóvão,Imperial de São Cristóvão,5.681226053639847,5.363709677419355,-0.31751637622049156
2013,2017,Área de Planejamento 1,XXIII Santa Teresa,Santa Teresa,5.916438356164384,5.2339712918660295,-0.6824670642983541
2013,2017,Área de Planejamento 2,IV Botafogo,Botafogo,5.688028169014085,4.822857142857143,-0.8651710261569416
2013,2017,Área de Planejamento 2,IV Botafogo,Laranjeiras,5.948953974895398,5.5,-0.4489539748953977
2013,2017,Área de Planejamento 2,IV Botafogo,Urca,6.45,6.233557046979866,-0.2164429530201346
2013,2017,Área de Planejamento 2,V Copacabana,Copacabana,6.490769230769231,5.055555555555555,-1.4352136752136753
2013,2017,Área de Planejamento 2,V Copacabana,Leme,4.7,4.3,-0.40000000000000036
2013,2017,Área de Planejamento 2,VI Lagoa,Gávea,5.462171052631579,5.107756232686981,-0.3544148199445978
2013,2017,Área de Planejamento 2,VI Lagoa,Ipanema,4.735099337748345,4.3,-0.43509933774834497
2013,2017,Área de Planejamento 2,VIII Tijuca,Alto da Boa Vista,5.749557522123895,3.921167883211679,-1.8283896389122156
2013,2017,Área de Planejamento 2,VIII Tijuca,Praça da Bandeira,5.131858407079646,4.6,-0.5318584070796462
2013,2017,Área de Planejamento 2,VIII Tijuca,Tijuca,5.272364672364673,4.720833333333333,-0.5515313390313397
2013,2017,Área de Planejamento 2,IX Vila Isabel,Andaraí,5.453252032520325,5.041052631578947,-0.4121994009413781
2013,2017,Área de Planejamento 2,IX Vila Isabel,Grajaú,5.090365448504984,5.387417218543046,0.2970517700380624
2013,2017,Área de Planejamento 2,IX Vila Isabel,Vila Isabel,5.047139588100686,5.029718875502009,-0.01742071259867739
2013,2017,Área de Planejamento 3,X Ramos,Bonsucesso,5.57554347826087,4.967567567567567,-0.6079759106933027
2013,2017,Área de Planejamento 3,X Ramos,Olaria,5.308333333333334,4.7405405405405405,-0.567792792792793
2013,2017,Área de Planejamento 3,X Ramos,Ramos,5.210505836575876,4.503506097560976,-0.7069997390148997
2013,2017,Área de Planejamento 3,XXX Maré,Maré,4.373396674584322,3.474114441416894,-0.8992822331674284
2013,2017,Área de Planejamento 3,XIII Méier,Água Santa,5.9,4.5,-1.4000000000000004
2013,2017,Área de Planejamento 3,XIII Méier,Cachambi,6.054545454545456,4.943181818181818,-1.1113636363636372
2013,2017,Área de Planejamento 3,XIII Méier,Encantado,6.8,4.4,-2.3999999999999995
2013,2017,Área de Planejamento 3,XIII Méier,Engenho de Dentro,5.741297935103245,5.174460431654676,-0.5668375034485686
2013,2017,Área de Planejamento 3,XIII Méier,Jacaré,5.448128342245989,5.4,-0.04812834224598905
2013,2017,Área de Planejamento 3,XIII Méier,Lins de Vasconcelos,4.738383838383839,4.0,-0.7383838383838386
2013,2017,Área de Planejamento 3,XIII Méier,Méier,5.069950738916257,5.418181818181818,0.3482310792655614
2013,2017,Área de Planejamento 3,XIII Méier,Piedade,6.219138755980862,4.353548387096775,-1.865590368884087
2013,2017,Área de Planejamento 3,XIII Méier,Pilares,5.857142857142857,5.053926701570681,-0.8032161555721755
2013,2017,Área de Planejamento 3,XIII Méier,Rocha,5.229931972789116,4.1,-1.129931972789116
2013,2017,Área de Planejamento 3,XIII Méier,Todos os Santos,5.7,4.8,-0.9000000000000004
2013,2017,Área de Planejamento 3,XIV Irajá,Colégio,5.427810650887574,4.656976744186046,-0.7708339067015277
2013,2017,Área de Planejamento 3,XIV Irajá,Irajá,5.436387434554974,4.733333333333333,-0.7030541012216407
2013,2017,Área de Planejamento 3,XIV Irajá,Vila Kosmos,5.2627450980392165,4.134463276836158,-1.1282818212030588
2013,2017,Área de Planejamento 3,XIV Irajá,Vista Alegre,6.1,5.4,-0.6999999999999993
2013,2017,Área de Planejamento 3,XV Madureira,Bento Ribeiro,5.470588235294118,4.7,-0.7705882352941176
2013,2017,Área de Planejamento 3,XV Madureira,Cascadura,5.079061371841156,4.4750000000000005,-0.6040613718411558
2013,2017,Área de Planejamento 3,XV Madureira,Cavalcanti,5.564144736842105,4.841477272727272,-0.7226674641148332
2013,2017,Área de Planejamento 3,XV Madureira,Honório Gurgel,5.0814814814814815,4.720481927710843,-0.36099955377063875
2013,2017,Área de Planejamento 3,XV Madureira,Madureira,4.881935483870968,5.3,0.41806451612903217
2013,2017,Área de Planejamento 3,XV Madureira,Marechal Hermes,5.876237623762377,4.701159420289855,-1.1750782034725216
2013,2017,Área de Planejamento 3,XV Madureira,Oswaldo Cruz,5.182838283828384,4.60246913580247,-0.5803691480259143
2013,2017,Área de Planejamento 3,XV Madureira,Quintino Bocaiúva,5.650485436893204,4.632041343669251,-1.0184440932239527
2013,2017,Área de Planejamento 3,XV Madureira,Rocha Miranda,5.227272727272728,5.209596662030598,-0.017676065242130612
2013,2017,Área de Planejamento 3,XV Madureira,Turiaçu,5.728682170542636,4.7,-1.0286821705426359
2013,2017,Área de Planejamento 3,XV Madureira,Vaz Lobo,4.8,4.9,0.10000000000000053
2013,2017,Área de Planejamento 3,XII Inhaúma,Del Castilho,4.802985074626866,3.8,-1.0029850746268663
2013,2017,Área de Planejamento 3,XII Inhaúma,Engenho da Rainha,5.00324074074074,4.7,-0.3032407407407396
2013,2017,Área de Planejamento 3,XII Inhaúma,Higienópolis,4.761230769230769,4.261087866108786,-0.5001429031219828
2013,2017,Área de Planejamento 3,XII Inhaúma,Inhaúma,5.487589498806682,5.163969171483621,-0.3236203273230611
2013,2017,Área de Planejamento 3,XII Inhaúma,Maria da Graça,4.3,3.6,-0.6999999999999997
2013,2017,Área de Planejamento 3,XI Penha,Brás de Pina,5.331372549019608,5.4429378531073445,0.11156530408773602
2013,2017,Área de Planejamento 3,XI Penha,Penha,4.93076923076923,4.579999999999999,-0.35076923076923094
2013,2017,Área de Planejamento 3,XI Penha,Penha Circular,5.6082,4.73727959697733,-0.8709204030226703
2013,2017,Área de Planejamento 3,XXXI Vigário Geral,Cordovil,5.026133909287257,4.202135231316726,-0.8239986779705308
2013,2017,Área de Planejamento 3,XXXI Vigário Geral,Jardim América,5.129314420803782,4.320481927710843,-0.8088324930929387
2013,2017,Área de Planejamento 3,XXXI Vigário Geral,Vigário Geral,4.134126984126984,4.2566037735849065,0.12247678945792284
2013,2017,Área de Planejamento 3,XXII Anchieta,Guadalupe,5.400598802395209,4.421063394683027,-0.9795354077121825
2013,2017,Área de Planejamento 3,XXII Anchieta,Parque Anchieta,5.938927335640138,4.6,-1.3389273356401388
2013,2017,Área de Planejamento 3,XXII Anchieta,Ricardo de Albuquerque,5.2,5.6,0.39999999999999947
2013,2017,Área de Planejamento 3,XXV Pavuna,Coelho Neto,4.520105820105821,4.5,-0.020105820105820627
2013,2017,Área de Planejamento 3,XXV Pavuna,Costa Barros,4.160256410256411,4.2,0.0397435897435896
2013,2017,Área de Planejamento 3,XXV Pavuna,Parque Columbia,5.0,4.7,-0.2999999999999998
2013,2017,Área de Planejamento 3,XXV Pavuna,Pavuna,5.306037473976406,4.133606557377049,-1.1724309165993567
2013,2017,Área de Planejamento 3,XX Ilha do Governador,Bancários,4.5036496350364965,4.35398773006135,-0.14966190497514642
2013,2017,Área de Planejamento 3,XX Ilha do Governador,Cacuia,5.2,6.0,0.7999999999999998
2013,2017,Área de Planejamento 3,XX Ilha do Governador,Cidade Universitária,5.1,4.7,-0.39999999999999947
2013,2017,Área de Planejamento 3,XX Ilha do Governador,Freguesia (Ilha do Governador),4.0,4.3,0.2999999999999998
2013,2017,Área de Planejamento 3,XX Ilha do Governador,Jardim Guanabara,6.643661971830985,5.5,-1.1436619718309853
2013,2017,Área de Planejamento 3,XX Ilha do Governador,Moneró,5.788764044943821,4.755288461538462,-1.0334755834053588
2013,2017,Área de Planejamento 3,XX Ilha do Governador,Portuguesa,4.438888888888888,4.55137614678899,0.11248725790010194
2013,2017,Área de Planejamento 3,XX Ilha do Governador,Praia da Bandeira,5.9,3.9,-2.0000000000000004
2013,2017,Área de Planejamento 3,XX Ilha do Governador,Zumbi,5.9,4.7,-1.2000000000000002
2013,2017,Área de Planejamento 4,XVI Jacarepaguá,Anil,5.450773195876289,4.9,-0.5507731958762889
2013,2017,Área de Planejamento 4,XVI Jacarepaguá,Curicica,5.3603206412825655,4.9,-0.4603206412825651
2013,2017,Área de Planejamento 4,XVI Jacarepaguá,Freguesia (Jacarepaguá),5.698239436619718,4.780678851174935,-0.9175605854447832
2013,2017,Área de Planejamento 4,XVI Jacarepaguá,Jacarepaguá,5.675222816399288,4.83328947368421,-0.8419333427150786
2013,2017,Área de Planejamento 4,XVI Jacarepaguá,Pechincha,3.338235294117647,4.7,1.361764705882353
2013,2017,Área de Planejamento 4,XVI Jacarepaguá,Praça Seca,5.095320623916811,3.957926829268292,-1.1373937946485189
2013,2017,Área de Planejamento 4,XVI Jacarepaguá,Tanque,5.524742268041238,4.961347517730496,-0.5633947503107422
2013,2017,Área de Planejamento 4,XVI Jacarepaguá,Taquara,5.635502392344497,4.784086242299795,-0.8514161500447024
2013,2017,Área de Planejamento 4,XVI Jacarepaguá,Vila Valqueire,5.3203980099502495,5.1,-0.22039800995024983
2013,2017,Área de Planejamento 4,XXXIII Cidade de Deus,Cidade de Deus,4.5997171145686,4.1960352422907485,-0.40368187227785146
2013,2017,Área de Planejamento 4,XXIV Barra da Tijuca,Barra da Tijuca,5.830245535714286,5.22274459974587,-0.6075009359684156
2013,2017,Área de Planejamento 4,XXIV Barra da Tijuca,Recreio dos Bandeirantes,5.290909090909091,4.7,-0.5909090909090908
2013,2017,Área de Planejamento 4,XXIV Barra da Tijuca,Vargem Grande,5.8,4.703643724696356,-1.096356275303644
2013,2017,Área de Planejamento 5,XVII Bangu,Bangu,5.383494698017521,4.616699029126213,-0.7667956688913078
2013,2017,Área de Planejamento 5,XVII Bangu,Padre Miguel,5.714128440366972,4.431448763250883,-1.2826796771160884
2013,2017,Área de Planejamento 5,XVII Bangu,Senador Camará,5.228953974895398,4.391379310344828,-0.8375746645505702
2013,2017,Área de Planejamento 5,XVII Bangu,Vila Kennedy,5.191237113402061,4.092207792207793,-1.0990293211942683
2013,2017,Área de Planejamento 5,XVII Bangu,Jabour,4.758823529411765,3.7000000000000006,-1.058823529411764
2013,2017,Área de Planejamento 5,XXXII Realengo,Campo dos Afonsos,5.412903225806452,4.5,-0.9129032258064518
2013,2017,Área de Planejamento 5,XXXII Realengo,Deodoro,5.683766233766233,4.9,-0.783766233766233
2013,2017,Área de Planejamento 5,XXXII Realengo,Jardim Sulacap,5.599999999999999,5.8,0.20000000000000107
2013,2017,Área de Planejamento 5,XXXII Realengo,Magalhães Bastos,5.496794871794871,5.3,-0.19679487179487154
2013,2017,Área de Planejamento 5,XXXII Realengo,Realengo,5.14009324009324,4.67833827893175,-0.46175496116148995
2013,2017,Área de Planejamento 5,XXXII Realengo,Vila Militar,5.1,5.0,-0.09999999999999964
2013,2017,Área de Planejamento 5,XVIII Campo Grande,Campo Grande,5.673055082339578,4.662060730126237,-1.0109943522133404
2013,2017,Área de Planejamento 5,XVIII Campo Grande,Cosmos,5.233594515181194,4.510394736842105,-0.7231997783390884
2013,2017,Área de Planejamento 5,XVIII Campo Grande,Inhoaíba,5.646229050279329,4.633333333333334,-1.0128957169459953
2013,2017,Área de Planejamento 5,XVIII Campo Grande,Santíssimo,5.030360934182591,4.568844221105528,-0.46151671307706277
2013,2017,Área de Planejamento 5,XVIII Campo Grande,Senador Vasconcelos,5.825263157894738,4.7,-1.1252631578947376
2013,2017,Área de Planejamento 5,XIX Santa Cruz,Paciência,5.211933007676204,4.573939393939394,-0.6379936137368096
2013,2017,Área de Planejamento 5,XIX Santa Cruz,Santa Cruz,5.370419906687403,4.279027832222659,-1.0913920744647445
2013,2017,Área de Planejamento 5,XIX Santa Cruz,Sepetiba,4.8939142461964025,4.5,-0.3939142461964025
2013,2017,Área de Planejamento 5,XXVI Guaratiba,Guaratiba,5.046859296482412,4.64274322169059,-0.40411607479182265
2013,2017,Área de Planejamento 5,XXVI Guaratiba,Pedra de Guaratiba,5.543712574850299,4.3421875,-1.2015250748502995
2015,2019,Área de Planejamento 1,I Portuária,Caju,5.110322580645161,5.581904761904761,0.47158218125959994
2015,2019,Área de Planejamento 1,II Centro,Centro,5.427461139896373,5.091891891891892,-0.3355692480044805
2015,2019,Área de Planejamento 1,III Rio Comprido,Catumbi,4.5,4.8,0.2999999999999998
2015,2019,Área de Planejamento 1,III Rio Comprido,Rio Comprido,4.967073170731708,5.231313131313131,0.2642399605814232
2015,2019,Área de Planejamento 1,VII São Cristóvão,Benfica,4.972602739726027,4.451063829787234,-0.5215389099387933
2015,2019,Área de Planejamento 1,VII São Cristóvão,Imperial de São Cristóvão,5.7062893081761015,5.6427312775330405,-0.06355803064306098
2015,2019,Área de Planejamento 1,XXI  Paquetá,Paquetá,6.4,5.9,-0.5
2015,2019,Área de Planejamento 1,XXIII Santa Teresa,Santa Teresa,5.800000000000001,5.323664122137404,-0.47633587786259657
2015,2019,Área de Planejamento 2,IV Botafogo,Botafogo,5.5,5.151700680272109,-0.3482993197278912
2015,2019,Área de Planejamento 2,IV Botafogo,Humaitá,5.7,4.2,-1.5
2015,2019,Área de Planejamento 2,IV Botafogo,Laranjeiras,5.845454545454546,4.9,-0.9454545454545453
2015,2019,Área de Planejamento 2,IV Botafogo,Urca,6.674418604651163,6.0,-0.6744186046511631
2015,2019,Área de Planejamento 2,V Copacabana,Copacabana,6.422489959839358,5.492857142857142,-0.9296328169822159
2015,2019,Área de Planejamento 2,VI Lagoa,Gávea,6.0,5.61628787878788,-0.3837121212121204
2015,2019,Área de Planejamento 2,VI Lagoa,Ipanema,5.448125,5.2,-0.24812499999999993
2015,2019,Área de Planejamento 2,VI Lagoa,Leblon,6.249802371541502,4.9,-1.349802371541502
2015,2019,Área de Planejamento 2,VI Lagoa,Vidigal,4.986746987951807,4.6,-0.38674698795180706
2015,2019,Área de Planejamento 2,VIII Tijuca,Alto da Boa Vista,5.597435897435897,4.244791666666667,-1.3526442307692301
2015,2019,Área de Planejamento 2,VIII Tijuca,Praça da Bandeira,5.5858823529411765,5.0,-0.5858823529411765
2015,2019,Área de Planejamento 2,VIII Tijuca,Tijuca,5.842629482071712,5.138548752834467,-0.7040807292372451
2015,2019,Área de Planejamento 2,IX Vila Isabel,Andaraí,5.701129943502826,5.8,0.09887005649717384
2015,2019,Área de Planejamento 2,IX Vila Isabel,Grajaú,5.795,5.00948275862069,-0.7855172413793099
2015,2019,Área de Planejamento 2,IX Vila Isabel,Vila Isabel,5.097247706422018,5.17835294117647,0.0811052347544523
2015,2019,Área de Planejamento 3,X Ramos,Bonsucesso,6.063043478260869,5.626984126984127,-0.4360593512767412
2015,2019,Área de Planejamento 3,X Ramos,Olaria,5.941078066914499,4.923255813953488,-1.017822252961011
2015,2019,Área de Planejamento 3,X Ramos,Ramos,5.591203703703704,4.608548707753479,-0.9826549959502255
2015,2019,Área de Planejamento 3,XXX Maré,Maré,5.05012701100762,4.348,-0.7021270110076205
2015,2019,Área de Planejamento 3,XIII Méier,Cachambi,6.164705882352941,5.299999999999999,-0.8647058823529417
2015,2019,Área de Planejamento 3,XIII Méier,Encantado,7.200000000000001,4.7,-2.500000000000001
2015,2019,Área de Planejamento 3,XIII Méier,Engenho de Dentro,5.933242506811989,5.5169312169312175,-0.41631128988077126
2015,2019,Área de Planejamento 3,XIII Méier,Jacaré,5.319018404907975,5.1,-0.21901840490797575
2015,2019,Área de Planejamento 3,XIII Méier,Lins de Vasconcelos,4.821212121212121,4.9,0.07878787878787907
2015,2019,Área de Planejamento 3,XIII Méier,Méier,5.793333333333333,5.202612826603326,-0.5907205067300074
2015,2019,Área de Planejamento 3,XIII Méier,Piedade,5.779264214046822,5.6,-0.1792642140468219
2015,2019,Área de Planejamento 3,XIII Méier,Rocha,5.280526315789474,4.9,-0.3805263157894734
2015,2019,Área de Planejamento 3,XIII Méier,Todos os Santos,5.6,5.2,-0.39999999999999947
2015,2019,Área de Planejamento 3,XIV Irajá,Colégio,5.885603112840466,4.4,-1.4856031128404652
2015,2019,Área de Planejamento 3,XIV Irajá,Irajá,5.879874213836478,5.142693773824651,-0.7371804400118274
2015,2019,Área de Planejamento 3,XIV Irajá,Vila Kosmos,5.819685039370079,4.726530612244898,-1.0931544271251816
2015,2019,Área de Planejamento 3,XIV Irajá,Vista Alegre,5.2,5.5,0.2999999999999998
2015,2019,Área de Planejamento 3,XV Madureira,Cascadura,5.672368421052631,4.905555555555556,-0.7668128654970747
2015,2019,Área de Planejamento 3,XV Madureira,Cavalcanti,5.91015037593985,4.779651162790698,-1.130499213149152
2015,2019,Área de Planejamento 3,XV Madureira,Honório Gurgel,5.13828125,4.68470588235294,-0.4535753676470602
2015,2019,Área de Planejamento 3,XV Madureira,Madureira,5.170848708487085,4.249404761904763,-0.9214439465823228
2015,2019,Área de Planejamento 3,XV Madureira,Marechal Hermes,5.905945945945946,4.753233830845772,-1.152712115100174
2015,2019,Área de Planejamento 3,XV Madureira,Oswaldo Cruz,5.830379746835443,5.109128630705394,-0.7212511161300492
2015,2019,Área de Planejamento 3,XV Madureira,Quintino Bocaiúva,5.574406332453825,5.235114503816795,-0.33929182863703033
2015,2019,Área de Planejamento 3,XV Madureira,Rocha Miranda,5.759318637274549,5.246382189239332,-0.5129364480352168
2015,2019,Área de Planejamento 3,XV Madureira,Turiaçu,5.214754098360656,4.3,-0.9147540983606559
2015,2019,Área de Planejamento 3,XV Madureira,Vaz Lobo,4.6,4.6,0.0
2015,2019,Área de Planejamento 3,XII Inhaúma,Del Castilho,5.6,4.6,-1.0
2015,2019,Área de Planejamento 3,XII Inhaúma,Engenho da Rainha,5.047311827956989,4.03939393939394,-1.0079178885630489
2015,2019,Área de Planejamento 3,XII Inhaúma,Higienópolis,5.042857142857143,4.646960167714885,-0.3958969751422581
2015,2019,Área de Planejamento 3,XII Inhaúma,Inhaúma,5.628079911209767,4.803191489361702,-0.8248884218480645
2015,2019,Área de Planejamento 3,XII Inhaúma,Maria da Graça,4.3,4.0,-0.2999999999999998
2015,2019,Área de Planejamento 3,XI Penha,Brás de Pina,5.473,5.611409395973155,0.13840939597315494
2015,2019,Área de Planejamento 3,XI Penha,Penha,5.420857142857142,4.98019801980198,-0.44065912305516175
2015,2019,Área de Planejamento 3,XI Penha,Penha Circular,5.733506493506494,4.747089947089948,-0.986416546416546
2015,2019,Área de Planejamento 3,XXXI Vigário Geral,Cordovil,5.485542168674699,4.696132596685083,-0.7894095719896157
2015,2019,Área de Planejamento 3,XXXI Vigário Geral,Jardim América,5.735215946843854,4.4,-1.3352159468438538
2015,2019,Área de Planejamento 3,XXXI Vigário Geral,Vigário Geral,5.035555555555556,4.504054054054054,-0.5315015015015021
2015,2019,Área de Planejamento 3,XXII Anchieta,Anchieta,4.854716981132075,4.3,-0.5547169811320751
2015,2019,Área de Planejamento 3,XXII Anchieta,Guadalupe,5.546210720887245,4.888636363636363,-0.6575743572508825
2015,2019,Área de Planejamento 3,XXII Anchieta,Parque Anchieta,5.901197604790419,4.760482374768088,-1.140715230022331
2015,2019,Área de Planejamento 3,XXII Anchieta,Ricardo de Albuquerque,5.5,5.5,0.0
2015,2019,Área de Planejamento 3,XXV Pavuna,Coelho Neto,5.195426195426195,3.992857142857143,-1.2025690525690518
2015,2019,Área de Planejamento 3,XXV Pavuna,Costa Barros,4.715909090909091,5.2,0.48409090909090935
2015,2019,Área de Planejamento 3,XXV Pavuna,Parque Columbia,4.8,4.6,-0.20000000000000018
2015,2019,Área de Planejamento 3,XXV Pavuna,Pavuna,5.505966386554621,4.183988764044944,-1.321977622509677
2015,2019,Área de Planejamento 3,XX Ilha do Governador,Bancários,5.570454545454545,4.776978417266187,-0.7934761281883587
2015,2019,Área de Planejamento 3,XX Ilha do Governador,Cacuia,5.4,6.0,0.5999999999999996
2015,2019,Área de Planejamento 3,XX Ilha do Governador,Cidade Universitária,6.2,5.3,-0.9000000000000004
2015,2019,Área de Planejamento 3,XX Ilha do Governador,Freguesia (Ilha do Governador),4.8,4.6,-0.20000000000000018
2015,2019,Área de Planejamento 3,XX Ilha do Governador,Galeão,6.049785407725322,5.1,-0.9497854077253223
2015,2019,Área de Planejamento 3,XX Ilha do Governador,Jardim Guanabara,6.570666666666667,5.594318181818182,-0.9763484848484847
2015,2019,Área de Planejamento 3,XX Ilha do Governador,Moneró,5.810638297872341,5.260309278350515,-0.5503290195218256
2015,2019,Área de Planejamento 3,XX Ilha do Governador,Portuguesa,4.901652892561983,4.698666666666666,-0.20298622589531679
2015,2019,Área de Planejamento 3,XX Ilha do Governador,Praia da Bandeira,5.4,4.7,-0.7000000000000002
2015,2019,Área de Planejamento 4,XVI Jacarepaguá,Anil,5.343636363636364,5.214776632302406,-0.12885973133395812
2015,2019,Área de Planejamento 4,XVI Jacarepaguá,Curicica,5.6386792452830194,4.849056603773585,-0.7896226415094345
2015,2019,Área de Planejamento 4,XVI Jacarepaguá,Freguesia (Jacarepaguá),5.4,4.705016722408026,-0.694983277591974
2015,2019,Área de Planejamento 4,XVI Jacarepaguá,Jacarepaguá,5.612217194570136,5.0529166666666665,-0.5593005279034697
2015,2019,Área de Planejamento 4,XVI Jacarepaguá,Pechincha,6.0,4.335051546391752,-1.6649484536082477
2015,2019,Área de Planejamento 4,XVI Jacarepaguá,Praça Seca,5.384475806451613,5.025572519083969,-0.3589032873676441
2015,2019,Área de Planejamento 4,XVI Jacarepaguá,Tanque,5.906818181818181,4.8,-1.1068181818181815
2015,2019,Área de Planejamento 4,XVI Jacarepaguá,Taquara,6.019938650306748,4.882976653696498,-1.1369619966102498
2015,2019,Área de Planejamento 4,XVI Jacarepaguá,Vila Valqueire,5.900999999999999,5.3,-0.6009999999999991
2015,2019,Área de Planejamento 4,XXXIII Cidade de Deus,Cidade de Deus,4.759437086092715,3.951724137931034,-0.8077129481616812
2015,2019,Área de Planejamento 4,XXIV Barra da Tijuca,Barra da Tijuca,5.875774647887324,5.694585987261147,-0.18118866062617744
2015,2019,Área de Planejamento 4,XXIV Barra da Tijuca,Recreio dos Bandeirantes,5.5372168284789645,4.7,-0.8372168284789643
2015,2019,Área de Planejamento 4,XXIV Barra da Tijuca,Vargem Grande,5.9,5.15923076923077,-0.7407692307692306
2015,2019,Área de Planejamento 5,XVII Bangu,Bangu,5.403766921718658,4.870484581497797,-0.5332823402208611
2015,2019,Área de Planejamento 5,XVII Bangu,Padre Miguel,5.771225577264653,5.072972972972973,-0.6982526042916799
2015,2019,Área de Planejamento 5,XVII Bangu,Senador Camará,5.4121951219512185,4.5,-0.9121951219512185
2015,2019,Área de Planejamento 5,XVII Bangu,Vila Kennedy,5.343646408839779,4.7,-0.6436464088397784
2015,2019,Área de Planejamento 5,XVII Bangu,Jabour,4.873631840796019,4.7,-0.1736318407960189
2015,2019,Área de Planejamento 5,XXXII Realengo,Campo dos Afonsos,6.293617021276596,5.0,-1.2936170212765958
2015,2019,Área de Planejamento 5,XXXII Realengo,Deodoro,5.886486486486487,4.8,-1.0864864864864874
2015,2019,Área de Planejamento 5,XXXII Realengo,Jardim Sulacap,6.1,4.4,-1.6999999999999993
2015,2019,Área de Planejamento 5,XXXII Realengo,Magalhães Bastos,5.770890410958904,5.027179487179487,-0.7437109237794166
2015,2019,Área de Planejamento 5,XXXII Realengo,Realengo,5.650718390804598,5.03573717948718,-0.614981211317418
2015,2019,Área de Planejamento 5,XXXII Realengo,Vila Militar,5.927868852459016,4.9,-1.027868852459016
2015,2019,Área de Planejamento 5,XVIII Campo Grande,Campo Grande,5.897445913461538,5.013956834532374,-0.8834890789291636
2015,2019,Área de Planejamento 5,XVIII Campo Grande,Cosmos,5.531282051282052,4.727552674230146,-0.8037293770519067
2015,2019,Área de Planejamento 5,XVIII Campo Grande,Inhoaíba,5.456608187134503,4.523101265822785,-0.933506921311718
2015,2019,Área de Planejamento 5,XVIII Campo Grande,Santíssimo,5.812269938650307,4.719565217391304,-1.092704721259003
2015,2019,Área de Planejamento 5,XVIII Campo Grande,Senador Vasconcelos,6.13391304347826,5.1,-1.0339130434782602
2015,2019,Área de Planejamento 5,XIX Santa Cruz,Paciência,5.400382555470544,4.679638439581352,-0.7207441158891914
2015,2019,Área de Planejamento 5,XIX Santa Cruz,Santa Cruz,5.385673261008296,4.701347103726988,-0.6843261572813075
2015,2019,Área de Planejamento 5,XIX Santa Cruz,Sepetiba,5.379289940828403,4.1,-1.279289940828403
2015,2019,Área de Planejamento 5,XXVI Guaratiba,Guaratiba,5.3796,4.928130217028381,-0.45146978297161855
2015,2019,Área de Planejamento 5,XXVI Guaratiba,Pedra de Guaratiba,6.486206896551725,4.7,-1.7862068965517253
2017,2021,Área de Planejamento 1,I Portuária,Caju,5.56789667896679,4.869565217391305,-0.698331461575485
2017,2021,Área de Planejamento 1,I Portuária,Santo Cristo,5.573652694610778,4.9,-0.6736526946107775
2017,2021,Área de Planejamento 1,III Rio Comprido,Rio Comprido,5.073148148148148,4.9,-0.17314814814814738
2017,2021,Área de Planejamento 1,VII São Cristóvão,Benfica,5.398092643051771,4.821863799283155,-0.5762288437686163
2017,2021,Área de Planejamento 1,VII São Cristóvão,Imperial de São Cristóvão,6.141254125412542,5.2,-0.9412541254125415
2017,2021,Área de Planejamento 1,XXIII Santa Teresa,Santa Teresa,6.141777777777778,5.1,-1.041777777777778
2017,2021,Área de Planejamento 2,IV Botafogo,Urca,6.782456140350877,6.1,-0.6824561403508778
2017,2021,Área de Planejamento 2,V Copacabana,Copacabana,6.182191780821918,5.9,-0.2821917808219174
2017,2021,Área de Planejamento 2,VI Lagoa,Ipanema,5.031182795698925,4.663380281690142,-0.3678025140087824
2017,2021,Área de Planejamento 2,VIII Tijuca,Praça da Bandeira,6.774358974358974,5.6,-1.1743589743589746
2017,2021,Área de Planejamento 2,VIII Tijuca,Tijuca,5.992652329749105,5.190762463343109,-0.8018898664059959
2017,2021,Área de Planejamento 2,IX Vila Isabel,Grajaú,5.703196347031963,5.0,-0.7031963470319633
2017,2021,Área de Planejamento 2,IX Vila Isabel,Vila Isabel,5.259409594095942,5.06602176541717,-0.19338782867877224
2017,2021,Área de Planejamento 3,X Ramos,Manguinhos,4.792380952380952,4.5,-0.2923809523809524
2017,2021,Área de Planejamento 3,X Ramos,Olaria,5.700329489291597,5.5,-0.20032948929159744
2017,2021,Área de Planejamento 3,X Ramos,Ramos,5.892540792540792,5.386784140969162,-0.5057566515716303
2017,2021,Área de Planejamento 3,XXX Maré,Maré,5.162298682284041,4.3,-0.8622986822840408
2017,2021,Área de Planejamento 3,XIII Méier,Engenho de Dentro,5.94060773480663,5.998216560509555,0.05760882570292569
2017,2021,Área de Planejamento 3,XIII Méier,Jacaré,5.3687804878048775,4.6,-0.7687804878048778
2017,2021,Área de Planejamento 3,XIII Méier,Lins de Vasconcelos,4.8618834080717495,3.7,-1.1618834080717493
2017,2021,Área de Planejamento 3,XIII Méier,Méier,6.2,5.485899814471243,-0.714100185528757
2017,2021,Área de Planejamento 3,XIII Méier,Piedade,5.656474820143885,5.5,-0.15647482014388459
2017,2021,Área de Planejamento 3,XIII Méier,Pilares,6.225773195876289,4.7,-1.5257731958762886
2017,2021,Área de Planejamento 3,XIV Irajá,Irajá,5.8782319391634985,5.605602536997886,-0.27262940216561216
2017,2021,Área de Planejamento 3,XV Madureira,Bento Ribeiro,6.067676767676768,5.6,-0.46767676767676836
2017,2021,Área de Planejamento 3,XV Madureira,Cavalcanti,6.23,4.7,-1.5300000000000002
2017,2021,Área de Planejamento 3,XV Madureira,Honório Gurgel,5.271538461538461,5.1,-0.17153846153846164
2017,2021,Área de Planejamento 3,XV Madureira,Marechal Hermes,6.014124293785311,4.5,-1.5141242937853114
2017,2021,Área de Planejamento 3,XV Madureira,Oswaldo Cruz,5.930685920577617,4.890773809523809,-1.039912111053808
2017,2021,Área de Planejamento 3,XV Madureira,Quintino Bocaiúva,5.936624203821657,5.083403068340307,-0.8532211354813493
2017,2021,Área de Planejamento 3,XV Madureira,Rocha Miranda,5.590217391304348,4.9,-0.6902173913043477
2017,2021,Área de Planejamento 3,XV Madureira,Turiaçu,5.922826086956522,4.0,-1.9228260869565217
2017,2021,Área de Planejamento 3,XV Madureira,Vaz Lobo,5.4,4.4,-1.0
2017,2021,Área de Planejamento 3,XII Inhaúma,Del Castilho,5.1,5.2,0.10000000000000053
2017,2021,Área de Planejamento 3,XII Inhaúma,Higienópolis,5.800000000000001,5.3,-0.5000000000000009
2017,2021,Área de Planejamento 3,XII Inhaúma,Maria da Graça,4.9,5.0,0.09999999999999964
2017,2021,Área de Planejamento 3,XI Penha,Brás de Pina,5.711351351351351,5.099022004889975,-0.6123293464613759
2017,2021,Área de Planejamento 3,XI Penha,Penha,5.388658146964857,5.035510204081633,-0.3531479428832238
2017,2021,Área de Planejamento 3,XXXI Vigário Geral,Cordovil,5.6079591836734695,5.236633663366336,-0.37132552030713306
2017,2021,Área de Planejamento 3,XXXI Vigário Geral,Vigário Geral,4.947814910025707,4.632761904761905,-0.31505300526380253
2017,2021,Área de Planejamento 3,XXII Anchieta,Anchieta,5.352208835341365,5.0,-0.35220883534136505
2017,2021,Área de Planejamento 3,XXII Anchieta,Ricardo de Albuquerque,6.1,5.8,-0.2999999999999998
2017,2021,Área de Planejamento 3,XXV Pavuna,Parque Columbia,5.2,4.5,-0.7000000000000002
2017,2021,Área de Planejamento 3,XX Ilha do Governador,Bancários,5.323913043478261,5.2,-0.12391304347826093
2017,2021,Área de Planejamento 3,XX Ilha do Governador,Cidade Universitária,5.7,5.6,-0.10000000000000053
2017,2021,Área de Planejamento 3,XX Ilha do Governador,Freguesia (Ilha do Governador),5.4,4.6,-0.8000000000000007
2017,2021,Área de Planejamento 3,XX Ilha do Governador,Galeão,6.022175732217573,5.1,-0.922175732217573
2017,2021,Área de Planejamento 3,XX Ilha do Governador,Moneró,5.871875,5.3,-0.5718750000000004
2017,2021,Área de Planejamento 3,XX Ilha do Governador,Portuguesa,4.826881720430108,4.73151364764268,-0.0953680727874282
2017,2021,Área de Planejamento 3,XX Ilha do Governador,Zumbi,6.0,4.8,-1.2000000000000002
2017,2021,Área de Planejamento 4,XVI Jacarepaguá,Freguesia (Jacarepaguá),5.644117647058823,5.053188929001204,-0.5909287180576186
2017,2021,Área de Planejamento 4,XVI Jacarepaguá,Jacarepaguá,6.086345053147997,5.944382647385984,-0.1419624057620128
2017,2021,Área de Planejamento 4,XXXIII Cidade de Deus,Cidade de Deus,5.366666666666666,4.573022598870057,-0.7936440677966097
2017,2021,Área de Planejamento 4,XXIV Barra da Tijuca,Barra da Tijuca,6.46700434153401,6.6,0.13299565846598949
2017,2021,Área de Planejamento 4,XXIV Barra da Tijuca,Recreio dos Bandeirantes,5.796064814814815,5.1,-0.6960648148148154
2017,2021,Área de Planejamento 5,XVII Bangu,Bangu,5.699086479902558,5.36562123039807,-0.33346524950448764
2017,2021,Área de Planejamento 5,XVII Bangu,Senador Camará,5.627013630731104,4.5,-1.1270136307311036
2017,2021,Área de Planejamento 5,XVII Bangu,Vila Kennedy,5.51387900355872,5.2,-0.31387900355871956
2017,2021,Área de Planejamento 5,XXXII Realengo,Campo dos Afonsos,6.0,5.2,-0.7999999999999998
2017,2021,Área de Planejamento 5,XXXII Realengo,Deodoro,6.20625,4.6,-1.6062500000000002
2017,2021,Área de Planejamento 5,XXXII Realengo,Magalhães Bastos,6.002991452991453,5.048988764044944,-0.9540026889465087
2017,2021,Área de Planejamento 5,XXXII Realengo,Realengo,5.734269258459323,4.977473853580048,-0.7567954048792744
2017,2021,Área de Planejamento 5,XXXII Realengo,Vila Militar,6.233333333333334,5.5,-0.7333333333333343
2017,2021,Área de Planejamento 5,XVIII Campo Grande,Campo Grande,6.004428251121076,5.068360889977547,-0.9360673611435288
2017,2021,Área de Planejamento 5,XVIII Campo Grande,Cosmos,5.542160278745643,4.6,-0.9421602787456438
2017,2021,Área de Planejamento 5,XVIII Campo Grande,Inhoaíba,5.817228464419476,4.2,-1.617228464419476
2017,2021,Área de Planejamento 5,XVIII Campo Grande,Santíssimo,6.155506607929516,4.9,-1.255506607929516
2017,2021,Área de Planejamento 5,XIX Santa Cruz,Paciência,5.569230769230768,5.126662189388852,-0.44256857984191633
2017,2021,Área de Planejamento 5,XIX Santa Cruz,Santa Cruz,5.452198990627253,4.573042704626334,-0.879156286000919
2017,2021,Área de Planejamento 5,XXVI Guaratiba,Guaratiba,5.483262711864407,5.032385730211818,-0.4508769816525895
2017,2021,Área de Planejamento 5,XXVI Guaratiba,Pedra de Guaratiba,6.383577712609971,4.7,-1.6835777126099707
2019,2023,Área de Planejamento 1,I Portuária,Caju,6.158536585365853,5.6,-0.5585365853658537
2019,2023,Área de Planejamento 1,I Portuária,Santo Cristo,5.128387096774193,3.6,-1.528387096774193
2019,2023,Área de Planejamento 1,II Centro,Centro,5.708465608465609,5.3,-0.4084656084656091
2019,2023,Área de Planejamento 1,III Rio Comprido,Rio Comprido,5.579464285714286,5.4,-0.1794642857142854
2019,2023,Área de Planejamento 1,VII São Cristóvão,Benfica,5.441926345609065,4.8,-0.6419263456090656
2019,2023,Área de Planejamento 1,VII São Cristóvão,Imperial de São Cristóvão,6.024773413897281,5.3,-0.7247734138972808
2019,2023,Área de Planejamento 1,XXI  Paquetá,Paquetá,6.2,5.7,-0.5
2019,2023,Área de Planejamento 1,XXIII Santa Teresa,Santa Teresa,6.474615384615385,5.8,-0.6746153846153851
2019,2023,Área de Planejamento 2,IV Botafogo,Botafogo,5.928318584070796,5.6,-0.3283185840707965
2019,2023,Área de Planejamento 2,IV Botafogo,Humaitá,6.0,4.9,-1.0999999999999996
2019,2023,Área de Planejamento 2,IV Botafogo,Laranjeiras,6.105494505494506,5.7,-0.40549450549450583
2019,2023,Área de Planejamento 2,IV Botafogo,Urca,6.678461538461539,6.1,-0.5784615384615392
2019,2023,Área de Planejamento 2,V Copacabana,Copacabana,6.396923076923076,5.2,-1.1969230769230759
2019,2023,Área de Planejamento 2,V Copacabana,Leme,5.9,5.6,-0.3000000000000007
2019,2023,Área de Planejamento 2,VI Lagoa,Gávea,6.071153846153846,5.2,-0.8711538461538462
2019,2023,Área de Planejamento 2,VI Lagoa,Ipanema,5.184444444444444,5.0,-0.18444444444444397
2019,2023,Área de Planejamento 2,VI Lagoa,Jardim Botânico,6.158928571428572,5.2,-0.9589285714285722
2019,2023,Área de Planejamento 2,VI Lagoa,Leblon,6.039926739926741,5.0,-1.0399267399267407
2019,2023,Área de Planejamento 2,VI Lagoa,Vidigal,5.346478873239437,5.5,0.1535211267605634
2019,2023,Área de Planejamento 2,VIII Tijuca,Alto da Boa Vista,5.652032520325204,4.4,-1.252032520325204
2019,2023,Área de Planejamento 2,VIII Tijuca,Praça da Bandeira,5.651351351351351,4.9,-0.7513513513513503
2019,2023,Área de Planejamento 2,VIII Tijuca,Tijuca,5.694444444444445,5.1,-0.594444444444445
2019,2023,Área de Planejamento 2,IX Vila Isabel,Andaraí,5.85934065934066,5.3,-0.55934065934066
2019,2023,Área de Planejamento 2,IX Vila Isabel,Grajaú,5.921487603305785,5.2,-0.7214876033057847
2019,2023,Área de Planejamento 2,IX Vila Isabel,Vila Isabel,5.214112903225806,5.0,-0.21411290322580623
2019,2023,Área de Planejamento 3,X Ramos,Bonsucesso,6.329824561403508,5.3,-1.0298245614035082
2019,2023,Área de Planejamento 3,X Ramos,Manguinhos,5.237943262411347,4.2,-1.0379432624113472
2019,2023,Área de Planejamento 3,X Ramos,Olaria,5.48083538083538,5.4,-0.08083538083537967
2019,2023,Área de Planejamento 3,X Ramos,Ramos,5.7463265306122455,5.3,-0.4463265306122457
2019,2023,Área de Planejamento 3,XXX Maré,Maré,5.359320629660314,5.0,-0.3593206296603144
2019,2023,Área de Planejamento 3,XIII Méier,Cachambi,6.076585365853659,5.2,-0.8765853658536589
2019,2023,Área de Planejamento 3,XIII Méier,Encantado,6.900000000000001,5.9,-1.0000000000000009
2019,2023,Área de Planejamento 3,XIII Méier,Engenho de Dentro,6.245741324921136,5.5,-0.745741324921136
2019,2023,Área de Planejamento 3,XIII Méier,Jacaré,5.451785714285714,4.8,-0.6517857142857144
2019,2023,Área de Planejamento 3,XIII Méier,Lins de Vasconcelos,5.158992805755396,4.4,-0.7589928057553958
2019,2023,Área de Planejamento 3,XIII Méier,Méier,6.2405063291139244,5.1,-1.1405063291139248
2019,2023,Área de Planejamento 3,XIII Méier,Piedade,5.826406926406926,5.3,-0.526406926406926
2019,2023,Área de Planejamento 3,XIII Méier,Pilares,5.993491124260355,5.2,-0.7934911242603544
2019,2023,Área de Planejamento 3,XIII Méier,Riachuelo,5.7,5.0,-0.7000000000000002
2019,2023,Área de Planejamento 3,XIII Méier,Rocha,5.445355191256831,5.4,-0.04535519125683063
2019,2023,Área de Planejamento 3,XIV Irajá,Colégio,6.0107981220657285,4.4,-1.6107981220657281
2019,2023,Área de Planejamento 3,XIV Irajá,Irajá,6.068776824034335,5.3,-0.7687768240343349
2019,2023,Área de Planejamento 3,XIV Irajá,Vila Kosmos,5.6,5.2,-0.39999999999999947
2019,2023,Área de Planejamento 3,XIV Irajá,Vista Alegre,6.2,5.8,-0.40000000000000036
2019,2023,Área de Planejamento 3,XV Madureira,Bento Ribeiro,6.04516129032258,5.2,-0.8451612903225802
2019,2023,Área de Planejamento 3,XV Madureira,Cascadura,5.957142857142858,5.3,-0.6571428571428584
2019,2023,Área de Planejamento 3,XV Madureira,Cavalcanti,5.803278688524591,5.2,-0.6032786885245907
2019,2023,Área de Planejamento 3,XV Madureira,Honório Gurgel,5.461151079136692,5.4,-0.0611510791366916
2019,2023,Área de Planejamento 3,XV Madureira,Madureira,5.302049180327869,5.1,-0.20204918032786967
2019,2023,Área de Planejamento 3,XV Madureira,Marechal Hermes,5.829846153846154,5.0,-0.8298461538461543
2019,2023,Área de Planejamento 3,XV Madureira,Oswaldo Cruz,6.054710144927536,5.0,-1.0547101449275358
2019,2023,Área de Planejamento 3,XV Madureira,Quintino Bocaiúva,5.678378378378379,5.5,-0.17837837837837878
2019,2023,Área de Planejamento 3,XV Madureira,Rocha Miranda,5.5619565217391305,5.4,-0.1619565217391301
2019,2023,Área de Planejamento 3,XV Madureira,Turiaçu,5.348623853211009,4.8,-0.5486238532110095
2019,2023,Área de Planejamento 3,XV Madureira,Vaz Lobo,4.9,5.2,0.2999999999999998
2019,2023,Área de Planejamento 3,XII Inhaúma,Engenho da Rainha,5.774545454545455,4.8,-0.9745454545454555
2019,2023,Área de Planejamento 3,XII Inhaúma,Higienópolis,5.551867219917012,5.2,-0.3518672199170121
2019,2023,Área de Planejamento 3,XII Inhaúma,Inhaúma,5.867280606717226,5.0,-0.8672806067172258
2019,2023,Área de Planejamento 3,XII Inhaúma,Maria da Graça,5.2,4.2,-1.0
2019,2023,Área de Planejamento 3,XI Penha,Brás de Pina,5.790155440414508,5.6,-0.19015544041450827
2019,2023,Área de Planejamento 3,XI Penha,Penha,5.623137254901961,5.1,-0.5231372549019611
2019,2023,Área de Planejamento 3,XI Penha,Penha Circular,5.6613231552162855,5.1,-0.5613231552162858
2019,2023,Área de Planejamento 3,XXXI Vigário Geral,Cordovil,5.794583333333334,5.3,-0.4945833333333338
2019,2023,Área de Planejamento 3,XXXI Vigário Geral,Jardim América,5.560436137071651,4.7,-0.8604361370716509
2019,2023,Área de Planejamento 3,XXXI Vigário Geral,Vigário Geral,5.17163323782235,4.8,-0.37163323782235036
2019,2023,Área de Planejamento 3,XXII Anchieta,Anchieta,5.053846153846154,4.9,-0.1538461538461533
2019,2023,Área de Planejamento 3,XXII Anchieta,Guadalupe,5.712408759124089,5.4,-0.3124087591240885
2019,2023,Área de Planejamento 3,XXII Anchieta,Parque Anchieta,5.94066985645933,5.3,-0.6406698564593301
2019,2023,Área de Planejamento 3,XXV Pavuna,Coelho Neto,5.511918604651164,5.2,-0.31191860465116417
2019,2023,Área de Planejamento 3,XXV Pavuna,Costa Barros,4.88375,4.8,-0.08375000000000021
2019,2023,Área de Planejamento 3,XXV Pavuna,Parque Columbia,5.1,4.4,-0.6999999999999993
2019,2023,Área de Planejamento 3,XXV Pavuna,Pavuna,5.471647509578544,4.9,-0.5716475095785434
2019,2023,Área de Planejamento 3,XX Ilha do Governador,Bancários,5.723111111111112,5.3,-0.4231111111111119
2019,2023,Área de Planejamento 3,XX Ilha do Governador,Cacuia,5.5,6.2,0.7000000000000002
2019,2023,Área de Planejamento 3,XX Ilha do Governador,Cidade Universitária,5.9,5.5,-0.40000000000000036
2019,2023,Área de Planejamento 3,XX Ilha do Governador,Galeão,5.9875,5.1,-0.8875000000000002
2019,2023,Área de Planejamento 3,XX Ilha do Governador,Jardim Guanabara,6.5248366013071895,5.4,-1.124836601307189
2019,2023,Área de Planejamento 3,XX Ilha do Governador,Moneró,6.15360824742268,5.5,-0.6536082474226799
2019,2023,Área de Planejamento 3,XX Ilha do Governador,Portuguesa,5.866666666666666,5.3,-0.5666666666666664
2019,2023,Área de Planejamento 3,XX Ilha do Governador,Praia da Bandeira,5.2,5.5,0.2999999999999998
2019,2023,Área de Planejamento 3,XX Ilha do Governador,Zumbi,5.9,5.0,-0.9000000000000004
2019,2023,Área de Planejamento 4,XVI Jacarepaguá,Anil,6.125901639344262,5.1,-1.0259016393442622
2019,2023,Área de Planejamento 4,XVI Jacarepaguá,Curicica,6.051821862348179,5.3,-0.7518218623481792
2019,2023,Área de Planejamento 4,XVI Jacarepaguá,Freguesia (Jacarepaguá),5.745387453874539,5.0,-0.7453874538745389
2019,2023,Área de Planejamento 4,XVI Jacarepaguá,Jacarepaguá,6.095016891891893,5.2,-0.8950168918918928
2019,2023,Área de Planejamento 4,XVI Jacarepaguá,Pechincha,5.7,4.7,-1.0
2019,2023,Área de Planejamento 4,XVI Jacarepaguá,Praça Seca,5.918089430894309,4.9,-1.0180894308943085
2019,2023,Área de Planejamento 4,XVI Jacarepaguá,Tanque,5.930030959752322,5.4,-0.5300309597523221
2019,2023,Área de Planejamento 4,XVI Jacarepaguá,Taquara,6.141109709962168,5.1,-1.0411097099621687
2019,2023,Área de Planejamento 4,XVI Jacarepaguá,Vila Valqueire,6.03160621761658,5.7,-0.3316062176165797
2019,2023,Área de Planejamento 4,XXXIII Cidade de Deus,Cidade de Deus,5.412690355329949,4.4,-1.0126903553299487
2019,2023,Área de Planejamento 4,XXIV Barra da Tijuca,Barra da Tijuca,6.693248945147679,5.9,-0.7932489451476785
2019,2023,Área de Planejamento 4,XXIV Barra da Tijuca,Recreio dos Bandeirantes,5.86896551724138,5.2,-0.6689655172413795
2019,2023,Área de Planejamento 4,XXIV Barra da Tijuca,Vargem Grande,5.618461538461539,6.0,0.3815384615384607
2019,2023,Área de Planejamento 5,XVII Bangu,Bangu,5.793712772998015,5.1,-0.6937127729980155
2019,2023,Área de Planejamento 5,XVII Bangu,Padre Miguel,5.70586011342155,5.3,-0.40586011342155004
2019,2023,Área de Planejamento 5,XVII Bangu,Senador Camará,5.511260827718961,5.2,-0.3112608277189608
2019,2023,Área de Planejamento 5,XVII Bangu,Vila Kennedy,5.233559322033899,4.5,-0.7335593220338987
2019,2023,Área de Planejamento 5,XVII Bangu,Jabour,5.00421052631579,4.7,-0.3042105263157895
2019,2023,Área de Planejamento 5,XXXII Realengo,Campo dos Afonsos,5.8,5.7,-0.09999999999999964
2019,2023,Área de Planejamento 5,XXXII Realengo,Deodoro,5.946153846153846,5.1,-0.8461538461538467
2019,2023,Área de Planejamento 5,XXXII Realengo,Jardim Sulacap,6.9,5.1,-1.8000000000000007
2019,2023,Área de Planejamento 5,XXXII Realengo,Magalhães Bastos,6.172839506172839,5.2,-0.9728395061728392
2019,2023,Área de Planejamento 5,XXXII Realengo,Realengo,5.889386792452831,5.1,-0.7893867924528317
2019,2023,Área de Planejamento 5,XXXII Realengo,Vila Militar,6.5,5.4,-1.0999999999999996
2019,2023,Área de Planejamento 5,XVIII Campo Grande,Campo Grande,5.976671619613669,5.3,-0.6766716196136695
2019,2023,Área de Planejamento 5,XVIII Campo Grande,Cosmos,5.436989795918366,5.4,-0.03698979591836604
2019,2023,Área de Planejamento 5,XVIII Campo Grande,Inhoaíba,5.707640750670241,5.0,-0.7076407506702411
2019,2023,Área de Planejamento 5,XVIII Campo Grande,Santíssimo,5.970890410958904,5.0,-0.970890410958904
2019,2023,Área de Planejamento 5,XVIII Campo Grande,Senador Vasconcelos,5.78623188405797,5.1,-0.6862318840579702
2019,2023,Área de Planejamento 5,XIX Santa Cruz,Paciência,5.692237442922374,5.2,-0.4922374429223737
2019,2023,Área de Planejamento 5,XIX Santa Cruz,Santa Cruz,5.620006371455878,5.0,-0.6200063714558777
2019,2023,Área de Planejamento 5,XIX Santa Cruz,Sepetiba,5.473479948253558,5.1,-0.373479948253558
2019,2023,Área de Planejamento 5,XXVI Guaratiba,Guaratiba,5.556527249683144,5.3,-0.25652724968314455
2019,2023,Área de Planejamento 5,XXVI Guaratiba,Pedra de Guaratiba,5.72972972972973,5.1,-0.6297297297297302
