ap,ra,bairro,year,ideb
Área de Planejamento 1,I Portuária,Caju,2007,4.4035087719298245
Área de Planejamento 1,I Portuária,Caju,2009,4.798701298701299
Área de Planejamento 1,I Portuária,Caju,2011,4.931907894736842
Área de Planejamento 1,I Portuária,Caju,2013,4.456597222222222
Área de Planejamento 1,I Portuária,Caju,2015,5.110322580645161
Área de Planejamento 1,I Portuária,Caju,2017,5.56789667896679
Área de Planejamento 1,I Portuária,Caju,2019,6.158536585365853
Área de Planejamento 1,I Portuária,Caju,2021,6.4
Área de Planejamento 1,I Portuária,Caju,2023,5.8
Área de Planejamento 1,I Portuária,Gamboa,2007,4.0
Área de Planejamento 1,I Portuária,Gamboa,2009,3.7999999999999994
Área de Planejamento 1,I Portuária,Gamboa,2011,4.3
Área de Planejamento 1,I Portuária,Gamboa,2013,4.3
Área de Planejamento 1,I Portuária,Gamboa,2015,5.6
Área de Planejamento 1,I Portuária,Gamboa,2017,5.2
Área de Planejamento 1,I Portuária,Gamboa,2019,5.5
Área de Planejamento 1,I Portuária,Gamboa,2023,5.7
Área de Planejamento 1,I Portuária,Santo Cristo,2007,4.278499999999999
Área de Planejamento 1,I Portuária,Santo Cristo,2009,5.070967741935483
Área de Planejamento 1,I Portuária,Santo Cristo,2011,5.532885906040269
Área de Planejamento 1,I Portuária,Santo Cristo,2013,5.166875
Área de Planejamento 1,I Portuária,Santo Cristo,2015,5.207446808510638
Área de Planejamento 1,I Portuária,Santo Cristo,2017,5.573652694610778
Área de Planejamento 1,I Portuária,Santo Cristo,2019,5.128387096774193
Área de Planejamento 1,I Portuária,Santo Cristo,2021,5.139137931034482
Área de Planejamento 1,I Portuária,Santo Cristo,2023,4.9
Área de Planejamento 1,I Portuária,Saúde,2007,4.0
Área de Planejamento 1,I Portuária,Saúde,2009,4.2
Área de Planejamento 1,II Centro,Centro,2007,4.491666666666667
Área de Planejamento 1,II Centro,Centro,2009,5.010035842293907
Área de Planejamento 1,II Centro,Centro,2011,5.2477099236641225
Área de Planejamento 1,II Centro,Centro,2013,5.1626666666666665
Área de Planejamento 1,II Centro,Centro,2015,5.427461139896373
Área de Planejamento 1,II Centro,Centro,2017,5.8613168724279845
Área de Planejamento 1,II Centro,Centro,2019,5.708465608465609
Área de Planejamento 1,II Centro,Centro,2023,6.3
Área de Planejamento 1,III Rio Comprido,Catumbi,2007,3.0
Área de Planejamento 1,III Rio Comprido,Catumbi,2009,3.8
Área de Planejamento 1,III Rio Comprido,Catumbi,2011,3.9000000000000004
Área de Planejamento 1,III Rio Comprido,Catumbi,2013,4.4
Área de Planejamento 1,III Rio Comprido,Catumbi,2015,4.5
Área de Planejamento 1,III Rio Comprido,Catumbi,2017,5.9
Área de Planejamento 1,III Rio Comprido,Catumbi,2019,5.714285714285714
Área de Planejamento 1,III Rio Comprido,Catumbi,2021,6.099999999999999
Área de Planejamento 1,III Rio Comprido,Catumbi,2023,6.9
Área de Planejamento 1,III Rio Comprido,Estácio,2007,3.5
Área de Planejamento 1,III Rio Comprido,Estácio,2009,4.1
Área de Planejamento 1,III Rio Comprido,Estácio,2011,4.8
Área de Planejamento 1,III Rio Comprido,Estácio,2013,5.0
Área de Planejamento 1,III Rio Comprido,Estácio,2015,5.9
Área de Planejamento 1,III Rio Comprido,Estácio,2017,5.2
Área de Planejamento 1,III Rio Comprido,Estácio,2019,5.5
Área de Planejamento 1,III Rio Comprido,Estácio,2021,4.6
Área de Planejamento 1,III Rio Comprido,Estácio,2023,5.5
Área de Planejamento 1,III Rio Comprido,Rio Comprido,2007,4.254364089775561
Área de Planejamento 1,III Rio Comprido,Rio Comprido,2009,4.623574144486692
Área de Planejamento 1,III Rio Comprido,Rio Comprido,2011,4.8728643216080405
Área de Planejamento 1,III Rio Comprido,Rio Comprido,2013,4.913483146067416
Área de Planejamento 1,III Rio Comprido,Rio Comprido,2015,4.967073170731708
Área de Planejamento 1,III Rio Comprido,Rio Comprido,2017,5.073148148148148
Área de Planejamento 1,III Rio Comprido,Rio Comprido,2019,5.579464285714286
Área de Planejamento 1,III Rio Comprido,Rio Comprido,2021,5.5
Área de Planejamento 1,III Rio Comprido,Rio Comprido,2023,5.6
Área de Planejamento 1,VII São Cristóvão,Benfica,2007,4.098684210526316
Área de Planejamento 1,VII São Cristóvão,Benfica,2009,4.721212121212121
Área de Planejamento 1,VII São Cristóvão,Benfica,2011,4.673866090712743
Área de Planejamento 1,VII São Cristóvão,Benfica,2013,4.718448637316562
Área de Planejamento 1,VII São Cristóvão,Benfica,2015,4.972602739726027
Área de Planejamento 1,VII São Cristóvão,Benfica,2017,5.398092643051771
Área de Planejamento 1,VII São Cristóvão,Benfica,2019,5.441926345609065
Área de Planejamento 1,VII São Cristóvão,Benfica,2021,5.064933333333333
Área de Planejamento 1,VII São Cristóvão,Benfica,2023,5.9
Área de Planejamento 1,VII São Cristóvão,Imperial de São Cristóvão,2007,5.111506849315068
Área de Planejamento 1,VII São Cristóvão,Imperial de São Cristóvão,2009,5.196541786743516
Área de Planejamento 1,VII São Cristóvão,Imperial de São Cristóvão,2011,5.314761904761904
Área de Planejamento 1,VII São Cristóvão,Imperial de São Cristóvão,2013,5.681226053639847
Área de Planejamento 1,VII São Cristóvão,Imperial de São Cristóvão,2015,5.7062893081761015
Área de Planejamento 1,VII São Cristóvão,Imperial de São Cristóvão,2017,6.141254125412542
Área de Planejamento 1,VII São Cristóvão,Imperial de São Cristóvão,2019,6.024773413897281
Área de Planejamento 1,VII São Cristóvão,Imperial de São Cristóvão,2021,5.354210956663941
Área de Planejamento 1,VII São Cristóvão,Imperial de São Cristóvão,2023,6.2
Área de Planejamento 1,VII São Cristóvão,Vasco da Gama,2007,5.0
Área de Planejamento 1,VII São Cristóvão,Vasco da Gama,2009,6.1
Área de Planejamento 1,VII São Cristóvão,Vasco da Gama,2011,6.5
Área de Planejamento 1,VII São Cristóvão,Vasco da Gama,2013,6.4
Área de Planejamento 1,VII São Cristóvão,Vasco da Gama,2015,6.7
Área de Planejamento 1,VII São Cristóvão,Vasco da Gama,2017,6.5
Área de Planejamento 1,VII São Cristóvão,Vasco da Gama,2019,6.9
Área de Planejamento 1,VII São Cristóvão,Vasco da Gama,2023,6.2
Área de Planejamento 1,XXI  Paquetá,Paquetá,2007,5.400000000000001
Área de Planejamento 1,XXI  Paquetá,Paquetá,2009,5.7
Área de Planejamento 1,XXI  Paquetá,Paquetá,2011,6.0
Área de Planejamento 1,XXI  Paquetá,Paquetá,2013,5.4
Área de Planejamento 1,XXI  Paquetá,Paquetá,2015,6.4
Área de Planejamento 1,XXI  Paquetá,Paquetá,2017,7.0
Área de Planejamento 1,XXI  Paquetá,Paquetá,2019,6.2
Área de Planejamento 1,XXI  Paquetá,Paquetá,2023,5.2
Área de Planejamento 1,XXIII Santa Teresa,Santa Teresa,2007,5.007547169811321
Área de Planejamento 1,XXIII Santa Teresa,Santa Teresa,2009,5.702868852459017
Área de Planejamento 1,XXIII Santa Teresa,Santa Teresa,2011,6.048159509202454
Área de Planejamento 1,XXIII Santa Teresa,Santa Teresa,2013,5.916438356164384
Área de Planejamento 1,XXIII Santa Teresa,Santa Teresa,2015,5.800000000000001
Área de Planejamento 1,XXIII Santa Teresa,Santa Teresa,2017,6.141777777777778
Área de Planejamento 1,XXIII Santa Teresa,Santa Teresa,2019,6.474615384615385
Área de Planejamento 1,XXIII Santa Teresa,Santa Teresa,2021,5.673704414587332
Área de Planejamento 1,XXIII Santa Teresa,Santa Teresa,2023,5.9
Área de Planejamento 2,IV Botafogo,Botafogo,2007,4.536813186813187
Área de Planejamento 2,IV Botafogo,Botafogo,2009,4.901851851851851
Área de Planejamento 2,IV Botafogo,Botafogo,2011,5.725531914893618
Área de Planejamento 2,IV Botafogo,Botafogo,2013,5.688028169014085
Área de Planejamento 2,IV Botafogo,Botafogo,2015,5.5
Área de Planejamento 2,IV Botafogo,Botafogo,2017,6.14313725490196
Área de Planejamento 2,IV Botafogo,Botafogo,2019,5.928318584070796
Área de Planejamento 2,IV Botafogo,Botafogo,2023,6.0
Área de Planejamento 2,IV Botafogo,Catete,2007,4.3
Área de Planejamento 2,IV Botafogo,Catete,2009,5.5
Área de Planejamento 2,IV Botafogo,Catete,2011,5.1
Área de Planejamento 2,IV Botafogo,Catete,2013,4.2
Área de Planejamento 2,IV Botafogo,Catete,2015,5.7
Área de Planejamento 2,IV Botafogo,Catete,2017,5.2
Área de Planejamento 2,IV Botafogo,Catete,2019,5.3
Área de Planejamento 2,IV Botafogo,Catete,2023,6.3
Área de Planejamento 2,IV Botafogo,Flamengo,2007,4.686163522012579
Área de Planejamento 2,IV Botafogo,Flamengo,2009,5.714634146341464
Área de Planejamento 2,IV Botafogo,Flamengo,2011,6.163855421686748
Área de Planejamento 2,IV Botafogo,Flamengo,2013,6.068571428571429
Área de Planejamento 2,IV Botafogo,Flamengo,2015,6.1036363636363635
Área de Planejamento 2,IV Botafogo,Flamengo,2017,6.3428571428571425
Área de Planejamento 2,IV Botafogo,Flamengo,2019,6.555555555555555
Área de Planejamento 2,IV Botafogo,Flamengo,2021,6.335958005249344
Área de Planejamento 2,IV Botafogo,Flamengo,2023,6.8
Área de Planejamento 2,IV Botafogo,Glória,2009,5.3
Área de Planejamento 2,IV Botafogo,Glória,2023,6.4
Área de Planejamento 2,IV Botafogo,Humaitá,2007,4.8
Área de Planejamento 2,IV Botafogo,Humaitá,2009,5.7
Área de Planejamento 2,IV Botafogo,Humaitá,2011,6.6
Área de Planejamento 2,IV Botafogo,Humaitá,2013,6.4
Área de Planejamento 2,IV Botafogo,Humaitá,2015,5.7
Área de Planejamento 2,IV Botafogo,Humaitá,2017,6.5
Área de Planejamento 2,IV Botafogo,Humaitá,2019,6.0
Área de Planejamento 2,IV Botafogo,Humaitá,2023,6.3
Área de Planejamento 2,IV Botafogo,Laranjeiras,2007,5.221827411167513
Área de Planejamento 2,IV Botafogo,Laranjeiras,2009,5.890566037735849
Área de Planejamento 2,IV Botafogo,Laranjeiras,2011,6.022641509433962
Área de Planejamento 2,IV Botafogo,Laranjeiras,2013,5.948953974895398
Área de Planejamento 2,IV Botafogo,Laranjeiras,2015,5.845454545454546
Área de Planejamento 2,IV Botafogo,Laranjeiras,2017,6.086666666666667
Área de Planejamento 2,IV Botafogo,Laranjeiras,2019,6.105494505494506
Área de Planejamento 2,IV Botafogo,Laranjeiras,2021,6.2
Área de Planejamento 2,IV Botafogo,Laranjeiras,2023,6.5
Área de Planejamento 2,IV Botafogo,Urca,2007,5.882666666666667
Área de Planejamento 2,IV Botafogo,Urca,2009,6.428571428571429
Área de Planejamento 2,IV Botafogo,Urca,2011,6.70709219858156
Área de Planejamento 2,IV Botafogo,Urca,2013,6.45
Área de Planejamento 2,IV Botafogo,Urca,2015,6.674418604651163
Área de Planejamento 2,IV Botafogo,Urca,2017,6.782456140350877
Área de Planejamento 2,IV Botafogo,Urca,2019,6.678461538461539
Área de Planejamento 2,IV Botafogo,Urca,2021,6.989546351084813
Área de Planejamento 2,IV Botafogo,Urca,2023,7.2
Área de Planejamento 2,V Copacabana,Copacabana,2007,5.423019801980198
Área de Planejamento 2,V Copacabana,Copacabana,2009,5.963126843657817
Área de Planejamento 2,V Copacabana,Copacabana,2011,6.495394736842105
Área de Planejamento 2,V Copacabana,Copacabana,2013,6.490769230769231
Área de Planejamento 2,V Copacabana,Copacabana,2015,6.422489959839358
Área de Planejamento 2,V Copacabana,Copacabana,2017,6.182191780821918
Área de Planejamento 2,V Copacabana,Copacabana,2019,6.396923076923076
Área de Planejamento 2,V Copacabana,Copacabana,2021,6.519451371571073
Área de Planejamento 2,V Copacabana,Copacabana,2023,6.4
Área de Planejamento 2,V Copacabana,Leme,2007,4.5
Área de Planejamento 2,V Copacabana,Leme,2009,5.2
Área de Planejamento 2,V Copacabana,Leme,2011,4.9
Área de Planejamento 2,V Copacabana,Leme,2013,4.7
Área de Planejamento 2,V Copacabana,Leme,2017,5.8
Área de Planejamento 2,V Copacabana,Leme,2019,5.9
Área de Planejamento 2,V Copacabana,Leme,2021,5.9
Área de Planejamento 2,V Copacabana,Leme,2023,6.3
Área de Planejamento 2,VI Lagoa,Gávea,2007,5.081385281385282
Área de Planejamento 2,VI Lagoa,Gávea,2009,5.4787234042553195
Área de Planejamento 2,VI Lagoa,Gávea,2011,4.765193370165746
Área de Planejamento 2,VI Lagoa,Gávea,2013,5.462171052631579
Área de Planejamento 2,VI Lagoa,Gávea,2015,6.0
Área de Planejamento 2,VI Lagoa,Gávea,2017,6.300000000000001
Área de Planejamento 2,VI Lagoa,Gávea,2019,6.071153846153846
Área de Planejamento 2,VI Lagoa,Gávea,2021,6.3
Área de Planejamento 2,VI Lagoa,Gávea,2023,6.1
Área de Planejamento 2,VI Lagoa,Ipanema,2007,4.5071111111111115
Área de Planejamento 2,VI Lagoa,Ipanema,2009,4.968103448275863
Área de Planejamento 2,VI Lagoa,Ipanema,2011,5.0888888888888895
Área de Planejamento 2,VI Lagoa,Ipanema,2013,4.735099337748345
Área de Planejamento 2,VI Lagoa,Ipanema,2015,5.448125
Área de Planejamento 2,VI Lagoa,Ipanema,2017,5.031182795698925
Área de Planejamento 2,VI Lagoa,Ipanema,2019,5.184444444444444
Área de Planejamento 2,VI Lagoa,Ipanema,2021,6.0
Área de Planejamento 2,VI Lagoa,Ipanema,2023,5.6
Área de Planejamento 2,VI Lagoa,Jardim Botânico,2007,4.984615384615385
Área de Planejamento 2,VI Lagoa,Jardim Botânico,2009,5.69016393442623
Área de Planejamento 2,VI Lagoa,Jardim Botânico,2011,5.799999999999999
Área de Planejamento 2,VI Lagoa,Jardim Botânico,2013,6.104310344827585
Área de Planejamento 2,VI Lagoa,Jardim Botânico,2015,5.6000000000000005
Área de Planejamento 2,VI Lagoa,Jardim Botânico,2017,6.434285714285714
Área de Planejamento 2,VI Lagoa,Jardim Botânico,2019,6.158928571428572
Área de Planejamento 2,VI Lagoa,Jardim Botânico,2023,7.1
Área de Planejamento 2,VI Lagoa,Lagoa,2007,5.265789473684211
Área de Planejamento 2,VI Lagoa,Lagoa,2009,5.666666666666667
Área de Planejamento 2,VI Lagoa,Lagoa,2011,5.798314606741573
Área de Planejamento 2,VI Lagoa,Lagoa,2013,5.7
Área de Planejamento 2,VI Lagoa,Lagoa,2015,5.420610687022901
Área de Planejamento 2,VI Lagoa,Lagoa,2017,5.989393939393938
Área de Planejamento 2,VI Lagoa,Lagoa,2019,5.844444444444444
Área de Planejamento 2,VI Lagoa,Lagoa,2021,6.4
Área de Planejamento 2,VI Lagoa,Lagoa,2023,6.9
Área de Planejamento 2,VI Lagoa,Leblon,2007,5.096539792387544
Área de Planejamento 2,VI Lagoa,Leblon,2009,5.977304964539007
Área de Planejamento 2,VI Lagoa,Leblon,2011,6.5299270072992694
Área de Planejamento 2,VI Lagoa,Leblon,2013,6.092263610315186
Área de Planejamento 2,VI Lagoa,Leblon,2015,6.249802371541502
Área de Planejamento 2,VI Lagoa,Leblon,2017,6.066920152091255
Área de Planejamento 2,VI Lagoa,Leblon,2019,6.039926739926741
Área de Planejamento 2,VI Lagoa,Leblon,2021,5.936607142857143
Área de Planejamento 2,VI Lagoa,Leblon,2023,6.2
Área de Planejamento 2,VI Lagoa,São Conrado,2007,4.9
Área de Planejamento 2,VI Lagoa,São Conrado,2009,5.6
Área de Planejamento 2,VI Lagoa,São Conrado,2011,6.3
Área de Planejamento 2,VI Lagoa,São Conrado,2013,5.8
Área de Planejamento 2,VI Lagoa,São Conrado,2015,6.2
Área de Planejamento 2,VI Lagoa,São Conrado,2017,6.5
Área de Planejamento 2,VI Lagoa,São Conrado,2019,6.2
Área de Planejamento 2,VI Lagoa,São Conrado,2023,6.5
Área de Planejamento 2,VI Lagoa,Vidigal,2007,4.0864864864864865
Área de Planejamento 2,VI Lagoa,Vidigal,2009,5.257692307692308
Área de Planejamento 2,VI Lagoa,Vidigal,2011,5.282222222222222
Área de Planejamento 2,VI Lagoa,Vidigal,2013,4.004166666666666
Área de Planejamento 2,VI Lagoa,Vidigal,2015,4.986746987951807
Área de Planejamento 2,VI Lagoa,Vidigal,2017,5.36595744680851
Área de Planejamento 2,VI Lagoa,Vidigal,2019,5.346478873239437
Área de Planejamento 2,VI Lagoa,Vidigal,2023,5.2
Área de Planejamento 2,XXVII Rocinha,Rocinha,2007,4.126436781609195
Área de Planejamento 2,XXVII Rocinha,Rocinha,2009,5.445833333333333
Área de Planejamento 2,XXVII Rocinha,Rocinha,2011,4.993518518518518
Área de Planejamento 2,XXVII Rocinha,Rocinha,2013,4.131004366812227
Área de Planejamento 2,XXVII Rocinha,Rocinha,2015,5.2
Área de Planejamento 2,XXVII Rocinha,Rocinha,2017,6.072727272727272
Área de Planejamento 2,XXVII Rocinha,Rocinha,2019,5.56993006993007
Área de Planejamento 2,XXVII Rocinha,Rocinha,2021,5.2
Área de Planejamento 2,XXVII Rocinha,Rocinha,2023,5.9
Área de Planejamento 2,VIII Tijuca,Alto da Boa Vista,2007,4.605042016806722
Área de Planejamento 2,VIII Tijuca,Alto da Boa Vista,2009,5.07797619047619
Área de Planejamento 2,VIII Tijuca,Alto da Boa Vista,2011,5.506341463414634
Área de Planejamento 2,VIII Tijuca,Alto da Boa Vista,2013,5.749557522123895
Área de Planejamento 2,VIII Tijuca,Alto da Boa Vista,2015,5.597435897435897
Área de Planejamento 2,VIII Tijuca,Alto da Boa Vista,2017,5.959183673469388
Área de Planejamento 2,VIII Tijuca,Alto da Boa Vista,2019,5.6520325203252035
Área de Planejamento 2,VIII Tijuca,Alto da Boa Vista,2021,5.597967479674796
Área de Planejamento 2,VIII Tijuca,Alto da Boa Vista,2023,5.9
Área de Planejamento 2,VIII Tijuca,Praça da Bandeira,2007,4.573255813953489
Área de Planejamento 2,VIII Tijuca,Praça da Bandeira,2009,5.037062937062937
Área de Planejamento 2,VIII Tijuca,Praça da Bandeira,2011,5.28
Área de Planejamento 2,VIII Tijuca,Praça da Bandeira,2013,5.131858407079646
Área de Planejamento 2,VIII Tijuca,Praça da Bandeira,2015,5.5858823529411765
Área de Planejamento 2,VIII Tijuca,Praça da Bandeira,2017,6.774358974358974
Área de Planejamento 2,VIII Tijuca,Praça da Bandeira,2019,5.651351351351351
Área de Planejamento 2,VIII Tijuca,Praça da Bandeira,2021,5.836982248520711
Área de Planejamento 2,VIII Tijuca,Praça da Bandeira,2023,6.2
Área de Planejamento 2,VIII Tijuca,Tijuca,2007,4.602781289506954
Área de Planejamento 2,VIII Tijuca,Tijuca,2009,5.1413080895008605
Área de Planejamento 2,VIII Tijuca,Tijuca,2011,5.535387045813586
Área de Planejamento 2,VIII Tijuca,Tijuca,2013,5.272364672364673
Área de Planejamento 2,VIII Tijuca,Tijuca,2015,5.842629482071712
Área de Planejamento 2,VIII Tijuca,Tijuca,2017,5.992652329749105
Área de Planejamento 2,VIII Tijuca,Tijuca,2019,5.694444444444445
Área de Planejamento 2,VIII Tijuca,Tijuca,2021,5.49674754775426
Área de Planejamento 2,VIII Tijuca,Tijuca,2023,5.9
Área de Planejamento 2,IX Vila Isabel,Andaraí,2007,4.791988950276243
Área de Planejamento 2,IX Vila Isabel,Andaraí,2009,5.118181818181818
Área de Planejamento 2,IX Vila Isabel,Andaraí,2011,5.713636363636363
Área de Planejamento 2,IX Vila Isabel,Andaraí,2013,5.453252032520325
Área de Planejamento 2,IX Vila Isabel,Andaraí,2015,5.701129943502826
Área de Planejamento 2,IX Vila Isabel,Andaraí,2017,5.616386554621849
Área de Planejamento 2,IX Vila Isabel,Andaraí,2019,5.85934065934066
Área de Planejamento 2,IX Vila Isabel,Andaraí,2021,5.643105209397344
Área de Planejamento 2,IX Vila Isabel,Andaraí,2023,6.0
Área de Planejamento 2,IX Vila Isabel,Grajaú,2007,5.020477815699659
Área de Planejamento 2,IX Vila Isabel,Grajaú,2009,5.219852941176471
Área de Planejamento 2,IX Vila Isabel,Grajaú,2011,5.377173913043478
Área de Planejamento 2,IX Vila Isabel,Grajaú,2013,5.090365448504984
Área de Planejamento 2,IX Vila Isabel,Grajaú,2015,5.795
Área de Planejamento 2,IX Vila Isabel,Grajaú,2017,5.703196347031963
Área de Planejamento 2,IX Vila Isabel,Grajaú,2019,5.921487603305785
Área de Planejamento 2,IX Vila Isabel,Grajaú,2021,5.7
Área de Planejamento 2,IX Vila Isabel,Grajaú,2023,5.8
Área de Planejamento 2,IX Vila Isabel,Maracanã,2007,5.95065502183406
Área de Planejamento 2,IX Vila Isabel,Maracanã,2009,6.611219512195123
Área de Planejamento 2,IX Vila Isabel,Maracanã,2011,7.114659685863874
Área de Planejamento 2,IX Vila Isabel,Maracanã,2013,7.085436893203883
Área de Planejamento 2,IX Vila Isabel,Maracanã,2015,7.490860215053763
Área de Planejamento 2,IX Vila Isabel,Maracanã,2017,7.278061224489796
Área de Planejamento 2,IX Vila Isabel,Maracanã,2019,7.057142857142857
Área de Planejamento 2,IX Vila Isabel,Maracanã,2021,6.424358974358976
Área de Planejamento 2,IX Vila Isabel,Maracanã,2023,7.2
Área de Planejamento 2,IX Vila Isabel,Vila Isabel,2007,4.147868217054264
Área de Planejamento 2,IX Vila Isabel,Vila Isabel,2009,4.8999999999999995
Área de Planejamento 2,IX Vila Isabel,Vila Isabel,2011,5.336893203883495
Área de Planejamento 2,IX Vila Isabel,Vila Isabel,2013,5.047139588100686
Área de Planejamento 2,IX Vila Isabel,Vila Isabel,2015,5.097247706422018
Área de Planejamento 2,IX Vila Isabel,Vila Isabel,2017,5.259409594095942
Área de Planejamento 2,IX Vila Isabel,Vila Isabel,2019,5.214112903225806
Área de Planejamento 2,IX Vila Isabel,Vila Isabel,2021,4.890917030567686
Área de Planejamento 2,IX Vila Isabel,Vila Isabel,2023,5.5
Área de Planejamento 3,X Ramos,Bonsucesso,2007,4.778740157480315
Área de Planejamento 3,X Ramos,Bonsucesso,2009,5.490721649484536
Área de Planejamento 3,X Ramos,Bonsucesso,2011,5.338362068965517
Área de Planejamento 3,X Ramos,Bonsucesso,2013,5.57554347826087
Área de Planejamento 3,X Ramos,Bonsucesso,2015,6.063043478260869
Área de Planejamento 3,X Ramos,Bonsucesso,2017,5.933149171270719
Área de Planejamento 3,X Ramos,Bonsucesso,2019,6.329824561403508
Área de Planejamento 3,X Ramos,Bonsucesso,2021,6.0
Área de Planejamento 3,X Ramos,Bonsucesso,2023,6.6
Área de Planejamento 3,X Ramos,Manguinhos,2007,4.315966386554622
Área de Planejamento 3,X Ramos,Manguinhos,2009,4.355623100303951
Área de Planejamento 3,X Ramos,Manguinhos,2011,4.449066666666667
Área de Planejamento 3,X Ramos,Manguinhos,2013,4.309567901234567
Área de Planejamento 3,X Ramos,Manguinhos,2015,5.061016949152543
Área de Planejamento 3,X Ramos,Manguinhos,2017,4.792380952380952
Área de Planejamento 3,X Ramos,Manguinhos,2019,5.237943262411347
Área de Planejamento 3,X Ramos,Manguinhos,2021,5.095949367088608
Área de Planejamento 3,X Ramos,Manguinhos,2023,5.6
Área de Planejamento 3,X Ramos,Olaria,2007,4.447274881516588
Área de Planejamento 3,X Ramos,Olaria,2009,5.124555735056544
Área de Planejamento 3,X Ramos,Olaria,2011,5.446839080459771
Área de Planejamento 3,X Ramos,Olaria,2013,5.308333333333334
Área de Planejamento 3,X Ramos,Olaria,2015,5.941078066914499
Área de Planejamento 3,X Ramos,Olaria,2017,5.700329489291597
Área de Planejamento 3,X Ramos,Olaria,2019,5.48083538083538
Área de Planejamento 3,X Ramos,Olaria,2021,5.578555133079847
Área de Planejamento 3,X Ramos,Olaria,2023,6.0
Área de Planejamento 3,X Ramos,Ramos,2007,4.7232387923147305
Área de Planejamento 3,X Ramos,Ramos,2009,4.878121284185493
Área de Planejamento 3,X Ramos,Ramos,2011,5.326039387308534
Área de Planejamento 3,X Ramos,Ramos,2013,5.210505836575876
Área de Planejamento 3,X Ramos,Ramos,2015,5.591203703703704
Área de Planejamento 3,X Ramos,Ramos,2017,5.892540792540792
Área de Planejamento 3,X Ramos,Ramos,2019,5.7463265306122455
Área de Planejamento 3,X Ramos,Ramos,2021,5.666631467793031
Área de Planejamento 3,X Ramos,Ramos,2023,6.7
Área de Planejamento 3,XXX Maré,Maré,2007,4.2244353182751535
Área de Planejamento 3,XXX Maré,Maré,2009,4.653568800588668
Área de Planejamento 3,XXX Maré,Maré,2011,4.773999999999999
Área de Planejamento 3,XXX Maré,Maré,2013,4.373396674584322
Área de Planejamento 3,XXX Maré,Maré,2015,5.05012701100762
Área de Planejamento 3,XXX Maré,Maré,2017,5.162298682284041
Área de Planejamento 3,XXX Maré,Maré,2019,5.359320629660314
Área de Planejamento 3,XXX Maré,Maré,2021,5.111752249867655
Área de Planejamento 3,XXX Maré,Maré,2023,5.6
Área de Planejamento 3,XIII Méier,Água Santa,2007,4.4
Área de Planejamento 3,XIII Méier,Água Santa,2009,5.4
Área de Planejamento 3,XIII Méier,Água Santa,2011,5.6
Área de Planejamento 3,XIII Méier,Água Santa,2013,5.9
Área de Planejamento 3,XIII Méier,Cachambi,2007,5.560648148148148
Área de Planejamento 3,XIII Méier,Cachambi,2009,5.707179487179488
Área de Planejamento 3,XIII Méier,Cachambi,2011,5.9477157360406085
Área de Planejamento 3,XIII Méier,Cachambi,2013,6.054545454545456
Área de Planejamento 3,XIII Méier,Cachambi,2015,6.164705882352941
Área de Planejamento 3,XIII Méier,Cachambi,2017,6.312162162162162
Área de Planejamento 3,XIII Méier,Cachambi,2019,6.076585365853659
Área de Planejamento 3,XIII Méier,Cachambi,2021,6.5
Área de Planejamento 3,XIII Méier,Cachambi,2023,6.5
Área de Planejamento 3,XIII Méier,Encantado,2007,5.0
Área de Planejamento 3,XIII Méier,Encantado,2009,6.0
Área de Planejamento 3,XIII Méier,Encantado,2011,6.6
Área de Planejamento 3,XIII Méier,Encantado,2013,6.8
Área de Planejamento 3,XIII Méier,Encantado,2015,7.200000000000001
Área de Planejamento 3,XIII Méier,Encantado,2017,6.6
Área de Planejamento 3,XIII Méier,Encantado,2019,6.900000000000001
Área de Planejamento 3,XIII Méier,Encantado,2021,5.1
Área de Planejamento 3,XIII Méier,Encantado,2023,6.8
Área de Planejamento 3,XIII Méier,Engenho de Dentro,2007,4.827579365079365
Área de Planejamento 3,XIII Méier,Engenho de Dentro,2009,5.390084985835694
Área de Planejamento 3,XIII Méier,Engenho de Dentro,2011,5.750958904109589
Área de Planejamento 3,XIII Méier,Engenho de Dentro,2013,5.741297935103245
Área de Planejamento 3,XIII Méier,Engenho de Dentro,2015,5.933242506811989
Área de Planejamento 3,XIII Méier,Engenho de Dentro,2017,5.94060773480663
Área de Planejamento 3,XIII Méier,Engenho de Dentro,2019,6.245741324921136
Área de Planejamento 3,XIII Méier,Engenho de Dentro,2021,5.355866767600302
Área de Planejamento 3,XIII Méier,Engenho de Dentro,2023,5.7
Área de Planejamento 3,XIII Méier,Engenho Novo,2007,4.514341085271317
Área de Planejamento 3,XIII Méier,Engenho Novo,2009,4.726576576576576
Área de Planejamento 3,XIII Méier,Engenho Novo,2011,5.494270833333334
Área de Planejamento 3,XIII Méier,Engenho Novo,2013,5.510869565217392
Área de Planejamento 3,XIII Méier,Engenho Novo,2015,5.800531914893617
Área de Planejamento 3,XIII Méier,Engenho Novo,2017,5.5879396984924625
Área de Planejamento 3,XIII Méier,Engenho Novo,2019,5.768852459016393
Área de Planejamento 3,XIII Méier,Engenho Novo,2021,4.845428571428572
Área de Planejamento 3,XIII Méier,Engenho Novo,2023,5.5
Área de Planejamento 3,XIII Méier,Jacaré,2007,4.212264150943396
Área de Planejamento 3,XIII Méier,Jacaré,2009,4.225641025641026
Área de Planejamento 3,XIII Méier,Jacaré,2011,5.220909090909091
Área de Planejamento 3,XIII Méier,Jacaré,2013,5.448128342245989
Área de Planejamento 3,XIII Méier,Jacaré,2015,5.319018404907975
Área de Planejamento 3,XIII Méier,Jacaré,2017,5.3687804878048775
Área de Planejamento 3,XIII Méier,Jacaré,2019,5.451785714285714
Área de Planejamento 3,XIII Méier,Jacaré,2021,4.815020297699594
Área de Planejamento 3,XIII Méier,Jacaré,2023,5.1
Área de Planejamento 3,XIII Méier,Lins de Vasconcelos,2007,3.9512903225806455
Área de Planejamento 3,XIII Méier,Lins de Vasconcelos,2009,3.766
Área de Planejamento 3,XIII Méier,Lins de Vasconcelos,2011,4.917721518987341
Área de Planejamento 3,XIII Méier,Lins de Vasconcelos,2013,4.738383838383839
Área de Planejamento 3,XIII Méier,Lins de Vasconcelos,2015,4.821212121212121
Área de Planejamento 3,XIII Méier,Lins de Vasconcelos,2017,4.8618834080717495
Área de Planejamento 3,XIII Méier,Lins de Vasconcelos,2019,5.158992805755396
Área de Planejamento 3,XIII Méier,Lins de Vasconcelos,2021,4.5
Área de Planejamento 3,XIII Méier,Lins de Vasconcelos,2023,5.3
Área de Planejamento 3,XIII Méier,Méier,2007,4.560416666666667
Área de Planejamento 3,XIII Méier,Méier,2009,4.899657534246575
Área de Planejamento 3,XIII Méier,Méier,2011,5.438629283489097
Área de Planejamento 3,XIII Méier,Méier,2013,5.069950738916257
Área de Planejamento 3,XIII Méier,Méier,2015,5.793333333333333
Área de Planejamento 3,XIII Méier,Méier,2017,6.2
Área de Planejamento 3,XIII Méier,Méier,2019,6.2405063291139244
Área de Planejamento 3,XIII Méier,Méier,2021,5.4
Área de Planejamento 3,XIII Méier,Méier,2023,5.6
Área de Planejamento 3,XIII Méier,Piedade,2007,4.6410774410774405
Área de Planejamento 3,XIII Méier,Piedade,2009,5.114457831325301
Área de Planejamento 3,XIII Méier,Piedade,2011,5.677407407407408
Área de Planejamento 3,XIII Méier,Piedade,2013,6.219138755980862
Área de Planejamento 3,XIII Méier,Piedade,2015,5.779264214046822
Área de Planejamento 3,XIII Méier,Piedade,2017,5.656474820143885
Área de Planejamento 3,XIII Méier,Piedade,2019,5.826406926406926
Área de Planejamento 3,XIII Méier,Piedade,2021,5.949501661129569
Área de Planejamento 3,XIII Méier,Piedade,2023,6.5
Área de Planejamento 3,XIII Méier,Pilares,2007,4.797967479674797
Área de Planejamento 3,XIII Méier,Pilares,2009,5.979136690647482
Área de Planejamento 3,XIII Méier,Pilares,2011,5.953968253968254
Área de Planejamento 3,XIII Méier,Pilares,2013,5.857142857142857
Área de Planejamento 3,XIII Méier,Pilares,2015,5.810344827586207
Área de Planejamento 3,XIII Méier,Pilares,2017,6.225773195876289
Área de Planejamento 3,XIII Méier,Pilares,2019,5.993491124260355
Área de Planejamento 3,XIII Méier,Pilares,2021,4.6
Área de Planejamento 3,XIII Méier,Pilares,2023,5.9
Área de Planejamento 3,XIII Méier,Riachuelo,2007,4.1370786516853935
Área de Planejamento 3,XIII Méier,Riachuelo,2009,4.198
Área de Planejamento 3,XIII Méier,Riachuelo,2011,5.289677419354838
Área de Planejamento 3,XIII Méier,Riachuelo,2013,4.717142857142858
Área de Planejamento 3,XIII Méier,Riachuelo,2015,6.0
Área de Planejamento 3,XIII Méier,Riachuelo,2017,6.0
Área de Planejamento 3,XIII Méier,Riachuelo,2019,5.7
Área de Planejamento 3,XIII Méier,Riachuelo,2021,5.1
Área de Planejamento 3,XIII Méier,Riachuelo,2023,6.7
Área de Planejamento 3,XIII Méier,Rocha,2007,4.9845070422535205
Área de Planejamento 3,XIII Méier,Rocha,2009,5.097142857142857
Área de Planejamento 3,XIII Méier,Rocha,2011,5.618939393939394
Área de Planejamento 3,XIII Méier,Rocha,2013,5.229931972789116
Área de Planejamento 3,XIII Méier,Rocha,2015,5.280526315789474
Área de Planejamento 3,XIII Méier,Rocha,2017,5.281621621621622
Área de Planejamento 3,XIII Méier,Rocha,2019,5.445355191256831
Área de Planejamento 3,XIII Méier,Rocha,2021,5.02267942583732
Área de Planejamento 3,XIII Méier,Rocha,2023,5.7
Área de Planejamento 3,XIII Méier,Sampaio,2007,3.9
Área de Planejamento 3,XIII Méier,Sampaio,2009,4.7
Área de Planejamento 3,XIII Méier,Sampaio,2011,5.9
Área de Planejamento 3,XIII Méier,Sampaio,2013,5.4
Área de Planejamento 3,XIII Méier,Sampaio,2015,5.7
Área de Planejamento 3,XIII Méier,Sampaio,2019,5.4
Área de Planejamento 3,XIII Méier,Sampaio,2021,4.4
Área de Planejamento 3,XIII Méier,Sampaio,2023,4.8
Área de Planejamento 3,XIII Méier,Todos os Santos,2007,5.2
Área de Planejamento 3,XIII Méier,Todos os Santos,2009,5.4
Área de Planejamento 3,XIII Méier,Todos os Santos,2011,6.6
Área de Planejamento 3,XIII Méier,Todos os Santos,2013,5.7
Área de Planejamento 3,XIII Méier,Todos os Santos,2015,5.6
Área de Planejamento 3,XIII Méier,Todos os Santos,2017,6.2
Área de Planejamento 3,XXVIII Jacarezinho,Jacarezinho,2007,3.5999999999999996
Área de Planejamento 3,XXVIII Jacarezinho,Jacarezinho,2015,4.7
Área de Planejamento 3,XXVIII Jacarezinho,Jacarezinho,2017,4.8
Área de Planejamento 3,XXVIII Jacarezinho,Jacarezinho,2019,5.3
Área de Planejamento 3,XXVIII Jacarezinho,Jacarezinho,2023,5.2
Área de Planejamento 3,XIV Irajá,Colégio,2007,4.632901554404145
Área de Planejamento 3,XIV Irajá,Colégio,2009,5.653198653198653
Área de Planejamento 3,XIV Irajá,Colégio,2011,5.6009740259740255
Área de Planejamento 3,XIV Irajá,Colégio,2013,5.427810650887574
Área de Planejamento 3,XIV Irajá,Colégio,2015,5.8856031128404664
Área de Planejamento 3,XIV Irajá,Colégio,2017,5.680542986425339
Área de Planejamento 3,XIV Irajá,Colégio,2019,6.0107981220657285
Área de Planejamento 3,XIV Irajá,Colégio,2021,5.484337349397591
Área de Planejamento 3,XIV Irajá,Colégio,2023,6.0
Área de Planejamento 3,XIV Irajá,Irajá,2007,4.703466076696165
Área de Planejamento 3,XIV Irajá,Irajá,2009,5.2510204081632645
Área de Planejamento 3,XIV Irajá,Irajá,2011,5.513590604026846
Área de Planejamento 3,XIV Irajá,Irajá,2013,5.436387434554974
Área de Planejamento 3,XIV Irajá,Irajá,2015,5.879874213836478
Área de Planejamento 3,XIV Irajá,Irajá,2017,5.8782319391634985
Área de Planejamento 3,XIV Irajá,Irajá,2019,6.068776824034335
Área de Planejamento 3,XIV Irajá,Irajá,2021,5.576581145584726
Área de Planejamento 3,XIV Irajá,Irajá,2023,6.2
Área de Planejamento 3,XIV Irajá,Vicente de Carvalho,2007,4.3
Área de Planejamento 3,XIV Irajá,Vicente de Carvalho,2009,5.2
Área de Planejamento 3,XIV Irajá,Vicente de Carvalho,2011,4.9
Área de Planejamento 3,XIV Irajá,Vicente de Carvalho,2013,5.2
Área de Planejamento 3,XIV Irajá,Vicente de Carvalho,2015,5.6
Área de Planejamento 3,XIV Irajá,Vicente de Carvalho,2017,5.194
Área de Planejamento 3,XIV Irajá,Vicente de Carvalho,2019,5.973239436619719
Área de Planejamento 3,XIV Irajá,Vicente de Carvalho,2021,5.2
Área de Planejamento 3,XIV Irajá,Vicente de Carvalho,2023,5.5
Área de Planejamento 3,XIV Irajá,Vila Kosmos,2007,4.110775862068965
Área de Planejamento 3,XIV Irajá,Vila Kosmos,2009,4.9474820143884894
Área de Planejamento 3,XIV Irajá,Vila Kosmos,2011,5.452840909090909
Área de Planejamento 3,XIV Irajá,Vila Kosmos,2013,5.2627450980392165
Área de Planejamento 3,XIV Irajá,Vila Kosmos,2015,5.8196850393700785
Área de Planejamento 3,XIV Irajá,Vila Kosmos,2017,5.5
Área de Planejamento 3,XIV Irajá,Vila Kosmos,2019,5.6
Área de Planejamento 3,XIV Irajá,Vila Kosmos,2021,5.7
Área de Planejamento 3,XIV Irajá,Vila Kosmos,2023,5.5
Área de Planejamento 3,XIV Irajá,Vila da Penha,2007,5.3737704918032785
Área de Planejamento 3,XIV Irajá,Vila da Penha,2009,5.988888888888888
Área de Planejamento 3,XIV Irajá,Vila da Penha,2011,6.536974789915966
Área de Planejamento 3,XIV Irajá,Vila da Penha,2013,6.593617021276596
Área de Planejamento 3,XIV Irajá,Vila da Penha,2015,6.918079096045198
Área de Planejamento 3,XIV Irajá,Vila da Penha,2017,6.970430107526882
Área de Planejamento 3,XIV Irajá,Vila da Penha,2019,6.669491525423729
Área de Planejamento 3,XIV Irajá,Vila da Penha,2021,6.7
Área de Planejamento 3,XIV Irajá,Vila da Penha,2023,6.9
Área de Planejamento 3,XIV Irajá,Vista Alegre,2007,4.7
Área de Planejamento 3,XIV Irajá,Vista Alegre,2009,4.7
Área de Planejamento 3,XIV Irajá,Vista Alegre,2011,5.9
Área de Planejamento 3,XIV Irajá,Vista Alegre,2013,6.1
Área de Planejamento 3,XIV Irajá,Vista Alegre,2015,5.2
Área de Planejamento 3,XIV Irajá,Vista Alegre,2017,6.5
Área de Planejamento 3,XIV Irajá,Vista Alegre,2019,6.2
Área de Planejamento 3,XV Madureira,Bento Ribeiro,2007,4.5137931034482754
Área de Planejamento 3,XV Madureira,Bento Ribeiro,2009,4.839705882352941
Área de Planejamento 3,XV Madureira,Bento Ribeiro,2011,5.141791044776119
Área de Planejamento 3,XV Madureira,Bento Ribeiro,2013,5.470588235294118
Área de Planejamento 3,XV Madureira,Bento Ribeiro,2015,5.966666666666667
Área de Planejamento 3,XV Madureira,Bento Ribeiro,2017,6.067676767676768
Área de Planejamento 3,XV Madureira,Bento Ribeiro,2019,6.04516129032258
Área de Planejamento 3,XV Madureira,Bento Ribeiro,2021,5.674670571010249
Área de Planejamento 3,XV Madureira,Bento Ribeiro,2023,6.0
Área de Planejamento 3,XV Madureira,Campinho,2007,4.8
Área de Planejamento 3,XV Madureira,Campinho,2009,5.8
Área de Planejamento 3,XV Madureira,Campinho,2011,5.7
Área de Planejamento 3,XV Madureira,Campinho,2013,5.6
Área de Planejamento 3,XV Madureira,Campinho,2015,5.7
Área de Planejamento 3,XV Madureira,Campinho,2017,6.0
Área de Planejamento 3,XV Madureira,Campinho,2019,6.1
Área de Planejamento 3,XV Madureira,Campinho,2021,5.3
Área de Planejamento 3,XV Madureira,Campinho,2023,5.7
Área de Planejamento 3,XV Madureira,Cascadura,2007,4.344242424242424
Área de Planejamento 3,XV Madureira,Cascadura,2009,4.8662222222222224
Área de Planejamento 3,XV Madureira,Cascadura,2011,5.70985401459854
Área de Planejamento 3,XV Madureira,Cascadura,2013,5.0790613718411555
Área de Planejamento 3,XV Madureira,Cascadura,2015,5.672368421052631
Área de Planejamento 3,XV Madureira,Cascadura,2017,5.74661921708185
Área de Planejamento 3,XV Madureira,Cascadura,2019,5.957142857142858
Área de Planejamento 3,XV Madureira,Cascadura,2021,5.184108199492815
Área de Planejamento 3,XV Madureira,Cascadura,2023,6.2
Área de Planejamento 3,XV Madureira,Cavalcanti,2007,4.811748633879781
Área de Planejamento 3,XV Madureira,Cavalcanti,2009,5.286738351254479
Área de Planejamento 3,XV Madureira,Cavalcanti,2011,5.40748299319728
Área de Planejamento 3,XV Madureira,Cavalcanti,2013,5.564144736842105
Área de Planejamento 3,XV Madureira,Cavalcanti,2015,5.91015037593985
Área de Planejamento 3,XV Madureira,Cavalcanti,2017,6.2299999999999995
Área de Planejamento 3,XV Madureira,Cavalcanti,2019,5.803278688524591
Área de Planejamento 3,XV Madureira,Cavalcanti,2021,5.52422825070159
Área de Planejamento 3,XV Madureira,Cavalcanti,2023,6.0
Área de Planejamento 3,XV Madureira,Engenheiro Leal,2007,4.5109289617486334
Área de Planejamento 3,XV Madureira,Engenheiro Leal,2009,5.8175675675675675
Área de Planejamento 3,XV Madureira,Engenheiro Leal,2011,5.93803680981595
Área de Planejamento 3,XV Madureira,Engenheiro Leal,2013,5.6
Área de Planejamento 3,XV Madureira,Engenheiro Leal,2015,5.933082706766918
Área de Planejamento 3,XV Madureira,Engenheiro Leal,2017,6.105
Área de Planejamento 3,XV Madureira,Engenheiro Leal,2019,5.647572815533981
Área de Planejamento 3,XV Madureira,Engenheiro Leal,2021,4.4
Área de Planejamento 3,XV Madureira,Engenheiro Leal,2023,5.8
Área de Planejamento 3,XV Madureira,Honório Gurgel,2007,4.171548117154812
Área de Planejamento 3,XV Madureira,Honório Gurgel,2009,4.783422459893048
Área de Planejamento 3,XV Madureira,Honório Gurgel,2011,5.043169398907104
Área de Planejamento 3,XV Madureira,Honório Gurgel,2013,5.0814814814814815
Área de Planejamento 3,XV Madureira,Honório Gurgel,2015,5.13828125
Área de Planejamento 3,XV Madureira,Honório Gurgel,2017,5.271538461538461
Área de Planejamento 3,XV Madureira,Honório Gurgel,2019,5.461151079136692
Área de Planejamento 3,XV Madureira,Honório Gurgel,2021,4.993123209169054
Área de Planejamento 3,XV Madureira,Honório Gurgel,2023,6.0
Área de Planejamento 3,XV Madureira,Madureira,2007,4.073684210526316
Área de Planejamento 3,XV Madureira,Madureira,2009,5.028444444444444
Área de Planejamento 3,XV Madureira,Madureira,2011,5.248669201520912
Área de Planejamento 3,XV Madureira,Madureira,2013,4.881935483870968
Área de Planejamento 3,XV Madureira,Madureira,2015,5.170848708487085
Área de Planejamento 3,XV Madureira,Madureira,2017,5.477865612648221
Área de Planejamento 3,XV Madureira,Madureira,2019,5.302049180327869
Área de Planejamento 3,XV Madureira,Madureira,2021,4.733724653148346
Área de Planejamento 3,XV Madureira,Madureira,2023,5.5
Área de Planejamento 3,XV Madureira,Marechal Hermes,2007,4.5113243761996165
Área de Planejamento 3,XV Madureira,Marechal Hermes,2009,5.143733333333333
Área de Planejamento 3,XV Madureira,Marechal Hermes,2011,5.373913043478261
Área de Planejamento 3,XV Madureira,Marechal Hermes,2013,5.876237623762377
Área de Planejamento 3,XV Madureira,Marechal Hermes,2015,5.905945945945946
Área de Planejamento 3,XV Madureira,Marechal Hermes,2017,6.0141242937853105
Área de Planejamento 3,XV Madureira,Marechal Hermes,2019,5.829846153846154
Área de Planejamento 3,XV Madureira,Marechal Hermes,2021,5.859009009009009
Área de Planejamento 3,XV Madureira,Marechal Hermes,2023,6.6
Área de Planejamento 3,XV Madureira,Oswaldo Cruz,2007,4.433112582781457
Área de Planejamento 3,XV Madureira,Oswaldo Cruz,2009,5.290954773869347
Área de Planejamento 3,XV Madureira,Oswaldo Cruz,2011,5.177456647398843
Área de Planejamento 3,XV Madureira,Oswaldo Cruz,2013,5.182838283828384
Área de Planejamento 3,XV Madureira,Oswaldo Cruz,2015,5.830379746835443
Área de Planejamento 3,XV Madureira,Oswaldo Cruz,2017,5.930685920577617
Área de Planejamento 3,XV Madureira,Oswaldo Cruz,2019,6.054710144927536
Área de Planejamento 3,XV Madureira,Oswaldo Cruz,2021,5.885013623978201
Área de Planejamento 3,XV Madureira,Oswaldo Cruz,2023,6.2
Área de Planejamento 3,XV Madureira,Quintino Bocaiúva,2007,4.6922807017543855
Área de Planejamento 3,XV Madureira,Quintino Bocaiúva,2009,5.325536992840096
Área de Planejamento 3,XV Madureira,Quintino Bocaiúva,2011,5.7448621553884704
Área de Planejamento 3,XV Madureira,Quintino Bocaiúva,2013,5.650485436893204
Área de Planejamento 3,XV Madureira,Quintino Bocaiúva,2015,5.574406332453825
Área de Planejamento 3,XV Madureira,Quintino Bocaiúva,2017,5.936624203821657
Área de Planejamento 3,XV Madureira,Quintino Bocaiúva,2019,5.678378378378379
Área de Planejamento 3,XV Madureira,Quintino Bocaiúva,2021,5.679041353383458
Área de Planejamento 3,XV Madureira,Quintino Bocaiúva,2023,6.3
Área de Planejamento 3,XV Madureira,Rocha Miranda,2007,4.656847545219639
Área de Planejamento 3,XV Madureira,Rocha Miranda,2009,5.142700729927007
Área de Planejamento 3,XV Madureira,Rocha Miranda,2011,5.373058637083994
Área de Planejamento 3,XV Madureira,Rocha Miranda,2013,5.2272727272727275
Área de Planejamento 3,XV Madureira,Rocha Miranda,2015,5.759318637274549
Área de Planejamento 3,XV Madureira,Rocha Miranda,2017,5.590217391304348
Área de Planejamento 3,XV Madureira,Rocha Miranda,2019,5.5619565217391305
Área de Planejamento 3,XV Madureira,Rocha Miranda,2021,5.161235697940504
Área de Planejamento 3,XV Madureira,Rocha Miranda,2023,5.7
Área de Planejamento 3,XV Madureira,Turiaçu,2007,4.239062499999999
Área de Planejamento 3,XV Madureira,Turiaçu,2009,4.283333333333333
Área de Planejamento 3,XV Madureira,Turiaçu,2011,5.029126213592233
Área de Planejamento 3,XV Madureira,Turiaçu,2013,5.728682170542636
Área de Planejamento 3,XV Madureira,Turiaçu,2015,5.214754098360656
Área de Planejamento 3,XV Madureira,Turiaçu,2017,5.922826086956522
Área de Planejamento 3,XV Madureira,Turiaçu,2019,5.348623853211009
Área de Planejamento 3,XV Madureira,Turiaçu,2021,5.4
Área de Planejamento 3,XV Madureira,Turiaçu,2023,5.8
Área de Planejamento 3,XV Madureira,Vaz Lobo,2007,3.8
Área de Planejamento 3,XV Madureira,Vaz Lobo,2009,5.0
Área de Planejamento 3,XV Madureira,Vaz Lobo,2011,4.8
Área de Planejamento 3,XV Madureira,Vaz Lobo,2013,4.8
Área de Planejamento 3,XV Madureira,Vaz Lobo,2015,4.6
Área de Planejamento 3,XV Madureira,Vaz Lobo,2017,5.4
Área de Planejamento 3,XV Madureira,Vaz Lobo,2019,4.9
Área de Planejamento 3,XV Madureira,Vaz Lobo,2023,5.1
Área de Planejamento 3,XII Inhaúma,Del Castilho,2007,4.566492146596859
Área de Planejamento 3,XII Inhaúma,Del Castilho,2009,6.267326732673268
Área de Planejamento 3,XII Inhaúma,Del Castilho,2011,5.475641025641026
Área de Planejamento 3,XII Inhaúma,Del Castilho,2013,4.802985074626866
Área de Planejamento 3,XII Inhaúma,Del Castilho,2015,5.6
Área de Planejamento 3,XII Inhaúma,Del Castilho,2017,5.1
Área de Planejamento 3,XII Inhaúma,Del Castilho,2023,5.8
Área de Planejamento 3,XII Inhaúma,Engenho da Rainha,2007,4.3253125
Área de Planejamento 3,XII Inhaúma,Engenho da Rainha,2009,4.688532110091742
Área de Planejamento 3,XII Inhaúma,Engenho da Rainha,2011,5.145525291828794
Área de Planejamento 3,XII Inhaúma,Engenho da Rainha,2013,5.00324074074074
Área de Planejamento 3,XII Inhaúma,Engenho da Rainha,2015,5.047311827956989
Área de Planejamento 3,XII Inhaúma,Engenho da Rainha,2017,5.404477611940298
Área de Planejamento 3,XII Inhaúma,Engenho da Rainha,2019,5.774545454545455
Área de Planejamento 3,XII Inhaúma,Engenho da Rainha,2021,4.971639950678175
Área de Planejamento 3,XII Inhaúma,Engenho da Rainha,2023,5.9
Área de Planejamento 3,XII Inhaúma,Higienópolis,2007,4.611069418386491
Área de Planejamento 3,XII Inhaúma,Higienópolis,2009,4.8542483660130715
Área de Planejamento 3,XII Inhaúma,Higienópolis,2011,4.788111888111888
Área de Planejamento 3,XII Inhaúma,Higienópolis,2013,4.761230769230769
Área de Planejamento 3,XII Inhaúma,Higienópolis,2015,5.042857142857143
Área de Planejamento 3,XII Inhaúma,Higienópolis,2017,5.800000000000001
Área de Planejamento 3,XII Inhaúma,Higienópolis,2019,5.551867219917012
Área de Planejamento 3,XII Inhaúma,Higienópolis,2021,5.4327251995439
Área de Planejamento 3,XII Inhaúma,Higienópolis,2023,6.0
Área de Planejamento 3,XII Inhaúma,Inhaúma,2007,4.425932062966032
Área de Planejamento 3,XII Inhaúma,Inhaúma,2009,5.1795328142380415
Área de Planejamento 3,XII Inhaúma,Inhaúma,2011,5.428686327077748
Área de Planejamento 3,XII Inhaúma,Inhaúma,2013,5.487589498806682
Área de Planejamento 3,XII Inhaúma,Inhaúma,2015,5.628079911209767
Área de Planejamento 3,XII Inhaúma,Inhaúma,2017,5.528010139416984
Área de Planejamento 3,XII Inhaúma,Inhaúma,2019,5.867280606717226
Área de Planejamento 3,XII Inhaúma,Inhaúma,2021,5.426137529934999
Área de Planejamento 3,XII Inhaúma,Inhaúma,2023,5.9
Área de Planejamento 3,XII Inhaúma,Maria da Graça,2007,4.2
Área de Planejamento 3,XII Inhaúma,Maria da Graça,2009,4.2
Área de Planejamento 3,XII Inhaúma,Maria da Graça,2011,4.7
Área de Planejamento 3,XII Inhaúma,Maria da Graça,2013,4.3
Área de Planejamento 3,XII Inhaúma,Maria da Graça,2015,4.3
Área de Planejamento 3,XII Inhaúma,Maria da Graça,2017,4.9
Área de Planejamento 3,XII Inhaúma,Maria da Graça,2019,5.2
Área de Planejamento 3,XII Inhaúma,Maria da Graça,2021,4.9
Área de Planejamento 3,XII Inhaúma,Maria da Graça,2023,4.8
Área de Planejamento 3,XII Inhaúma,Tomás Coelho,2007,4.694915254237288
Área de Planejamento 3,XII Inhaúma,Tomás Coelho,2009,5.393650793650794
Área de Planejamento 3,XII Inhaúma,Tomás Coelho,2011,5.5
Área de Planejamento 3,XII Inhaúma,Tomás Coelho,2013,5.0
Área de Planejamento 3,XII Inhaúma,Tomás Coelho,2015,5.1
Área de Planejamento 3,XII Inhaúma,Tomás Coelho,2019,5.400000000000001
Área de Planejamento 3,XII Inhaúma,Tomás Coelho,2023,6.5
Área de Planejamento 3,XXIX Complexo do Alemão,Complexo do Alemão,2007,3.8000000000000003
Área de Planejamento 3,XXIX Complexo do Alemão,Complexo do Alemão,2009,4.2
Área de Planejamento 3,XXIX Complexo do Alemão,Complexo do Alemão,2011,5.6
Área de Planejamento 3,XXIX Complexo do Alemão,Complexo do Alemão,2013,4.870342205323194
Área de Planejamento 3,XXIX Complexo do Alemão,Complexo do Alemão,2015,5.587628865979381
Área de Planejamento 3,XXIX Complexo do Alemão,Complexo do Alemão,2017,5.199502487562189
Área de Planejamento 3,XXIX Complexo do Alemão,Complexo do Alemão,2019,5.347709923664122
Área de Planejamento 3,XXIX Complexo do Alemão,Complexo do Alemão,2021,4.548613037447989
Área de Planejamento 3,XXIX Complexo do Alemão,Complexo do Alemão,2023,5.4
Área de Planejamento 3,XI Penha,Brás de Pina,2007,4.8720216606498195
Área de Planejamento 3,XI Penha,Brás de Pina,2009,5.156444444444444
Área de Planejamento 3,XI Penha,Brás de Pina,2011,5.7439024390243905
Área de Planejamento 3,XI Penha,Brás de Pina,2013,5.3313725490196076
Área de Planejamento 3,XI Penha,Brás de Pina,2015,5.473
Área de Planejamento 3,XI Penha,Brás de Pina,2017,5.711351351351351
Área de Planejamento 3,XI Penha,Brás de Pina,2019,5.790155440414508
Área de Planejamento 3,XI Penha,Brás de Pina,2021,6.0
Área de Planejamento 3,XI Penha,Brás de Pina,2023,6.3
Área de Planejamento 3,XI Penha,Penha,2007,4.487165178571429
Área de Planejamento 3,XI Penha,Penha,2009,4.952941176470588
Área de Planejamento 3,XI Penha,Penha,2011,5.138387978142076
Área de Planejamento 3,XI Penha,Penha,2013,4.93076923076923
Área de Planejamento 3,XI Penha,Penha,2015,5.420857142857142
Área de Planejamento 3,XI Penha,Penha,2017,5.388658146964857
Área de Planejamento 3,XI Penha,Penha,2019,5.623137254901961
Área de Planejamento 3,XI Penha,Penha,2021,4.831074260994953
Área de Planejamento 3,XI Penha,Penha,2023,5.9
Área de Planejamento 3,XI Penha,Penha Circular,2007,4.909274873524452
Área de Planejamento 3,XI Penha,Penha Circular,2009,5.230875576036866
Área de Planejamento 3,XI Penha,Penha Circular,2011,5.695101351351352
Área de Planejamento 3,XI Penha,Penha Circular,2013,5.6082
Área de Planejamento 3,XI Penha,Penha Circular,2015,5.733506493506494
Área de Planejamento 3,XI Penha,Penha Circular,2017,5.445368171021378
Área de Planejamento 3,XI Penha,Penha Circular,2019,5.6613231552162855
Área de Planejamento 3,XI Penha,Penha Circular,2021,5.203446625179511
Área de Planejamento 3,XI Penha,Penha Circular,2023,6.5
Área de Planejamento 3,XXXI Vigário Geral,Cordovil,2007,4.3429078014184395
Área de Planejamento 3,XXXI Vigário Geral,Cordovil,2009,5.074795081967213
Área de Planejamento 3,XXXI Vigário Geral,Cordovil,2011,5.467237687366167
Área de Planejamento 3,XXXI Vigário Geral,Cordovil,2013,5.026133909287257
Área de Planejamento 3,XXXI Vigário Geral,Cordovil,2015,5.485542168674699
Área de Planejamento 3,XXXI Vigário Geral,Cordovil,2017,5.6079591836734695
Área de Planejamento 3,XXXI Vigário Geral,Cordovil,2019,5.794583333333334
Área de Planejamento 3,XXXI Vigário Geral,Cordovil,2021,5.62614247311828
Área de Planejamento 3,XXXI Vigário Geral,Cordovil,2023,6.0
Área de Planejamento 3,XXXI Vigário Geral,Jardim América,2007,4.717054263565892
Área de Planejamento 3,XXXI Vigário Geral,Jardim América,2009,5.286127167630058
Área de Planejamento 3,XXXI Vigário Geral,Jardim América,2011,5.524885844748859
Área de Planejamento 3,XXXI Vigário Geral,Jardim América,2013,5.129314420803782
Área de Planejamento 3,XXXI Vigário Geral,Jardim América,2015,5.735215946843854
Área de Planejamento 3,XXXI Vigário Geral,Jardim América,2017,5.940970350404313
Área de Planejamento 3,XXXI Vigário Geral,Jardim América,2019,5.560436137071651
Área de Planejamento 3,XXXI Vigário Geral,Jardim América,2021,5.436842105263158
Área de Planejamento 3,XXXI Vigário Geral,Jardim América,2023,5.9
Área de Planejamento 3,XXXI Vigário Geral,Parada de Lucas,2007,3.964055299539171
Área de Planejamento 3,XXXI Vigário Geral,Parada de Lucas,2009,4.830366492146598
Área de Planejamento 3,XXXI Vigário Geral,Parada de Lucas,2011,5.278666666666666
Área de Planejamento 3,XXXI Vigário Geral,Parada de Lucas,2013,5.0
Área de Planejamento 3,XXXI Vigário Geral,Parada de Lucas,2015,5.400000000000001
Área de Planejamento 3,XXXI Vigário Geral,Parada de Lucas,2017,5.2
Área de Planejamento 3,XXXI Vigário Geral,Parada de Lucas,2021,4.7
Área de Planejamento 3,XXXI Vigário Geral,Parada de Lucas,2023,5.2
Área de Planejamento 3,XXXI Vigário Geral,Vigário Geral,2007,3.8170403587443946
Área de Planejamento 3,XXXI Vigário Geral,Vigário Geral,2009,4.678333333333334
Área de Planejamento 3,XXXI Vigário Geral,Vigário Geral,2011,4.737136929460581
Área de Planejamento 3,XXXI Vigário Geral,Vigário Geral,2013,4.134126984126984
Área de Planejamento 3,XXXI Vigário Geral,Vigário Geral,2015,5.035555555555556
Área de Planejamento 3,XXXI Vigário Geral,Vigário Geral,2017,4.947814910025707
Área de Planejamento 3,XXXI Vigário Geral,Vigário Geral,2019,5.17163323782235
Área de Planejamento 3,XXXI Vigário Geral,Vigário Geral,2021,5.05137614678899
Área de Planejamento 3,XXXI Vigário Geral,Vigário Geral,2023,5.8
Área de Planejamento 3,XXII Anchieta,Anchieta,2007,4.225891181988743
Área de Planejamento 3,XXII Anchieta,Anchieta,2009,4.604166666666667
Área de Planejamento 3,XXII Anchieta,Anchieta,2011,4.745454545454545
Área de Planejamento 3,XXII Anchieta,Anchieta,2013,4.801449275362319
Área de Planejamento 3,XXII Anchieta,Anchieta,2015,4.854716981132075
Área de Planejamento 3,XXII Anchieta,Anchieta,2017,5.352208835341365
Área de Planejamento 3,XXII Anchieta,Anchieta,2019,5.053846153846154
Área de Planejamento 3,XXII Anchieta,Anchieta,2021,5.22654996353027
Área de Planejamento 3,XXII Anchieta,Anchieta,2023,5.5
Área de Planejamento 3,XXII Anchieta,Guadalupe,2007,4.6788844621513945
Área de Planejamento 3,XXII Anchieta,Guadalupe,2009,5.380388692579505
Área de Planejamento 3,XXII Anchieta,Guadalupe,2011,5.6939935064935066
Área de Planejamento 3,XXII Anchieta,Guadalupe,2013,5.400598802395209
Área de Planejamento 3,XXII Anchieta,Guadalupe,2015,5.546210720887245
Área de Planejamento 3,XXII Anchieta,Guadalupe,2017,5.711392405063292
Área de Planejamento 3,XXII Anchieta,Guadalupe,2019,5.712408759124089
Área de Planejamento 3,XXII Anchieta,Guadalupe,2021,5.45251282051282
Área de Planejamento 3,XXII Anchieta,Guadalupe,2023,6.1
Área de Planejamento 3,XXII Anchieta,Parque Anchieta,2007,4.8173393124065775
Área de Planejamento 3,XXII Anchieta,Parque Anchieta,2009,5.769022869022869
Área de Planejamento 3,XXII Anchieta,Parque Anchieta,2011,6.160893854748603
Área de Planejamento 3,XXII Anchieta,Parque Anchieta,2013,5.938927335640138
Área de Planejamento 3,XXII Anchieta,Parque Anchieta,2015,5.901197604790419
Área de Planejamento 3,XXII Anchieta,Parque Anchieta,2017,5.881640625000001
Área de Planejamento 3,XXII Anchieta,Parque Anchieta,2019,5.94066985645933
Área de Planejamento 3,XXII Anchieta,Parque Anchieta,2021,5.879740791268759
Área de Planejamento 3,XXII Anchieta,Parque Anchieta,2023,6.2
Área de Planejamento 3,XXII Anchieta,Ricardo de Albuquerque,2007,4.384962406015038
Área de Planejamento 3,XXII Anchieta,Ricardo de Albuquerque,2009,4.7
Área de Planejamento 3,XXII Anchieta,Ricardo de Albuquerque,2011,5.5
Área de Planejamento 3,XXII Anchieta,Ricardo de Albuquerque,2013,5.2
Área de Planejamento 3,XXII Anchieta,Ricardo de Albuquerque,2015,5.5
Área de Planejamento 3,XXII Anchieta,Ricardo de Albuquerque,2017,6.1
Área de Planejamento 3,XXII Anchieta,Ricardo de Albuquerque,2021,5.0
Área de Planejamento 3,XXII Anchieta,Ricardo de Albuquerque,2023,5.9
Área de Planejamento 3,XXV Pavuna,Acari,2007,4.7
Área de Planejamento 3,XXV Pavuna,Acari,2009,4.443703703703704
Área de Planejamento 3,XXV Pavuna,Acari,2011,4.977692307692307
Área de Planejamento 3,XXV Pavuna,Acari,2013,5.051700680272108
Área de Planejamento 3,XXV Pavuna,Acari,2015,5.2496598639455785
Área de Planejamento 3,XXV Pavuna,Acari,2017,5.243046357615895
Área de Planejamento 3,XXV Pavuna,Acari,2019,5.5
Área de Planejamento 3,XXV Pavuna,Acari,2021,5.5
Área de Planejamento 3,XXV Pavuna,Acari,2023,5.2
Área de Planejamento 3,XXV Pavuna,Barros Filho,2017,5.3
Área de Planejamento 3,XXV Pavuna,Barros Filho,2019,5.6
Área de Planejamento 3,XXV Pavuna,Barros Filho,2021,5.0
Área de Planejamento 3,XXV Pavuna,Barros Filho,2023,5.4
Área de Planejamento 3,XXV Pavuna,Coelho Neto,2007,4.225548387096774
Área de Planejamento 3,XXV Pavuna,Coelho Neto,2009,4.595969289827256
Área de Planejamento 3,XXV Pavuna,Coelho Neto,2011,4.817084639498433
Área de Planejamento 3,XXV Pavuna,Coelho Neto,2013,4.520105820105821
Área de Planejamento 3,XXV Pavuna,Coelho Neto,2015,5.195426195426195
Área de Planejamento 3,XXV Pavuna,Coelho Neto,2017,5.169354838709677
Área de Planejamento 3,XXV Pavuna,Coelho Neto,2019,5.5119186046511635
Área de Planejamento 3,XXV Pavuna,Coelho Neto,2021,4.833352049410444
Área de Planejamento 3,XXV Pavuna,Coelho Neto,2023,5.2
Área de Planejamento 3,XXV Pavuna,Costa Barros,2007,3.9616541353383457
Área de Planejamento 3,XXV Pavuna,Costa Barros,2009,4.398630136986302
Área de Planejamento 3,XXV Pavuna,Costa Barros,2011,5.531455399061033
Área de Planejamento 3,XXV Pavuna,Costa Barros,2013,4.160256410256411
Área de Planejamento 3,XXV Pavuna,Costa Barros,2015,4.715909090909091
Área de Planejamento 3,XXV Pavuna,Costa Barros,2017,5.112765957446809
Área de Planejamento 3,XXV Pavuna,Costa Barros,2019,4.88375
Área de Planejamento 3,XXV Pavuna,Costa Barros,2021,5.0
Área de Planejamento 3,XXV Pavuna,Costa Barros,2023,5.2
Área de Planejamento 3,XXV Pavuna,Parque Columbia,2007,4.4
Área de Planejamento 3,XXV Pavuna,Parque Columbia,2009,4.8
Área de Planejamento 3,XXV Pavuna,Parque Columbia,2011,5.2
Área de Planejamento 3,XXV Pavuna,Parque Columbia,2013,5.0
Área de Planejamento 3,XXV Pavuna,Parque Columbia,2015,4.8
Área de Planejamento 3,XXV Pavuna,Parque Columbia,2017,5.2
Área de Planejamento 3,XXV Pavuna,Parque Columbia,2019,5.1
Área de Planejamento 3,XXV Pavuna,Parque Columbia,2021,4.9
Área de Planejamento 3,XXV Pavuna,Parque Columbia,2023,5.1
Área de Planejamento 3,XXV Pavuna,Pavuna,2007,4.5800803673938
Área de Planejamento 3,XXV Pavuna,Pavuna,2009,5.088653555219365
Área de Planejamento 3,XXV Pavuna,Pavuna,2011,5.613639679066375
Área de Planejamento 3,XXV Pavuna,Pavuna,2013,5.306037473976406
Área de Planejamento 3,XXV Pavuna,Pavuna,2015,5.505966386554621
Área de Planejamento 3,XXV Pavuna,Pavuna,2017,5.49953488372093
Área de Planejamento 3,XXV Pavuna,Pavuna,2019,5.471647509578544
Área de Planejamento 3,XXV Pavuna,Pavuna,2021,5.274196737518536
Área de Planejamento 3,XXV Pavuna,Pavuna,2023,5.7
Área de Planejamento 3,XX Ilha do Governador,Bancários,2007,4.533783783783784
Área de Planejamento 3,XX Ilha do Governador,Bancários,2009,4.513291139240506
Área de Planejamento 3,XX Ilha do Governador,Bancários,2011,4.9857894736842105
Área de Planejamento 3,XX Ilha do Governador,Bancários,2013,4.5036496350364965
Área de Planejamento 3,XX Ilha do Governador,Bancários,2015,5.570454545454545
Área de Planejamento 3,XX Ilha do Governador,Bancários,2017,5.323913043478261
Área de Planejamento 3,XX Ilha do Governador,Bancários,2019,5.723111111111112
Área de Planejamento 3,XX Ilha do Governador,Bancários,2021,5.563157894736843
Área de Planejamento 3,XX Ilha do Governador,Bancários,2023,5.8
Área de Planejamento 3,XX Ilha do Governador,Cacuia,2007,4.3
Área de Planejamento 3,XX Ilha do Governador,Cacuia,2011,4.3
Área de Planejamento 3,XX Ilha do Governador,Cacuia,2013,5.2
Área de Planejamento 3,XX Ilha do Governador,Cacuia,2015,5.4
Área de Planejamento 3,XX Ilha do Governador,Cacuia,2017,5.7
Área de Planejamento 3,XX Ilha do Governador,Cacuia,2019,5.5
Área de Planejamento 3,XX Ilha do Governador,Cacuia,2021,5.8
Área de Planejamento 3,XX Ilha do Governador,Cacuia,2023,5.8
Área de Planejamento 3,XX Ilha do Governador,Cidade Universitária,2007,4.5
Área de Planejamento 3,XX Ilha do Governador,Cidade Universitária,2009,4.6
Área de Planejamento 3,XX Ilha do Governador,Cidade Universitária,2011,5.3
Área de Planejamento 3,XX Ilha do Governador,Cidade Universitária,2013,5.1
Área de Planejamento 3,XX Ilha do Governador,Cidade Universitária,2015,6.2
Área de Planejamento 3,XX Ilha do Governador,Cidade Universitária,2017,5.7
Área de Planejamento 3,XX Ilha do Governador,Cidade Universitária,2019,5.9
Área de Planejamento 3,XX Ilha do Governador,Cidade Universitária,2021,6.1
Área de Planejamento 3,XX Ilha do Governador,Cidade Universitária,2023,6.4
Área de Planejamento 3,XX Ilha do Governador,Cocotá,2007,5.4
Área de Planejamento 3,XX Ilha do Governador,Cocotá,2009,5.2
Área de Planejamento 3,XX Ilha do Governador,Cocotá,2011,6.0
Área de Planejamento 3,XX Ilha do Governador,Cocotá,2013,6.0
Área de Planejamento 3,XX Ilha do Governador,Cocotá,2015,6.1
Área de Planejamento 3,XX Ilha do Governador,Cocotá,2017,5.9
Área de Planejamento 3,XX Ilha do Governador,Cocotá,2019,6.099999999999999
Área de Planejamento 3,XX Ilha do Governador,Cocotá,2021,6.1
Área de Planejamento 3,XX Ilha do Governador,Freguesia (Ilha do Governador),2007,4.7
Área de Planejamento 3,XX Ilha do Governador,Freguesia (Ilha do Governador),2009,3.9
Área de Planejamento 3,XX Ilha do Governador,Freguesia (Ilha do Governador),2011,4.6
Área de Planejamento 3,XX Ilha do Governador,Freguesia (Ilha do Governador),2013,4.0
Área de Planejamento 3,XX Ilha do Governador,Freguesia (Ilha do Governador),2015,4.8
Área de Planejamento 3,XX Ilha do Governador,Freguesia (Ilha do Governador),2017,5.4
Área de Planejamento 3,XX Ilha do Governador,Freguesia (Ilha do Governador),2019,5.5
Área de Planejamento 3,XX Ilha do Governador,Freguesia (Ilha do Governador),2023,5.3
Área de Planejamento 3,XX Ilha do Governador,Galeão,2007,4.783
Área de Planejamento 3,XX Ilha do Governador,Galeão,2009,4.952573529411764
Área de Planejamento 3,XX Ilha do Governador,Galeão,2011,5.325
Área de Planejamento 3,XX Ilha do Governador,Galeão,2013,5.45982905982906
Área de Planejamento 3,XX Ilha do Governador,Galeão,2015,6.049785407725322
Área de Planejamento 3,XX Ilha do Governador,Galeão,2017,6.022175732217573
Área de Planejamento 3,XX Ilha do Governador,Galeão,2019,5.9875
Área de Planejamento 3,XX Ilha do Governador,Galeão,2021,4.716253002401922
Área de Planejamento 3,XX Ilha do Governador,Galeão,2023,6.2
Área de Planejamento 3,XX Ilha do Governador,Jardim Carioca,2007,4.843478260869565
Área de Planejamento 3,XX Ilha do Governador,Jardim Carioca,2009,5.3
Área de Planejamento 3,XX Ilha do Governador,Jardim Carioca,2011,5.6457746478873245
Área de Planejamento 3,XX Ilha do Governador,Jardim Carioca,2013,5.5
Área de Planejamento 3,XX Ilha do Governador,Jardim Carioca,2015,6.192982456140351
Área de Planejamento 3,XX Ilha do Governador,Jardim Carioca,2017,5.69622641509434
Área de Planejamento 3,XX Ilha do Governador,Jardim Carioca,2019,5.900000000000001
Área de Planejamento 3,XX Ilha do Governador,Jardim Carioca,2021,5.776182136602452
Área de Planejamento 3,XX Ilha do Governador,Jardim Carioca,2023,5.8
Área de Planejamento 3,XX Ilha do Governador,Jardim Guanabara,2007,5.077540106951871
Área de Planejamento 3,XX Ilha do Governador,Jardim Guanabara,2009,5.738150289017341
Área de Planejamento 3,XX Ilha do Governador,Jardim Guanabara,2011,6.167469879518072
Área de Planejamento 3,XX Ilha do Governador,Jardim Guanabara,2013,6.643661971830985
Área de Planejamento 3,XX Ilha do Governador,Jardim Guanabara,2015,6.570666666666667
Área de Planejamento 3,XX Ilha do Governador,Jardim Guanabara,2017,6.75
Área de Planejamento 3,XX Ilha do Governador,Jardim Guanabara,2019,6.5248366013071895
Área de Planejamento 3,XX Ilha do Governador,Jardim Guanabara,2021,6.285135135135136
Área de Planejamento 3,XX Ilha do Governador,Jardim Guanabara,2023,6.6
Área de Planejamento 3,XX Ilha do Governador,Moneró,2007,4.926027397260274
Área de Planejamento 3,XX Ilha do Governador,Moneró,2009,5.220833333333333
Área de Planejamento 3,XX Ilha do Governador,Moneró,2011,6.005940594059406
Área de Planejamento 3,XX Ilha do Governador,Moneró,2013,5.788764044943821
Área de Planejamento 3,XX Ilha do Governador,Moneró,2015,5.810638297872341
Área de Planejamento 3,XX Ilha do Governador,Moneró,2017,5.871875
Área de Planejamento 3,XX Ilha do Governador,Moneró,2019,6.15360824742268
Área de Planejamento 3,XX Ilha do Governador,Moneró,2021,5.8
Área de Planejamento 3,XX Ilha do Governador,Moneró,2023,6.7
Área de Planejamento 3,XX Ilha do Governador,Pitangueiras,2007,5.2
Área de Planejamento 3,XX Ilha do Governador,Pitangueiras,2009,5.5
Área de Planejamento 3,XX Ilha do Governador,Pitangueiras,2011,5.7
Área de Planejamento 3,XX Ilha do Governador,Pitangueiras,2013,6.5
Área de Planejamento 3,XX Ilha do Governador,Pitangueiras,2015,6.6
Área de Planejamento 3,XX Ilha do Governador,Pitangueiras,2017,6.2
Área de Planejamento 3,XX Ilha do Governador,Pitangueiras,2019,6.6
Área de Planejamento 3,XX Ilha do Governador,Pitangueiras,2021,5.9
Área de Planejamento 3,XX Ilha do Governador,Pitangueiras,2023,6.4
Área de Planejamento 3,XX Ilha do Governador,Portuguesa,2007,4.815530303030304
Área de Planejamento 3,XX Ilha do Governador,Portuguesa,2009,4.607881773399015
Área de Planejamento 3,XX Ilha do Governador,Portuguesa,2011,5.5774509803921575
Área de Planejamento 3,XX Ilha do Governador,Portuguesa,2013,4.438888888888888
Área de Planejamento 3,XX Ilha do Governador,Portuguesa,2015,4.901652892561983
Área de Planejamento 3,XX Ilha do Governador,Portuguesa,2017,4.826881720430108
Área de Planejamento 3,XX Ilha do Governador,Portuguesa,2019,5.866666666666666
Área de Planejamento 3,XX Ilha do Governador,Portuguesa,2021,5.153846153846154
Área de Planejamento 3,XX Ilha do Governador,Portuguesa,2023,6.0
Área de Planejamento 3,XX Ilha do Governador,Praia da Bandeira,2007,4.6
Área de Planejamento 3,XX Ilha do Governador,Praia da Bandeira,2009,5.1
Área de Planejamento 3,XX Ilha do Governador,Praia da Bandeira,2011,4.9
Área de Planejamento 3,XX Ilha do Governador,Praia da Bandeira,2013,5.9
Área de Planejamento 3,XX Ilha do Governador,Praia da Bandeira,2015,5.4
Área de Planejamento 3,XX Ilha do Governador,Praia da Bandeira,2019,5.2
Área de Planejamento 3,XX Ilha do Governador,Praia da Bandeira,2021,5.8
Área de Planejamento 3,XX Ilha do Governador,Praia da Bandeira,2023,6.2
Área de Planejamento 3,XX Ilha do Governador,Tauá,2007,4.872262773722627
Área de Planejamento 3,XX Ilha do Governador,Tauá,2009,4.793181818181819
Área de Planejamento 3,XX Ilha do Governador,Tauá,2011,6.1
Área de Planejamento 3,XX Ilha do Governador,Tauá,2013,5.8
Área de Planejamento 3,XX Ilha do Governador,Tauá,2015,5.8
Área de Planejamento 3,XX Ilha do Governador,Tauá,2017,6.0
Área de Planejamento 3,XX Ilha do Governador,Tauá,2019,6.3
Área de Planejamento 3,XX Ilha do Governador,Tauá,2023,6.0
Área de Planejamento 3,XX Ilha do Governador,Zumbi,2007,4.9
Área de Planejamento 3,XX Ilha do Governador,Zumbi,2009,5.4
Área de Planejamento 3,XX Ilha do Governador,Zumbi,2011,5.8
Área de Planejamento 3,XX Ilha do Governador,Zumbi,2013,5.9
Área de Planejamento 3,XX Ilha do Governador,Zumbi,2015,5.8
Área de Planejamento 3,XX Ilha do Governador,Zumbi,2017,6.0
Área de Planejamento 3,XX Ilha do Governador,Zumbi,2019,5.9
Área de Planejamento 3,XX Ilha do Governador,Zumbi,2021,4.8
Área de Planejamento 3,XX Ilha do Governador,Zumbi,2023,6.0
Área de Planejamento 4,XVI Jacarepaguá,Anil,2007,5.4
Área de Planejamento 4,XVI Jacarepaguá,Anil,2009,5.430851063829787
Área de Planejamento 4,XVI Jacarepaguá,Anil,2011,5.6141148325358845
Área de Planejamento 4,XVI Jacarepaguá,Anil,2013,5.450773195876289
Área de Planejamento 4,XVI Jacarepaguá,Anil,2015,5.343636363636364
Área de Planejamento 4,XVI Jacarepaguá,Anil,2017,5.928820116054158
Área de Planejamento 4,XVI Jacarepaguá,Anil,2019,6.125901639344262
Área de Planejamento 4,XVI Jacarepaguá,Anil,2021,5.421983089930823
Área de Planejamento 4,XVI Jacarepaguá,Anil,2023,6.2
Área de Planejamento 4,XVI Jacarepaguá,Curicica,2007,4.907130124777183
Área de Planejamento 4,XVI Jacarepaguá,Curicica,2009,5.117690875232775
Área de Planejamento 4,XVI Jacarepaguá,Curicica,2011,5.557986111111111
Área de Planejamento 4,XVI Jacarepaguá,Curicica,2013,5.3603206412825655
Área de Planejamento 4,XVI Jacarepaguá,Curicica,2015,5.6386792452830194
Área de Planejamento 4,XVI Jacarepaguá,Curicica,2017,5.868096514745307
Área de Planejamento 4,XVI Jacarepaguá,Curicica,2019,6.051821862348179
Área de Planejamento 4,XVI Jacarepaguá,Curicica,2021,5.4
Área de Planejamento 4,XVI Jacarepaguá,Curicica,2023,6.1
Área de Planejamento 4,XVI Jacarepaguá,Freguesia (Jacarepaguá),2007,4.49554234769688
Área de Planejamento 4,XVI Jacarepaguá,Freguesia (Jacarepaguá),2009,4.833445378151262
Área de Planejamento 4,XVI Jacarepaguá,Freguesia (Jacarepaguá),2011,5.2780973451327435
Área de Planejamento 4,XVI Jacarepaguá,Freguesia (Jacarepaguá),2013,5.698239436619718
Área de Planejamento 4,XVI Jacarepaguá,Freguesia (Jacarepaguá),2015,5.4
Área de Planejamento 4,XVI Jacarepaguá,Freguesia (Jacarepaguá),2017,5.644117647058823
Área de Planejamento 4,XVI Jacarepaguá,Freguesia (Jacarepaguá),2019,5.745387453874539
Área de Planejamento 4,XVI Jacarepaguá,Freguesia (Jacarepaguá),2021,4.6
Área de Planejamento 4,XVI Jacarepaguá,Freguesia (Jacarepaguá),2023,6.0
Área de Planejamento 4,XVI Jacarepaguá,Gardênia Azul,2007,4.5
Área de Planejamento 4,XVI Jacarepaguá,Gardênia Azul,2009,4.8
Área de Planejamento 4,XVI Jacarepaguá,Gardênia Azul,2011,5.4
Área de Planejamento 4,XVI Jacarepaguá,Gardênia Azul,2013,4.9
Área de Planejamento 4,XVI Jacarepaguá,Gardênia Azul,2015,5.4
Área de Planejamento 4,XVI Jacarepaguá,Gardênia Azul,2017,5.9
Área de Planejamento 4,XVI Jacarepaguá,Gardênia Azul,2019,5.6
Área de Planejamento 4,XVI Jacarepaguá,Gardênia Azul,2021,5.0
Área de Planejamento 4,XVI Jacarepaguá,Gardênia Azul,2023,5.0
Área de Planejamento 4,XVI Jacarepaguá,Jacarepaguá,2007,4.471293161814489
Área de Planejamento 4,XVI Jacarepaguá,Jacarepaguá,2009,5.013338357196685
Área de Planejamento 4,XVI Jacarepaguá,Jacarepaguá,2011,5.394785059901339
Área de Planejamento 4,XVI Jacarepaguá,Jacarepaguá,2013,5.6752228163992875
Área de Planejamento 4,XVI Jacarepaguá,Jacarepaguá,2015,5.612217194570136
Área de Planejamento 4,XVI Jacarepaguá,Jacarepaguá,2017,6.086345053147997
Área de Planejamento 4,XVI Jacarepaguá,Jacarepaguá,2019,6.095016891891893
Área de Planejamento 4,XVI Jacarepaguá,Jacarepaguá,2021,5.465641025641025
Área de Planejamento 4,XVI Jacarepaguá,Jacarepaguá,2023,6.4
Área de Planejamento 4,XVI Jacarepaguá,Pechincha,2007,5.0373271889400915
Área de Planejamento 4,XVI Jacarepaguá,Pechincha,2009,5.383116883116883
Área de Planejamento 4,XVI Jacarepaguá,Pechincha,2011,5.678378378378379
Área de Planejamento 4,XVI Jacarepaguá,Pechincha,2013,3.338235294117647
Área de Planejamento 4,XVI Jacarepaguá,Pechincha,2015,6.0
Área de Planejamento 4,XVI Jacarepaguá,Pechincha,2017,6.2
Área de Planejamento 4,XVI Jacarepaguá,Pechincha,2019,5.7
Área de Planejamento 4,XVI Jacarepaguá,Pechincha,2023,7.0
Área de Planejamento 4,XVI Jacarepaguá,Praça Seca,2007,4.354829931972789
Área de Planejamento 4,XVI Jacarepaguá,Praça Seca,2009,5.190873015873016
Área de Planejamento 4,XVI Jacarepaguá,Praça Seca,2011,5.239244663382594
Área de Planejamento 4,XVI Jacarepaguá,Praça Seca,2013,5.095320623916811
Área de Planejamento 4,XVI Jacarepaguá,Praça Seca,2015,5.384475806451613
Área de Planejamento 4,XVI Jacarepaguá,Praça Seca,2017,5.445038167938931
Área de Planejamento 4,XVI Jacarepaguá,Praça Seca,2019,5.918089430894309
Área de Planejamento 4,XVI Jacarepaguá,Praça Seca,2021,5.298736546560598
Área de Planejamento 4,XVI Jacarepaguá,Praça Seca,2023,5.9
Área de Planejamento 4,XVI Jacarepaguá,Tanque,2007,4.363245823389021
Área de Planejamento 4,XVI Jacarepaguá,Tanque,2009,4.939226519337017
Área de Planejamento 4,XVI Jacarepaguá,Tanque,2011,5.514685314685315
Área de Planejamento 4,XVI Jacarepaguá,Tanque,2013,5.524742268041238
Área de Planejamento 4,XVI Jacarepaguá,Tanque,2015,5.906818181818181
Área de Planejamento 4,XVI Jacarepaguá,Tanque,2017,6.3500000000000005
Área de Planejamento 4,XVI Jacarepaguá,Tanque,2019,5.930030959752322
Área de Planejamento 4,XVI Jacarepaguá,Tanque,2021,5.487451984635084
Área de Planejamento 4,XVI Jacarepaguá,Tanque,2023,6.1
Área de Planejamento 4,XVI Jacarepaguá,Taquara,2007,4.865171102661597
Área de Planejamento 4,XVI Jacarepaguá,Taquara,2009,5.621568627450981
Área de Planejamento 4,XVI Jacarepaguá,Taquara,2011,5.687029702970297
Área de Planejamento 4,XVI Jacarepaguá,Taquara,2013,5.635502392344497
Área de Planejamento 4,XVI Jacarepaguá,Taquara,2015,6.019938650306748
Área de Planejamento 4,XVI Jacarepaguá,Taquara,2017,6.188173076923077
Área de Planejamento 4,XVI Jacarepaguá,Taquara,2019,6.141109709962168
Área de Planejamento 4,XVI Jacarepaguá,Taquara,2021,6.357425199011803
Área de Planejamento 4,XVI Jacarepaguá,Taquara,2023,6.2
Área de Planejamento 4,XVI Jacarepaguá,Vila Valqueire,2007,4.991561181434599
Área de Planejamento 4,XVI Jacarepaguá,Vila Valqueire,2009,5.642081447963801
Área de Planejamento 4,XVI Jacarepaguá,Vila Valqueire,2011,5.924081632653062
Área de Planejamento 4,XVI Jacarepaguá,Vila Valqueire,2013,5.3203980099502495
Área de Planejamento 4,XVI Jacarepaguá,Vila Valqueire,2015,5.900999999999999
Área de Planejamento 4,XVI Jacarepaguá,Vila Valqueire,2017,6.1123655913978485
Área de Planejamento 4,XVI Jacarepaguá,Vila Valqueire,2019,6.03160621761658
Área de Planejamento 4,XVI Jacarepaguá,Vila Valqueire,2021,5.677529286474974
Área de Planejamento 4,XVI Jacarepaguá,Vila Valqueire,2023,6.5
Área de Planejamento 4,XXXIII Cidade de Deus,Cidade de Deus,2007,4.125268817204301
Área de Planejamento 4,XXXIII Cidade de Deus,Cidade de Deus,2009,4.458103448275862
Área de Planejamento 4,XXXIII Cidade de Deus,Cidade de Deus,2011,4.750921658986175
Área de Planejamento 4,XXXIII Cidade de Deus,Cidade de Deus,2013,4.5997171145686
Área de Planejamento 4,XXXIII Cidade de Deus,Cidade de Deus,2015,4.759437086092715
Área de Planejamento 4,XXXIII Cidade de Deus,Cidade de Deus,2017,5.366666666666666
Área de Planejamento 4,XXXIII Cidade de Deus,Cidade de Deus,2019,5.412690355329949
Área de Planejamento 4,XXXIII Cidade de Deus,Cidade de Deus,2021,4.55918049792531
Área de Planejamento 4,XXXIII Cidade de Deus,Cidade de Deus,2023,5.8
Área de Planejamento 4,XXIV Barra da Tijuca,Barra da Tijuca,2007,5.18662109375
Área de Planejamento 4,XXIV Barra da Tijuca,Barra da Tijuca,2009,5.7500982318271125
Área de Planejamento 4,XXIV Barra da Tijuca,Barra da Tijuca,2011,5.66567992599445
Área de Planejamento 4,XXIV Barra da Tijuca,Barra da Tijuca,2013,5.830245535714286
Área de Planejamento 4,XXIV Barra da Tijuca,Barra da Tijuca,2015,5.875774647887324
Área de Planejamento 4,XXIV Barra da Tijuca,Barra da Tijuca,2017,6.46700434153401
Área de Planejamento 4,XXIV Barra da Tijuca,Barra da Tijuca,2019,6.693248945147679
Área de Planejamento 4,XXIV Barra da Tijuca,Barra da Tijuca,2021,6.536461126005362
Área de Planejamento 4,XXIV Barra da Tijuca,Barra da Tijuca,2023,6.7
Área de Planejamento 4,XXIV Barra da Tijuca,Itanhangá,2007,4.3
Área de Planejamento 4,XXIV Barra da Tijuca,Itanhangá,2009,5.3
Área de Planejamento 4,XXIV Barra da Tijuca,Itanhangá,2011,5.3
Área de Planejamento 4,XXIV Barra da Tijuca,Itanhangá,2013,5.311267605633803
Área de Planejamento 4,XXIV Barra da Tijuca,Itanhangá,2015,5.544507575757576
Área de Planejamento 4,XXIV Barra da Tijuca,Itanhangá,2017,5.66185770750988
Área de Planejamento 4,XXIV Barra da Tijuca,Itanhangá,2019,5.72054054054054
Área de Planejamento 4,XXIV Barra da Tijuca,Itanhangá,2021,5.0
Área de Planejamento 4,XXIV Barra da Tijuca,Itanhangá,2023,5.5
Área de Planejamento 4,XXIV Barra da Tijuca,Recreio dos Bandeirantes,2007,4.602747252747253
Área de Planejamento 4,XXIV Barra da Tijuca,Recreio dos Bandeirantes,2009,5.123387096774193
Área de Planejamento 4,XXIV Barra da Tijuca,Recreio dos Bandeirantes,2011,5.611926605504587
Área de Planejamento 4,XXIV Barra da Tijuca,Recreio dos Bandeirantes,2013,5.290909090909091
Área de Planejamento 4,XXIV Barra da Tijuca,Recreio dos Bandeirantes,2015,5.5372168284789645
Área de Planejamento 4,XXIV Barra da Tijuca,Recreio dos Bandeirantes,2017,5.796064814814815
Área de Planejamento 4,XXIV Barra da Tijuca,Recreio dos Bandeirantes,2019,5.86896551724138
Área de Planejamento 4,XXIV Barra da Tijuca,Recreio dos Bandeirantes,2021,5.171086180520143
Área de Planejamento 4,XXIV Barra da Tijuca,Recreio dos Bandeirantes,2023,6.1
Área de Planejamento 4,XXIV Barra da Tijuca,Vargem Grande,2007,4.474162679425837
Área de Planejamento 4,XXIV Barra da Tijuca,Vargem Grande,2009,5.289261744966443
Área de Planejamento 4,XXIV Barra da Tijuca,Vargem Grande,2011,5.818181818181818
Área de Planejamento 4,XXIV Barra da Tijuca,Vargem Grande,2013,5.8
Área de Planejamento 4,XXIV Barra da Tijuca,Vargem Grande,2015,5.9
Área de Planejamento 4,XXIV Barra da Tijuca,Vargem Grande,2019,5.618461538461539
Área de Planejamento 4,XXIV Barra da Tijuca,Vargem Grande,2021,5.5
Área de Planejamento 4,XXIV Barra da Tijuca,Vargem Grande,2023,6.2
Área de Planejamento 4,XXIV Barra da Tijuca,Vargem Pequena,2007,4.8
Área de Planejamento 4,XXIV Barra da Tijuca,Vargem Pequena,2009,4.4
Área de Planejamento 4,XXIV Barra da Tijuca,Vargem Pequena,2011,5.512556053811658
Área de Planejamento 4,XXIV Barra da Tijuca,Vargem Pequena,2013,4.581954887218045
Área de Planejamento 4,XXIV Barra da Tijuca,Vargem Pequena,2015,5.359533073929962
Área de Planejamento 4,XXIV Barra da Tijuca,Vargem Pequena,2017,5.735081967213114
Área de Planejamento 4,XXIV Barra da Tijuca,Vargem Pequena,2019,6.254545454545454
Área de Planejamento 4,XXIV Barra da Tijuca,Vargem Pequena,2021,5.8
Área de Planejamento 4,XXIV Barra da Tijuca,Vargem Pequena,2023,6.2
Área de Planejamento 5,XVII Bangu,Bangu,2007,4.583498233215548
Área de Planejamento 5,XVII Bangu,Bangu,2009,5.175530035335689
Área de Planejamento 5,XVII Bangu,Bangu,2011,5.308212341197822
Área de Planejamento 5,XVII Bangu,Bangu,2013,5.383494698017521
Área de Planejamento 5,XVII Bangu,Bangu,2015,5.403766921718658
Área de Planejamento 5,XVII Bangu,Bangu,2017,5.699086479902558
Área de Planejamento 5,XVII Bangu,Bangu,2019,5.793712772998015
Área de Planejamento 5,XVII Bangu,Bangu,2021,5.4149240065922
Área de Planejamento 5,XVII Bangu,Bangu,2023,5.8
Área de Planejamento 5,XVII Bangu,Padre Miguel,2007,4.804448105436573
Área de Planejamento 5,XVII Bangu,Padre Miguel,2009,5.348308270676691
Área de Planejamento 5,XVII Bangu,Padre Miguel,2011,5.708771929824562
Área de Planejamento 5,XVII Bangu,Padre Miguel,2013,5.714128440366972
Área de Planejamento 5,XVII Bangu,Padre Miguel,2015,5.771225577264653
Área de Planejamento 5,XVII Bangu,Padre Miguel,2017,5.7555555555555555
Área de Planejamento 5,XVII Bangu,Padre Miguel,2019,5.70586011342155
Área de Planejamento 5,XVII Bangu,Padre Miguel,2021,5.428735632183908
Área de Planejamento 5,XVII Bangu,Padre Miguel,2023,5.9
Área de Planejamento 5,XVII Bangu,Senador Camará,2007,4.404440649017934
Área de Planejamento 5,XVII Bangu,Senador Camará,2009,4.838033395176251
Área de Planejamento 5,XVII Bangu,Senador Camará,2011,5.16401098901099
Área de Planejamento 5,XVII Bangu,Senador Camará,2013,5.228953974895398
Área de Planejamento 5,XVII Bangu,Senador Camará,2015,5.4121951219512185
Área de Planejamento 5,XVII Bangu,Senador Camará,2017,5.627013630731104
Área de Planejamento 5,XVII Bangu,Senador Camará,2019,5.511260827718961
Área de Planejamento 5,XVII Bangu,Senador Camará,2021,5.676708507670851
Área de Planejamento 5,XVII Bangu,Senador Camará,2023,5.7
Área de Planejamento 5,XVII Bangu,Vila Kennedy,2007,4.60936768149883
Área de Planejamento 5,XVII Bangu,Vila Kennedy,2009,4.925915080527086
Área de Planejamento 5,XVII Bangu,Vila Kennedy,2011,5.074685314685314
Área de Planejamento 5,XVII Bangu,Vila Kennedy,2013,5.191237113402061
Área de Planejamento 5,XVII Bangu,Vila Kennedy,2015,5.343646408839779
Área de Planejamento 5,XVII Bangu,Vila Kennedy,2017,5.51387900355872
Área de Planejamento 5,XVII Bangu,Vila Kennedy,2019,5.233559322033899
Área de Planejamento 5,XVII Bangu,Vila Kennedy,2021,5.130800542740841
Área de Planejamento 5,XVII Bangu,Vila Kennedy,2023,5.6
Área de Planejamento 5,XVII Bangu,Jabour,2007,4.483116883116883
Área de Planejamento 5,XVII Bangu,Jabour,2009,4.8
Área de Planejamento 5,XVII Bangu,Jabour,2011,5.179347826086956
Área de Planejamento 5,XVII Bangu,Jabour,2013,4.758823529411765
Área de Planejamento 5,XVII Bangu,Jabour,2015,4.873631840796019
Área de Planejamento 5,XVII Bangu,Jabour,2017,4.970000000000001
Área de Planejamento 5,XVII Bangu,Jabour,2019,5.00421052631579
Área de Planejamento 5,XVII Bangu,Jabour,2021,5.3
Área de Planejamento 5,XVII Bangu,Jabour,2023,5.4
Área de Planejamento 5,XXXII Realengo,Campo dos Afonsos,2007,5.0230303030303025
Área de Planejamento 5,XXXII Realengo,Campo dos Afonsos,2009,5.796923076923076
Área de Planejamento 5,XXXII Realengo,Campo dos Afonsos,2011,5.874528301886793
Área de Planejamento 5,XXXII Realengo,Campo dos Afonsos,2013,5.412903225806452
Área de Planejamento 5,XXXII Realengo,Campo dos Afonsos,2015,6.293617021276596
Área de Planejamento 5,XXXII Realengo,Campo dos Afonsos,2017,6.0
Área de Planejamento 5,XXXII Realengo,Campo dos Afonsos,2019,5.8
Área de Planejamento 5,XXXII Realengo,Campo dos Afonsos,2021,5.9
Área de Planejamento 5,XXXII Realengo,Campo dos Afonsos,2023,6.6
Área de Planejamento 5,XXXII Realengo,Deodoro,2007,4.743636363636363
Área de Planejamento 5,XXXII Realengo,Deodoro,2009,4.544827586206897
Área de Planejamento 5,XXXII Realengo,Deodoro,2011,5.642763157894737
Área de Planejamento 5,XXXII Realengo,Deodoro,2013,5.683766233766233
Área de Planejamento 5,XXXII Realengo,Deodoro,2015,5.886486486486487
Área de Planejamento 5,XXXII Realengo,Deodoro,2017,6.20625
Área de Planejamento 5,XXXII Realengo,Deodoro,2019,5.946153846153846
Área de Planejamento 5,XXXII Realengo,Deodoro,2021,5.5
Área de Planejamento 5,XXXII Realengo,Deodoro,2023,6.4
Área de Planejamento 5,XXXII Realengo,Jardim Sulacap,2007,5.900000000000001
Área de Planejamento 5,XXXII Realengo,Jardim Sulacap,2009,5.7
Área de Planejamento 5,XXXII Realengo,Jardim Sulacap,2011,6.0
Área de Planejamento 5,XXXII Realengo,Jardim Sulacap,2013,5.599999999999999
Área de Planejamento 5,XXXII Realengo,Jardim Sulacap,2015,6.1
Área de Planejamento 5,XXXII Realengo,Jardim Sulacap,2017,6.8
Área de Planejamento 5,XXXII Realengo,Jardim Sulacap,2019,6.9
Área de Planejamento 5,XXXII Realengo,Jardim Sulacap,2023,7.1
Área de Planejamento 5,XXXII Realengo,Magalhães Bastos,2007,4.34344473007712
Área de Planejamento 5,XXXII Realengo,Magalhães Bastos,2009,5.216022099447515
Área de Planejamento 5,XXXII Realengo,Magalhães Bastos,2011,5.6789772727272725
Área de Planejamento 5,XXXII Realengo,Magalhães Bastos,2013,5.496794871794871
Área de Planejamento 5,XXXII Realengo,Magalhães Bastos,2015,5.770890410958904
Área de Planejamento 5,XXXII Realengo,Magalhães Bastos,2017,6.002991452991453
Área de Planejamento 5,XXXII Realengo,Magalhães Bastos,2019,6.172839506172839
Área de Planejamento 5,XXXII Realengo,Magalhães Bastos,2021,5.950729927007299
Área de Planejamento 5,XXXII Realengo,Magalhães Bastos,2023,5.7
Área de Planejamento 5,XXXII Realengo,Realengo,2007,4.301232285890326
Área de Planejamento 5,XXXII Realengo,Realengo,2009,4.8820437093916125
Área de Planejamento 5,XXXII Realengo,Realengo,2011,5.460545764638999
Área de Planejamento 5,XXXII Realengo,Realengo,2013,5.14009324009324
Área de Planejamento 5,XXXII Realengo,Realengo,2015,5.650718390804598
Área de Planejamento 5,XXXII Realengo,Realengo,2017,5.734269258459323
Área de Planejamento 5,XXXII Realengo,Realengo,2019,5.889386792452831
Área de Planejamento 5,XXXII Realengo,Realengo,2021,5.598935490738771
Área de Planejamento 5,XXXII Realengo,Realengo,2023,6.1
Área de Planejamento 5,XXXII Realengo,Vila Militar,2007,4.218367346938775
Área de Planejamento 5,XXXII Realengo,Vila Militar,2009,4.946590909090909
Área de Planejamento 5,XXXII Realengo,Vila Militar,2011,5.1
Área de Planejamento 5,XXXII Realengo,Vila Militar,2013,5.1
Área de Planejamento 5,XXXII Realengo,Vila Militar,2015,5.927868852459016
Área de Planejamento 5,XXXII Realengo,Vila Militar,2017,6.233333333333334
Área de Planejamento 5,XXXII Realengo,Vila Militar,2019,6.5
Área de Planejamento 5,XXXII Realengo,Vila Militar,2021,6.0
Área de Planejamento 5,XXXII Realengo,Vila Militar,2023,6.2
Área de Planejamento 5,XVIII Campo Grande,Campo Grande,2007,4.659065288868014
Área de Planejamento 5,XVIII Campo Grande,Campo Grande,2009,5.343414057885411
Área de Planejamento 5,XVIII Campo Grande,Campo Grande,2011,5.662493120528344
Área de Planejamento 5,XVIII Campo Grande,Campo Grande,2013,5.6730550823395784
Área de Planejamento 5,XVIII Campo Grande,Campo Grande,2015,5.897445913461538
Área de Planejamento 5,XVIII Campo Grande,Campo Grande,2017,6.004428251121076
Área de Planejamento 5,XVIII Campo Grande,Campo Grande,2019,5.976671619613669
Área de Planejamento 5,XVIII Campo Grande,Campo Grande,2021,5.578184289516907
Área de Planejamento 5,XVIII Campo Grande,Campo Grande,2023,6.3
Área de Planejamento 5,XVIII Campo Grande,Cosmos,2007,4.556749049429658
Área de Planejamento 5,XVIII Campo Grande,Cosmos,2009,5.159999999999999
Área de Planejamento 5,XVIII Campo Grande,Cosmos,2011,5.453402646502836
Área de Planejamento 5,XVIII Campo Grande,Cosmos,2013,5.233594515181194
Área de Planejamento 5,XVIII Campo Grande,Cosmos,2015,5.5312820512820515
Área de Planejamento 5,XVIII Campo Grande,Cosmos,2017,5.542160278745643
Área de Planejamento 5,XVIII Campo Grande,Cosmos,2019,5.436989795918366
Área de Planejamento 5,XVIII Campo Grande,Cosmos,2021,5.19592462751972
Área de Planejamento 5,XVIII Campo Grande,Cosmos,2023,6.0
Área de Planejamento 5,XVIII Campo Grande,Inhoaíba,2007,4.513713713713713
Área de Planejamento 5,XVIII Campo Grande,Inhoaíba,2009,4.979340028694405
Área de Planejamento 5,XVIII Campo Grande,Inhoaíba,2011,5.3581274382314685
Área de Planejamento 5,XVIII Campo Grande,Inhoaíba,2013,5.646229050279329
Área de Planejamento 5,XVIII Campo Grande,Inhoaíba,2015,5.456608187134503
Área de Planejamento 5,XVIII Campo Grande,Inhoaíba,2017,5.817228464419476
Área de Planejamento 5,XVIII Campo Grande,Inhoaíba,2019,5.707640750670241
Área de Planejamento 5,XVIII Campo Grande,Inhoaíba,2021,5.343103024342267
Área de Planejamento 5,XVIII Campo Grande,Inhoaíba,2023,6.0
Área de Planejamento 5,XVIII Campo Grande,Santíssimo,2007,4.605210084033614
Área de Planejamento 5,XVIII Campo Grande,Santíssimo,2009,4.982736842105264
Área de Planejamento 5,XVIII Campo Grande,Santíssimo,2011,5.553549695740364
Área de Planejamento 5,XVIII Campo Grande,Santíssimo,2013,5.030360934182591
Área de Planejamento 5,XVIII Campo Grande,Santíssimo,2015,5.812269938650307
Área de Planejamento 5,XVIII Campo Grande,Santíssimo,2017,6.1555066079295155
Área de Planejamento 5,XVIII Campo Grande,Santíssimo,2019,5.970890410958904
Área de Planejamento 5,XVIII Campo Grande,Santíssimo,2021,5.822289613343441
Área de Planejamento 5,XVIII Campo Grande,Santíssimo,2023,6.6
Área de Planejamento 5,XVIII Campo Grande,Senador Vasconcelos,2007,4.757482993197279
Área de Planejamento 5,XVIII Campo Grande,Senador Vasconcelos,2009,5.103435114503816
Área de Planejamento 5,XVIII Campo Grande,Senador Vasconcelos,2011,5.88969465648855
Área de Planejamento 5,XVIII Campo Grande,Senador Vasconcelos,2013,5.825263157894738
Área de Planejamento 5,XVIII Campo Grande,Senador Vasconcelos,2015,6.13391304347826
Área de Planejamento 5,XVIII Campo Grande,Senador Vasconcelos,2017,5.888450704225351
Área de Planejamento 5,XVIII Campo Grande,Senador Vasconcelos,2019,5.78623188405797
Área de Planejamento 5,XVIII Campo Grande,Senador Vasconcelos,2021,5.444264602392681
Área de Planejamento 5,XVIII Campo Grande,Senador Vasconcelos,2023,6.2
Área de Planejamento 5,XIX Santa Cruz,Paciência,2007,4.397682709447415
Área de Planejamento 5,XIX Santa Cruz,Paciência,2009,5.131528895391368
Área de Planejamento 5,XIX Santa Cruz,Paciência,2011,5.334458598726115
Área de Planejamento 5,XIX Santa Cruz,Paciência,2013,5.211933007676204
Área de Planejamento 5,XIX Santa Cruz,Paciência,2015,5.400382555470544
Área de Planejamento 5,XIX Santa Cruz,Paciência,2017,5.569230769230768
Área de Planejamento 5,XIX Santa Cruz,Paciência,2019,5.692237442922374
Área de Planejamento 5,XIX Santa Cruz,Paciência,2021,5.558641239570917
Área de Planejamento 5,XIX Santa Cruz,Paciência,2023,6.4
Área de Planejamento 5,XIX Santa Cruz,Santa Cruz,2007,4.2447033898305095
Área de Planejamento 5,XIX Santa Cruz,Santa Cruz,2009,4.83859957776214
Área de Planejamento 5,XIX Santa Cruz,Santa Cruz,2011,5.238477069512547
Área de Planejamento 5,XIX Santa Cruz,Santa Cruz,2013,5.370419906687403
Área de Planejamento 5,XIX Santa Cruz,Santa Cruz,2015,5.385673261008296
Área de Planejamento 5,XIX Santa Cruz,Santa Cruz,2017,5.452198990627253
Área de Planejamento 5,XIX Santa Cruz,Santa Cruz,2019,5.620006371455878
Área de Planejamento 5,XIX Santa Cruz,Santa Cruz,2021,5.285189048239896
Área de Planejamento 5,XIX Santa Cruz,Santa Cruz,2023,6.0
Área de Planejamento 5,XIX Santa Cruz,Sepetiba,2007,3.7746509129967776
Área de Planejamento 5,XIX Santa Cruz,Sepetiba,2009,4.785390428211587
Área de Planejamento 5,XIX Santa Cruz,Sepetiba,2011,5.212591050988554
Área de Planejamento 5,XIX Santa Cruz,Sepetiba,2013,4.8939142461964025
Área de Planejamento 5,XIX Santa Cruz,Sepetiba,2015,5.379289940828403
Área de Planejamento 5,XIX Santa Cruz,Sepetiba,2017,5.34072463768116
Área de Planejamento 5,XIX Santa Cruz,Sepetiba,2019,5.473479948253558
Área de Planejamento 5,XIX Santa Cruz,Sepetiba,2021,4.898650968849644
Área de Planejamento 5,XIX Santa Cruz,Sepetiba,2023,5.7
Área de Planejamento 5,XXVI Guaratiba,Barra de Guaratiba,2007,4.967058823529412
Área de Planejamento 5,XXVI Guaratiba,Barra de Guaratiba,2009,5.8
Área de Planejamento 5,XXVI Guaratiba,Barra de Guaratiba,2011,6.534782608695653
Área de Planejamento 5,XXVI Guaratiba,Barra de Guaratiba,2013,6.324390243902438
Área de Planejamento 5,XXVI Guaratiba,Barra de Guaratiba,2015,6.518918918918919
Área de Planejamento 5,XXVI Guaratiba,Barra de Guaratiba,2017,6.5813725490196076
Área de Planejamento 5,XXVI Guaratiba,Barra de Guaratiba,2019,6.658035714285714
Área de Planejamento 5,XXVI Guaratiba,Barra de Guaratiba,2021,5.8
Área de Planejamento 5,XXVI Guaratiba,Barra de Guaratiba,2023,6.7
Área de Planejamento 5,XXVI Guaratiba,Guaratiba,2007,4.2179236043095
Área de Planejamento 5,XXVI Guaratiba,Guaratiba,2009,4.545330859616574
Área de Planejamento 5,XXVI Guaratiba,Guaratiba,2011,5.26089841755998
Área de Planejamento 5,XXVI Guaratiba,Guaratiba,2013,5.0468592964824115
Área de Planejamento 5,XXVI Guaratiba,Guaratiba,2015,5.3796
Área de Planejamento 5,XXVI Guaratiba,Guaratiba,2017,5.483262711864407
Área de Planejamento 5,XXVI Guaratiba,Guaratiba,2019,5.5565272496831435
Área de Planejamento 5,XXVI Guaratiba,Guaratiba,2021,5.129938398357289
Área de Planejamento 5,XXVI Guaratiba,Guaratiba,2023,5.9
Área de Planejamento 5,XXVI Guaratiba,Pedra de Guaratiba,2007,4.3137809187279155
Área de Planejamento 5,XXVI Guaratiba,Pedra de Guaratiba,2009,4.497119341563786
Área de Planejamento 5,XXVI Guaratiba,Pedra de Guaratiba,2011,5.165671641791045
Área de Planejamento 5,XXVI Guaratiba,Pedra de Guaratiba,2013,5.543712574850299
Área de Planejamento 5,XXVI Guaratiba,Pedra de Guaratiba,2015,6.486206896551725
Área de Planejamento 5,XXVI Guaratiba,Pedra de Guaratiba,2017,6.383577712609971
Área de Planejamento 5,XXVI Guaratiba,Pedra de Guaratiba,2019,5.72972972972973
Área de Planejamento 5,XXVI Guaratiba,Pedra de Guaratiba,2021,5.95896551724138
Área de Planejamento 5,XXVI Guaratiba,Pedra de Guaratiba,2023,6.4
