bairro,value,z,lag_z,local_i,pseudo_p,lisa_class
jardim sulacap,0.6419,0.6091,0.177,0.1078,0.677,NS
vaz lobo,0.5816,-0.2355,-0.3245,0.0764,0.451,NS
magalhaes bastos,0.5633,-0.4909,-0.4301,0.2112,0.576,NS
realengo,0.5642,-0.4785,-0.3568,0.1707,0.272,NS
sepetiba,0.5251,-1.0254,-1.2567,1.2886,0.061,NS
padre miguel,0.5693,-0.4067,-0.5203,0.2116,0.48,NS
senador camara,0.5404,-0.8111,-0.892,0.7235,0.015,LL
guaratiba,0.4861,-1.5707,-1.1094,1.7425,0.004,LL
barra de guaratiba,0.481,-1.6424,-0.8517,1.3988,0.113,NS
cacuia,0.581,-0.2441,0.3874,-0.0946,0.379,NS
bancarios,0.5952,-0.0443,-0.6402,0.0284,0.467,NS
rocinha,0.5233,-1.0512,1.347,-1.4159,0.019,LH
jacarezinho,0.5274,-0.9935,-0.1679,0.1668,0.693,NS
urca,0.7523,2.1533,1.8373,3.9563,0.007,HH
zumbi,0.6621,0.8915,-0.4531,-0.4039,0.546,NS
penha,0.583,-0.215,-0.3273,0.0704,0.517,NS
galeao,0.5442,-0.7584,0.9837,-0.7461,0.138,NS
cidade universitaria,0.5649,-0.4689,0.0,-0.0,1.0,NS
jacarepagua,0.5298,-0.9598,-0.2686,0.2578,0.249,NS
parque anchieta,0.5801,-0.2558,-0.4721,0.1208,0.363,NS
santissimo,0.5578,-0.5675,-0.6391,0.3627,0.19,NS
jardim botanico,0.7668,2.355,1.4892,3.507,0.004,HH
gavea,0.7731,2.444,0.999,2.4416,0.006,HH
vidigal,0.5348,-0.8892,1.6043,-1.4266,0.004,LH
sao conrado,0.7761,2.4861,0.0141,0.035,0.971,NS
tijuca,0.7045,1.4843,0.5369,0.797,0.126,NS
alto da boa vista,0.4993,-1.3863,0.9635,-1.3358,0.004,LH
senador vasconcelos,0.5457,-0.737,-0.6083,0.4483,0.281,NS
paqueta,0.5965,-0.0268,0.0,-0.0,1.0,NS
santa teresa,0.6058,0.104,0.6383,0.0664,0.042,HH
flamengo,0.7257,1.7811,1.4867,2.6481,0.003,HH
engenheiro leal,0.5566,-0.5849,-0.2869,0.1678,0.648,NS
cosmos,0.5431,-0.7733,-0.9371,0.7246,0.035,LL
paciencia,0.5411,-0.8016,-0.7208,0.5777,0.187,NS
santa cruz,0.531,-0.9428,-1.0427,0.9831,0.04,LL
pedra de guaratiba,0.5535,-0.6285,-1.5707,0.9871,0.134,NS
parque columbia,0.5304,-0.9513,-0.4587,0.4364,0.307,NS
complexo do alemao,0.523,-1.0543,-0.1059,0.1117,0.801,NS
vasco da gama,0.5676,-0.4303,-0.8001,0.3443,0.241,NS
curicica,0.5738,-0.3438,-0.456,0.1568,0.556,NS
gardenia azul,0.5439,-0.7627,-0.2975,0.2269,0.58,NS
taquara,0.6018,0.0478,-0.2379,-0.0114,0.528,NS
santo cristo,0.5493,-0.687,-0.158,0.1085,0.777,NS
caju,0.5326,-0.9201,-0.7729,0.7112,0.073,NS
bangu,0.5582,-0.5621,-0.542,0.3046,0.21,NS
centro,0.6136,0.2131,-0.0279,-0.0059,0.954,NS
campo grande,0.5665,-0.4462,-1.02,0.4551,0.003,LL
inhoaiba,0.5323,-0.9242,-0.9301,0.8596,0.096,NS
catumbi,0.5386,-0.8361,-0.2368,0.198,0.708,NS
mare,0.5334,-0.9098,-0.387,0.3522,0.322,NS
estacio,0.551,-0.6631,-0.0538,0.0357,0.932,NS
gamboa,0.5447,-0.7512,-0.237,0.178,0.761,NS
rio comprido,0.5876,-0.1514,-0.0785,0.0119,0.857,NS
rocha,0.6316,0.4644,-0.1735,-0.0806,0.699,NS
benfica,0.5498,-0.6801,-0.6074,0.4131,0.147,NS
riachuelo,0.624,0.3579,0.1107,0.0396,0.835,NS
sampaio,0.5648,-0.4697,0.2437,-0.1145,0.633,NS
laranjeiras,0.736,1.9254,1.171,2.2546,0.017,HH
gloria,0.6858,1.2228,0.799,0.977,0.091,NS
catete,0.6769,1.0977,1.2583,1.3813,0.015,HH
encantado,0.6026,0.0589,0.0627,0.0037,0.93,NS
humaita,0.7384,1.9586,1.2556,2.4592,0.004,HH
leme,0.7408,1.9915,1.8912,3.7665,0.002,HH
copacabana,0.7285,1.8194,2.1976,3.9984,0.001,HH
ipanema,0.7729,2.4409,2.4327,5.9379,0.001,HH
lagoa,0.8086,2.9406,2.1796,6.4092,0.001,HH
botafogo,0.72,1.701,1.8342,3.1201,0.001,HH
jardim america,0.5841,-0.1995,-0.5824,0.1162,0.234,NS
leblon,0.7799,2.5382,1.734,4.4014,0.001,HH
praca da bandeira,0.6575,0.8262,0.2761,0.2281,0.546,NS
vila kosmos,0.5965,-0.0263,-0.1555,0.0041,0.749,NS
maracana,0.6983,1.3979,1.096,1.532,0.038,HH
vila isabel,0.6683,0.9773,0.6873,0.6718,0.044,HH
vicente de carvalho,0.5666,-0.4443,-0.1043,0.0463,0.772,NS
andarai,0.6553,0.7962,1.2534,0.998,0.03,HH
grajau,0.6912,1.2987,0.1819,0.2362,0.614,NS
manguinhos,0.5157,-1.1573,-0.4226,0.4891,0.241,NS
bonsucesso,0.6015,0.0433,-0.5988,-0.026,0.179,NS
ramos,0.5917,-0.0931,-0.4752,0.0442,0.344,NS
olaria,0.5998,0.0199,-0.4486,-0.0089,0.276,NS
higienopolis,0.6142,0.2206,-0.4028,-0.0889,0.356,NS
penha circular,0.5926,-0.0818,-0.1173,0.0096,0.733,NS
tomas coelho,0.5643,-0.4775,-0.2371,0.1132,0.565,NS
vigario geral,0.5407,-0.8068,-0.3691,0.2978,0.563,NS
jacare,0.5606,-0.5294,0.0237,-0.0125,0.955,NS
maria da graca,0.6185,0.2815,-0.2716,-0.0765,0.545,NS
del castilho,0.5954,-0.0417,0.1568,-0.0065,0.781,NS
engenho novo,0.6105,0.1691,0.4458,0.0754,0.248,NS
inhauma,0.5635,-0.4885,-0.0906,0.0443,0.818,NS
engenho da rainha,0.5743,-0.3376,-0.3134,0.1058,0.382,NS
lins de vasconcelos,0.6122,0.1924,0.3387,0.0652,0.475,NS
meier,0.6726,1.0374,0.2808,0.2913,0.588,NS
cachambi,0.6423,0.6137,-0.0521,-0.032,0.884,NS
pilares,0.5853,-0.1834,-0.2356,0.0432,0.606,NS
honorio gurgel,0.5572,-0.5761,-0.413,0.2379,0.289,NS
cascadura,0.5787,-0.2753,-0.195,0.0537,0.655,NS
engenho de dentro,0.609,0.1481,0.0387,0.0057,0.924,NS
piedade,0.5968,-0.0227,-0.086,0.0019,0.854,NS
campinho,0.6085,0.1416,-0.0208,-0.003,0.964,NS
colegio,0.562,-0.5091,-0.2958,0.1506,0.621,NS
quintino bocaiuva,0.5945,-0.0547,-0.0783,0.0043,0.854,NS
cavalcanti,0.5692,-0.4082,-0.284,0.1159,0.423,NS
madureira,0.5857,-0.1773,-0.3152,0.0559,0.425,NS
turiacu,0.5606,-0.5287,-0.2003,0.1059,0.7,NS
rocha miranda,0.5736,-0.3466,-0.3499,0.1213,0.359,NS
bento ribeiro,0.5942,-0.0588,-0.1374,0.0081,0.755,NS
marechal hermes,0.5698,-0.3996,-0.0434,0.0173,0.917,NS
pitangueiras,0.5511,-0.6621,0.3304,-0.2188,0.591,NS
praia da bandeira,0.623,0.3439,-0.4531,-0.1558,0.575,NS
costa barros,0.5275,-0.992,-0.5536,0.5492,0.254,NS
jardim guanabara,0.7065,1.5118,-0.1737,-0.2626,0.756,NS
jardim carioca,0.5878,-0.148,0.448,-0.0663,0.308,NS
taua,0.5526,-0.6402,0.3216,-0.2059,0.622,NS
monero,0.6811,1.157,-0.1109,-0.1283,0.868,NS
acari,0.5252,-1.0234,-0.4973,0.509,0.386,NS
portuguesa,0.631,0.4556,0.4406,0.2007,0.352,NS
barros filho,0.5331,-0.9138,-0.5428,0.496,0.182,NS
guadalupe,0.5798,-0.26,-0.6437,0.1673,0.079,NS
ricardo de albuquerque,0.5614,-0.5175,-0.4008,0.2074,0.383,NS
anchieta,0.5619,-0.5109,-0.511,0.2611,0.245,NS
coelho neto,0.5627,-0.499,-0.6115,0.3051,0.084,NS
cidade de deus,0.5412,-0.8002,-0.1182,0.0946,0.802,NS
anil,0.5999,0.021,-0.3911,-0.0082,0.485,NS
pavuna,0.5605,-0.5299,-0.5869,0.311,0.12,NS
freguesia (jacarepagua),0.6377,0.5492,-0.2839,-0.1559,0.433,NS
pechincha,0.6366,0.5343,-0.1073,-0.0573,0.844,NS
tanque,0.5822,-0.2261,0.299,-0.0676,0.42,NS
praca seca,0.5922,-0.0865,0.0159,-0.0014,0.974,NS
deodoro,0.5558,-0.5957,0.0096,-0.0057,0.984,NS
vila valqueire,0.6337,0.4937,0.2267,0.1119,0.541,NS
itanhanga,0.4995,-1.384,0.6228,-0.862,0.189,NS
vila militar,0.5711,-0.3817,-0.0175,0.0067,0.961,NS
campo dos afonsos,0.7133,1.6069,-0.0549,-0.0881,0.91,NS
barra da tijuca,0.7665,2.3514,0.4126,0.9703,0.416,NS
vargem pequena,0.5132,-1.1923,-0.4922,0.5869,0.52,NS
vargem grande,0.4202,-2.4927,-0.7306,1.8212,0.038,LL
recreio dos bandeirantes,0.7062,1.5082,-0.744,-1.1221,0.111,NS
parada de lucas,0.5365,-0.8661,-0.7059,0.6113,0.296,NS
cordovil,0.5552,-0.6049,-0.3895,0.2356,0.531,NS
iraja,0.5954,-0.0417,-0.4592,0.0191,0.112,NS
bras de pina,0.5826,-0.2205,-0.0411,0.0091,0.941,NS
vila da penha,0.6387,0.5635,-0.1629,-0.0918,0.728,NS
