id,title,file_bytes,n_pages,has_text_layer,is_encrypted,colecao,issue_year,num_views,tags,first_paragraph,parse_error
07ad37f25d0145b18ff83e6b81a1ce82,RIO ESTUDOS Nº 170 - Ações Culturais para crianças e adolescentes da Rede Municipal de Ensino entre 2001-2005 (Agosto/2005),439217,13,False,False,Rio Estudos,2005,443,Educação|Escolaridade da população,,
0a79b57e35824eae8d9676867a997b42,COLEÇÃO ESTUDOS CARIOCAS - O analfabetismo na Cidade do Rio de Janeiro 1991/2000 (Agosto/2002),2162445,8,True,False,Estudos Cariocas,2002,727,Educação|Escolaridade da população,"ISSN 1984-7203 COLEÇÃO ESTUDOS CARIOCAS O Analfabetismo na cidade do Rio de  Janeiro: 1991- 2000  Nº 20020801  Agosto - 2002    Fernando Cavallieri, Márcia Frota Sigaud - IPP/Prefeitura da Cidade do Rio  de Janeiro  PREFEITURA DA CIDADE DO RIO DE JANEIRO  Secretaria Municipal de ",
1004354d02c44b818dc7c32ce3c2e4a5,COLEÇÃO ESTUDOS CARIOCAS - Aos mestres com reconhecimento: como os educadores enfrentam a violência carioca de cada dia (Abril/2002),1298364,13,True,False,Estudos Cariocas,2002,508,Educação,"ISSN 1984-7203 COLEÇÃO ESTUDOS CARIOCAS Aos mestres com reconhecimento:  como os educadores cariocas  enfrentam a violência carioca de cada  dia  Nº 20020401  Abril - 2002    Fernando Cavallieri, Alcides Carneiro - IPP/Prefeitura da Cidade do Rio de  Janeiro  PREFEITURA DA CIDADE",
1013ac66372a40de9d6bae43b66ff198,RIO ESTUDOS Nº 30 - O papel do diretor na revolução da educação (Setembro/2001),365359,15,True,False,Rio Estudos,2001,486,Educação|Educação básica,,
1403069227b14a64a41d209cdaf81e29,"RIO ESTUDOS Nº 20 - A integração entre justiça, polícia e escola na França (Junho/2001)",288930,10,True,False,Rio Estudos,2001,534,Educação,,
18bc0480d7a84464b2ace33b19a5c558,Cadernos do Rio - Prévias do Censo: Cor ou Raça (Dezembro/2024),4494998,19,False,False,Cadernos do Rio,2024,485,censo 2022|cadernos do rio|cor ou raça|cor|raça|igualdade racial|sexo|idade|faixa etária|jovens|adultos|idosos|crianças|envelhecimento|população|saúde|4056|prévias do censo|terceira idade,,
29d517eedb9c44379a07430280a12839,Favelas Cariocas: Índice de Qualidade Urbana - Reedição digital 2026 - 1ª Edição (Impressa) 1997,9454094,90,True,False,(outros),2026,27,Índice de Qualidade Urbana|IQU|Índice de Desenvolvimento Social|IDS|Índices de Desenvolvimento Socioeconômicos|Regiões Administrativas|RA|Favelas|Assentamentos de baixa Renda|Indicadores Sociais|Infraestrutura Urbana,PREFEITURA DA CIDADE DO RIO DE JANEIRO | INSTITUTO PEREIRA PASSOS,
2ababb1025a44aab9e823326796e93b0,RIO ESTUDOS Nº 56 - Como se tornar um Diretor-líder  (Junho/2002),234541,5,False,False,Rio Estudos,2002,427,Educação|Educação básica,,
30ce1f4ac9534ec8ba18c23d6d5057ce,RIO ESTUDOS Nº 227 - Os precursores da educação nova (Novembro/2006),303577,4,False,False,Rio Estudos,2006,530,Educação|Educação básica,,
32b6d55e5e2e4dd9b590ab3489a2835f,"RIO ESTUDOS Nº 06 - França, a luta contra a violência nas escolas (Abril/2001)",360635,14,True,False,Rio Estudos,2001,380,Educação,,
3e60f3b9de6a4c38b5e813089b7adebf,COLEÇÃO ESTUDOS CARIOCAS - Os dirigentes das escolas municipais e a violência: uma comparação entre 2001-2005 (Novembro/2005),2395348,14,True,False,Estudos Cariocas,2005,653,Educação,ISSN 1984-7203 COLEÇÃO ESTUDOS CARIOCAS Os dirigentes das escolas municipais e  a violência: uma comparação entre  2001/2005  Nº 20051101  Novembro - 2005    Fernando Cavallieri - IPP/Prefeitura da Cidade do Rio de Janeiro  PREFEITURA DA CIDADE DO RIO DE JANEIRO  Secretaria Munic,
3f3655c357d84dc8bd9df60b09a97a66,COLEÇÃO ESTUDOS CARIOCAS - Cidade do Rio: universalização do ensino está mais próxima (Setembro/2002),1046209,6,True,False,Estudos Cariocas,2002,618,Educação|Educação básica,ISSN 1984-7203 COLEÇÃO ESTUDOS CARIOCAS Cidade do Rio: universalização do  ensino está mais próxima  Nº 20020901  Setembro - 2002    Paulo Bastos Cezar - IPP/Prefeitura da Cidade do Rio de Janeiro  PREFEITURA DA CIDADE DO RIO DE JANEIRO  Secretaria Municipal de Urbanismo  Institu,
5a7061d49e894343ad5b1f84c94d2a72,Cadernos do Rio - Prévias do Censo: Sexo e Idade (Dezembro/2024),3847688,20,False,False,Cadernos do Rio,2024,565,censo 2022|cadernos do rio|sexo|idade|faixa etária|jovens|adultos|idosos|crianças|envelhecimento|população|saúde|4055|prévias do censo|terceira idade,,
620e401f3a4a4779b49d3439f263a2b5,RIO ESTUDOS Nº 172 - Ações de prevenção à dependencia química vinculadas às escolas municipais entre 2001 e 2005 (Setembro/2005),1590238,11,True,False,Rio Estudos,2005,466,Educação,,
6d001889b8c7435aa108a503f19110a8,NOTA TÉCNICA 29 - Pesquisa Nacional de Saúde Escolar (PeNSE 2012): Características do Ambiente Escolar e Entorno (Junho/2014) ,926782,15,True,False,Notas Técnicas IPP,2014,499,Educação,Pesquisa Nacional de Saúde Escolar  PeNSE 2012  Características do Ambiente Escolar e Entorno        Autores: ALCIDES CARNEIRO e LUCIA SANTOS    www.rio.rj.gov.br/web/ipp  www.armazemdedados.rio.rj.gov.br                 Junho de 2014 – N° 29,
6f78e3e6689649199daa14828ce02754,RIO ESTUDOS Nº 26 - A cultura da paz em resposta à violência (Agosto/2001),347708,16,True,False,Rio Estudos,2001,755,Educação,,
756b6f71c5f849dd976836079eb2cac2,Cadernos do Rio - Prévias do Censo: Dinâmica Demográfica dos Bairros (Dezembro/2024),5180298,15,False,False,Cadernos do Rio,2024,872,urbanismo|população|habitação|dinâmica demográfica|censo 2022|demografia|bairros|cadernos do rio|crescimento populacional|queda populacional|dinâmica urbana|Dinâmica Imobiliária|4057|prévias do censo|Habitação e Urbanismo,,
76955c4b2cfc488d879238eac09c75a2,RIO ESTUDOS Nº 88 - Município prioriza ações para jovens (Janeiro/2003),267963,13,False,False,Rio Estudos,2003,487,Educação|Educação básica,,
7cc6fcf8d964460b8d3dfc6e711ce721,RIO ESTUDOS Nº 72 - O futuro da sociedade e o presente da educação (Setembro/2002),238680,8,False,False,Rio Estudos,2002,653,Educação|Escolaridade da população,,
7cd5d18c62a140439dd588de41b3d38f,RIO ESTUDOS Nº 38 - Pesquisa da CNTE: violência dentro da escola (Outubro/2001),234974,5,False,False,Rio Estudos,2001,376,Educação,,
7f525f38c32542d3bcecb5a2c35deb94,"NOTA TÉCNICA 25 - Avaliação das crianças de creches municipais no Rio de Janeiro (2010-2012): uso da ferramenta Age & Stages Questionnaires, ASQ-3 (Novembro/2013)",1194401,15,True,False,Notas Técnicas IPP,2013,682,Educação|Educação básica,"Avaliação das crianças de creches  municipais no Rio de Janeiro (2010 –  2012): uso da ferramenta Age & Stages  Questionnaires (ASQ-3)        Autores: MARIANA CARVALHO BARBOSA, CAMILLE BENDAHAN BEMERGUY  e ROBERTA TOMAS    www.ipprio.rio.rj.gov.br  www.armazemdedados.rio.rj.gov.b",
8027e843895d467da91a7a8c747fd524,NOTA TÉCNICA 45 - Resumo Executivo: Índice de Progresso Social (IPS) da Cidade do Rio de Janeiro 2024 (Dezembro/2024),1525894,27,True,False,Notas Técnicas IPP,2024,559,IPS|Índice de Progresso Social|Índices|IPS Rio|4060,1                    RESUMO EXECUTIVO:  ÍNDICE DE PROGRESSO SOCIAL  (IPS) DA CIDADE DO RIO DE  JANEIRO 2024          Autores:  Bruna Santos Miceli; Fernando Cavallieri; Juliana Alves Cordeiro; e Naiara Silva de Carvalho                     Dezembro de 2024 – Nº45,
80c4a2e4cea34be59c9164a8d30474a7,"Turno Único nas Escolas Municipais da Cidade do Rio de Janeiro: Caracterização, Percepções e Avaliação de Impacto (Dezembro/2020)",14338219,71,True,False,(outros),2020,512,TU,"TURNO ÚNICO NAS ESCOLAS MUNICIPAIS DA CIDADE DO RIO DE JANEIRO caracterização, percepções e avaliação de impacto",
93722c0217db42969d7c6c53deaa3c92,COLEÇÃO ESTUDOS CARIOCAS - Escolaridade dos chefes de domicílio segundo a contagem da população de 1996 (Maio/2001),1289682,7,True,False,Estudos Cariocas,2001,589,Educação|Escolaridade da população,ISSN 1984-7203 COLEÇÃO ESTUDOS CARIOCAS Escolaridade dos chefes de domicílio  segundo a Contagem da população de  1996  Nº 20010501  Maio - 2001    Alcides Carneiro - IPP/Prefeitura da Cidade do Rio de Janeiro  PREFEITURA DA CIDADE DO RIO DE JANEIRO  Secretaria Municipal de Urban,
9862d443bd9e48cbab9b8d739e25b45c,NOTA TÉCNICA 31 - Pesquisa Nacional de Saúde Escolar (PeNSE 2012): Análise dos Resultados (Outubro/2014),1518819,32,True,False,Notas Técnicas IPP,2014,724,Educação,Pesquisa Nacional de Saúde Escolar  PeNSE 2012  Análise dos Resultados        Autores: ALCIDES CARNEIRO e LUCIA SANTOS    www.rio.rj.gov.br/web/ipp  www.armazemdedados.rio.rj.gov.br                 Outubro de 2014 – N° 31,
a0aa37fa8e6f43f59bd65c7834c650cc,COLEÇÃO ESTUDOS CARIOCAS - O Rio na virada do século: do Censo 1991 até a PNAD 2006 (Maio/2008),1340336,26,True,False,Estudos Cariocas,2008,594,Educação|Escolaridade da população,"ISSN 1984-7203 COLEÇÃO ESTUDOS CARIOCAS O Rio na virada do século: do Censo  1991 à PNAD 2006  Nº 20080501  Maio - 2008    Alcides Carneiro, Ana Carolina Aguilera Negrete, Fabricio Leal de Oliveira,  Fernando Cavallieri, Helcio de Medeiros Junior, Inês Germano, Lucia  Helena Barr",
a52fcca80a474d01a4ef40b728a05c92,RIO ESTUDOS Nº 48 - O Sistema Nacional de Avaliação da Educação Básica e a Modelagem de Dados (Março/2002),497985,14,True,False,Rio Estudos,2002,458,Educação|Educação básica,,
af77acf434244df883b9683b87913afe,NOTA TÉCNICA 44 - Adaptação Metodológica do IDS: Rumo à Análise Comparativa com o Censo 2022 (Dezembro/2024),1470875,21,True,False,Notas Técnicas IPP,2024,531,IDS|Índice de Desenvolvimento Social|Índices|Censo 2022|Censo 2010|4059,Adaptação Metodológica do IDS: Rumo à  Análise Comparativa com o Censo 2022          Autores:  FERNANDO CAVALLIERI e GUSTAVO PERES LOPES*              * Agradecemos a colaboração da Geógrafa Bruna Miceli (IPP/CPAP/GMA) por suas contribuições ao texto e aos  mapas e ao estagiário ,
c648588ad2674507a41b2c802131a3c2,RIO ESTUDOS Nº 36 - A Educação Infantil no Brasil entre 1994-2001 (Outubro/2001),697600,14,False,False,Rio Estudos,2001,583,Educação|Educação básica,,
d0f865cfba6f489b8e7c8ca7f5d6492a,COLEÇÃO ESTUDOS CARIOCAS - Prioridade Educação: evolução recente da rede pública e dos gastos do município no setor (Junho/2004),1147362,7,True,False,Estudos Cariocas,2004,425,Educação|Educação básica,ISSN 0000-0000 COLEÇÃO ESTUDOS CARIOCAS Prioridade Educação: evolução recente  da rede pública e dos gastos do  município no setor  Nº 20040602 Junho - 2004    Paulo Bastos Cezar - IPP/Prefeitura da Cidade do Rio de Janeiro  PREFEITURA DA CIDADE DO RIO DE JANEIRO  Secretaria Muni,
e92c1cbcc33646859c8c24212a870029,CADERNOS DO RIO - Educação (Junho/2013),921385,15,True,False,Cadernos do Rio,2013,855,Educação|Escolaridade da população,PREFEITURA DA CIDADE DO RIO DE JANEIRO | INSTITUTO PEREIRA PASSOS JUNHO 2013,
eacd534830644097930a72c220a33daf,"RIO ESTUDOS Nº 03 - Rio: educação, causas e efeitos (Março/2001) ",408272,33,True,False,Rio Estudos,2001,668,Educação|Escolaridade da população,,
eafc70844f41438da45a79563fd1d310,"COLEÇÃO ESTUDOS CARIOCAS - A Cidade do Rio de Janeiro na PNAD: condições de vida, educação, renda e ocupação entre 2001-2006 (Agosto/2008)",3254684,105,True,False,Estudos Cariocas,2008,885,População|Trabalho e renda,"ISSN 1984-7203 COLEÇÃO ESTUDOS CARIOCAS A Cidade do Rio de Janeiro na PNAD:  Condições de Vida, Educação, Renda e  Ocupação entre 2001 e 2006  Nº 20080802  Agosto - 2008    Adalberto Cardoso (coord) - Contrato IUPERJ-IPP/Prefeitura da Cidade do Rio de Janeiro  PREFEITURA DA CIDAD",
ecfa86b57fc74247857221a40a2dd76b,NOTA TÉCNICA 12 - Evolução das matrículas na rede municipal da Cidade do Rio de Janeiro entre 2001-2012 (Dezembro/2012),591258,10,True,False,Notas Técnicas IPP,2012,631,Educação|Educação básica,Evolução das matrículas na rede  municipal da Cidade do Rio de Janeiro:  2001 a 2012  ipprio.rio.rj.gov.br  www.armazemdedados.rio.rj.gov.br                      Dezembro de 2012 – N°12,
fb0debcd4a87456889eff55fe618bf15,Informação para Ação: monitoramento da Saúde Escolar (Folheto) - 2003,344376,6,True,False,(outros),2003,408,Educação|Educação básica,V I G I L Â N C I A  E M  S A Ú D E,
