bairro,ap,ra,matriculas,escolas,ideb,log_predicted_escolas,sami
Caju,Área de Planejamento 1,I Portuária,4174.0,5.0,4.931907894736842,1.6273968959717706,-0.018
Gamboa,Área de Planejamento 1,I Portuária,987.0,1.0,4.3,0.5201796865848598,-0.5202
Santo Cristo,Área de Planejamento 1,I Portuária,1617.0,3.0,5.532885906040269,0.89923764640307,0.1994
Saúde,Área de Planejamento 1,I Portuária,722.0,1.0,,0.2801135247401447,-0.2801
Centro,Área de Planejamento 1,II Centro,4915.0,4.0,5.2477099236641225,1.7528775249066495,-0.3666
Catumbi,Área de Planejamento 1,III Rio Comprido,1698.0,2.0,3.9000000000000004,0.9367692857246208,-0.2436
Estácio,Área de Planejamento 1,III Rio Comprido,797.0,1.0,4.8,0.35600034803077474,-0.356
Rio Comprido,Área de Planejamento 1,III Rio Comprido,3477.0,5.0,4.8728643216080405,1.4871058585293486,0.1223
Benfica,Área de Planejamento 1,VII São Cristóvão,5358.0,4.0,4.673866090712743,1.8191427154533635,-0.4328
Imperial de São Cristóvão,Área de Planejamento 1,VII São Cristóvão,3703.0,7.0,5.314761904761904,1.5354603787879064,0.4104
Vasco da Gama,Área de Planejamento 1,VII São Cristóvão,903.0,1.0,6.5,0.45188085446960535,-0.4519
Paquetá,Área de Planejamento 1,XXI  Paquetá,468.0,1.0,6.0,-0.052795558550749355,0.0528
Santa Teresa,Área de Planejamento 1,XXIII Santa Teresa,3821.0,4.0,6.048159509202454,1.5595471410445194,-0.1733
Botafogo,Área de Planejamento 2,IV Botafogo,2295.0,4.0,5.725531914893618,1.1681101922331223,0.2182
Catete,Área de Planejamento 2,IV Botafogo,879.0,1.0,5.1,0.43119662258401714,-0.4312
Flamengo,Área de Planejamento 2,IV Botafogo,760.0,3.0,6.163855421686748,0.31949937204069645,0.7791
Humaitá,Área de Planejamento 2,IV Botafogo,952.0,1.0,6.6,0.4924562537931214,-0.4925
Laranjeiras,Área de Planejamento 2,IV Botafogo,2003.0,4.0,6.022641509433962,1.0636151803673268,0.3227
Urca,Área de Planejamento 2,IV Botafogo,1422.0,2.0,6.70709219858156,0.8005618576701652,-0.1074
Copacabana,Área de Planejamento 2,V Copacabana,3870.0,6.0,6.495394736842105,1.5693314180623084,0.2224
Leme,Área de Planejamento 2,V Copacabana,615.0,1.0,4.9,0.15694726952865157,-0.1569
Gávea,Área de Planejamento 2,VI Lagoa,3256.0,5.0,4.765193370165746,1.4366804653104897,0.1728
Ipanema,Área de Planejamento 2,VI Lagoa,2560.0,3.0,5.0888888888888895,1.2520171721533497,-0.1534
Jardim Botânico,Área de Planejamento 2,VI Lagoa,1253.0,3.0,5.799999999999999,0.7034099505127855,0.3952
Lagoa,Área de Planejamento 2,VI Lagoa,952.0,2.0,5.798314606741573,0.4924562537931214,0.2007
Leblon,Área de Planejamento 2,VI Lagoa,3011.0,3.0,6.5299270072992694,1.3766132667185387,-0.278
São Conrado,Área de Planejamento 2,VI Lagoa,1668.0,1.0,6.3,0.9230816563151105,-0.9231
Vidigal,Área de Planejamento 2,VI Lagoa,1377.0,2.0,5.282222222222222,0.7758698369374928,-0.0827
Rocinha,Área de Planejamento 2,XXVII Rocinha,2202.0,3.0,4.993518518518518,1.1363464560012044,-0.0377
Alto da Boa Vista,Área de Planejamento 2,VIII Tijuca,1698.0,6.0,5.506341463414634,0.9367692857246208,0.855
Praça da Bandeira,Área de Planejamento 2,VIII Tijuca,1073.0,2.0,5.28,0.5843291933836818,0.1088
Tijuca,Área de Planejamento 2,VIII Tijuca,8303.0,12.0,5.535387045813586,2.1554835616733303,0.3294
Andaraí,Área de Planejamento 2,IX Vila Isabel,2756.0,4.0,5.713636363636363,1.3086642617165962,0.0776
Grajaú,Área de Planejamento 2,IX Vila Isabel,3393.0,3.0,5.377173913043478,1.4683276659673474,-0.3697
Maracanã,Área de Planejamento 2,IX Vila Isabel,1615.0,4.0,7.114659685863874,0.8982873298495244,0.488
Vila Isabel,Área de Planejamento 2,IX Vila Isabel,5314.0,9.0,5.336893203883495,1.812811036061003,0.3844
Bonsucesso,Área de Planejamento 3,X Ramos,2879.0,2.0,5.338362068965517,1.34219088191342,-0.649
Manguinhos,Área de Planejamento 3,X Ramos,3535.0,4.0,4.449066666666667,1.4998088377096703,-0.1135
Olaria,Área de Planejamento 3,X Ramos,7530.0,10.0,5.446839080459771,2.0804472816960553,0.2221
Ramos,Área de Planejamento 3,X Ramos,9526.0,9.0,5.326039387308534,2.26099308002431,-0.0638
Maré,Área de Planejamento 3,XXX Maré,15506.0,23.0,4.773999999999999,2.635094011818307,0.5004
Água Santa,Área de Planejamento 3,XIII Méier,769.0,1.0,5.6,0.32853898081694854,-0.3285
Cachambi,Área de Planejamento 3,XIII Méier,2617.0,5.0,5.9477157360406085,1.268926402332899,0.3405
Encantado,Área de Planejamento 3,XIII Méier,678.0,2.0,6.6,0.2318324099127782,0.4613
Engenho de Dentro,Área de Planejamento 3,XIII Méier,4863.0,5.0,5.750958904109589,1.7447104413231331,-0.1353
Engenho Novo,Área de Planejamento 3,XIII Méier,2015.0,3.0,5.494270833333334,1.068201688840639,0.0304
Jacaré,Área de Planejamento 3,XIII Méier,2201.0,3.0,5.220909090909091,1.1359976684970228,-0.0374
Lins de Vasconcelos,Área de Planejamento 3,XIII Méier,3188.0,2.0,4.917721518987341,1.4204743435621543,-0.7273
Méier,Área de Planejamento 3,XIII Méier,3631.0,6.0,5.438629283489097,1.5203833716998112,0.2714
Piedade,Área de Planejamento 3,XIII Méier,2990.0,5.0,5.677407407407408,1.3712391507230377,0.2382
Pilares,Área de Planejamento 3,XIII Méier,2547.0,2.0,5.953968253968254,1.248107970913959,-0.555
Riachuelo,Área de Planejamento 3,XIII Méier,1650.0,2.0,5.289677419354838,0.9147504099127319,-0.2216
Rocha,Área de Planejamento 3,XIII Méier,1324.0,3.0,5.618939393939394,0.7457316841770041,0.3529
Sampaio,Área de Planejamento 3,XIII Méier,390.0,1.0,5.9,-0.19279220102081052,0.1928
Todos os Santos,Área de Planejamento 3,XIII Méier,522.0,1.0,6.6,0.031053737736707276,-0.0311
Colégio,Área de Planejamento 3,XIV Irajá,3044.0,4.0,5.6009740259740255,1.3849830398769951,0.0013
Irajá,Área de Planejamento 3,XIV Irajá,14461.0,15.0,5.513590604026846,2.581519434932008,0.1265
Vicente de Carvalho,Área de Planejamento 3,XIV Irajá,1385.0,1.0,4.9,0.7803179633650466,-0.7803
Vila Kosmos,Área de Planejamento 3,XIV Irajá,2274.0,3.0,5.452840909090909,1.1610517187070473,-0.0624
Vila da Penha,Área de Planejamento 3,XIV Irajá,1056.0,2.0,6.536974789915966,0.5720663244741768,0.1211
Vista Alegre,Área de Planejamento 3,XIV Irajá,617.0,1.0,5.9,0.15944030963182865,-0.1594
Bento Ribeiro,Área de Planejamento 3,XV Madureira,1577.0,2.0,5.141791044776119,0.8800041880709468,-0.1869
Campinho,Área de Planejamento 3,XV Madureira,672.0,1.0,5.7,0.2250069811736326,-0.225
Cascadura,Área de Planejamento 3,XV Madureira,3360.0,4.0,5.70985401459854,1.4608230194242893,-0.0745
Cavalcanti,Área de Planejamento 3,XV Madureira,3132.0,6.0,5.40748299319728,1.406866418457425,0.3849
Engenheiro Leal,Área de Planejamento 3,XV Madureira,953.0,2.0,5.93803680981595,0.49326240155982326,0.1999
Honório Gurgel,Área de Planejamento 3,XV Madureira,2185.0,3.0,5.043169398907104,1.1303954134425025,-0.0318
Madureira,Área de Planejamento 3,XV Madureira,3632.0,5.0,5.248669201520912,1.52059481481756,0.0888
Marechal Hermes,Área de Planejamento 3,XV Madureira,5389.0,7.0,5.373913043478261,1.8235725269382819,0.1223
Rocha Miranda,Área de Planejamento 3,XV Madureira,8161.0,8.0,5.373058637083994,2.1422379093465045,-0.0628
Turiaçu,Área de Planejamento 3,XV Madureira,1139.0,2.0,5.029126213592233,0.6301642040255286,0.063
Vaz Lobo,Área de Planejamento 3,XV Madureira,822.0,1.0,4.8,0.3797161206116577,-0.3797
Del Castilho,Área de Planejamento 3,XII Inhaúma,2247.0,3.0,5.475641025641026,1.1518801417238418,-0.0533
Engenho da Rainha,Área de Planejamento 3,XII Inhaúma,3290.0,5.0,5.145525291828794,1.4446570396461782,0.1648
Higienópolis,Área de Planejamento 3,XII Inhaúma,4770.0,4.0,4.788111888111888,1.7298837421152902,-0.3436
Inhaúma,Área de Planejamento 3,XII Inhaúma,11406.0,14.0,5.428686327077748,2.399295121499457,0.2398
Maria da Graça,Área de Planejamento 3,XII Inhaúma,1322.0,1.0,4.7,0.7445709043984934,-0.7446
Tomás Coelho,Área de Planejamento 3,XII Inhaúma,1020.0,1.0,5.5,0.5454328218544457,-0.5454
Complexo do Alemão,Área de Planejamento 3,XXIX Complexo do Alemão,2325.0,1.0,5.6,1.1780824840499946,-1.1781
Brás de Pina,Área de Planejamento 3,XI Penha,4849.0,7.0,5.7439024390243905,1.7424966878372183,0.2034
Penha,Área de Planejamento 3,XI Penha,8976.0,10.0,5.138387978142076,2.2153282778143844,0.0873
Penha Circular,Área de Planejamento 3,XI Penha,5941.0,9.0,5.695101351351352,1.8984519930903785,0.2988
Cordovil,Área de Planejamento 3,XXXI Vigário Geral,6156.0,8.0,5.467237687366167,1.9257490678444613,0.1537
Jardim América,Área de Planejamento 3,XXXI Vigário Geral,4851.0,4.0,5.524885844748859,1.742813329358098,-0.3565
Parada de Lucas,Área de Planejamento 3,XXXI Vigário Geral,1411.0,3.0,5.278666666666666,0.7945989526953587,0.304
Vigário Geral,Área de Planejamento 3,XXXI Vigário Geral,4358.0,6.0,4.737136929460581,1.6605209827175882,0.1312
Anchieta,Área de Planejamento 3,XXII Anchieta,3709.0,4.0,4.745454545454545,1.5367035345002265,-0.1504
Guadalupe,Área de Planejamento 3,XXII Anchieta,6516.0,8.0,5.6939935064935066,1.9693889740994415,0.1101
Parque Anchieta,Área de Planejamento 3,XXII Anchieta,7389.0,9.0,6.160893854748603,2.0659327868600332,0.1313
Ricardo de Albuquerque,Área de Planejamento 3,XXII Anchieta,1811.0,1.0,5.5,0.9862407611829278,-0.9862
Acari,Área de Planejamento 3,XXV Pavuna,1593.0,2.0,4.977692307692307,0.8877554783961177,-0.1946
Barros Filho,Área de Planejamento 3,XXV Pavuna,90.0,1.0,,-1.3187274440621124,1.3187
Coelho Neto,Área de Planejamento 3,XXV Pavuna,7096.0,7.0,4.817084639498433,2.034864453296337,-0.089
Costa Barros,Área de Planejamento 3,XXV Pavuna,3090.0,3.0,5.531455399061033,1.3964998391295573,-0.2979
Pavuna,Área de Planejamento 3,XXV Pavuna,15037.0,19.0,5.613639679066375,2.6115106951168086,0.3329
Bancários,Área de Planejamento 3,XX Ilha do Governador,2316.0,4.0,4.9857894736842105,1.1751043716784384,0.2112
Cacuia,Área de Planejamento 3,XX Ilha do Governador,224.0,2.0,4.3,-0.6185687017813954,1.3117
Cidade Universitária,Área de Planejamento 3,XX Ilha do Governador,541.0,1.0,5.3,0.05850587661473039,-0.0585
Cocotá,Área de Planejamento 3,XX Ilha do Governador,295.0,1.0,6.0,-0.4071555322183089,0.4072
Galeão,Área de Planejamento 3,XX Ilha do Governador,2983.0,4.0,5.325,1.3694393877223563,0.0169
Jardim Carioca,Área de Planejamento 3,XX Ilha do Governador,880.0,2.0,5.6457746478873245,0.43206968200411655,0.2611
Jardim Guanabara,Área de Planejamento 3,XX Ilha do Governador,2036.0,3.0,6.167469879518072,1.0761627422428042,0.0224
Moneró,Área de Planejamento 3,XX Ilha do Governador,1715.0,2.0,6.005940594059406,0.9444186583981544,-0.2513
Pitangueiras,Área de Planejamento 3,XX Ilha do Governador,447.0,1.0,5.7,-0.08804758333813023,0.088
Portuguesa,Área de Planejamento 3,XX Ilha do Governador,2376.0,4.0,5.5774509803921575,1.1947436948528534,0.1916
Praia da Bandeira,Área de Planejamento 3,XX Ilha do Governador,636.0,1.0,4.9,0.18272901867529434,-0.1827
Tauá,Área de Planejamento 3,XX Ilha do Governador,1411.0,3.0,6.1,0.7945989526953587,0.304
Zumbi,Área de Planejamento 3,XX Ilha do Governador,780.0,1.0,5.8,0.33944479674487926,-0.3394
Anil,Área de Planejamento 4,XVI Jacarepaguá,4816.0,8.0,5.6141148325358845,1.7372531625773355,0.3422
Curicica,Área de Planejamento 4,XVI Jacarepaguá,6485.0,4.0,5.557986111111111,1.9657271679142543,-0.5794
Jacarepaguá,Área de Planejamento 4,XVI Jacarepaguá,14128.0,11.0,5.394785059901339,2.563630911019417,-0.1657
Pechincha,Área de Planejamento 4,XVI Jacarepaguá,2081.0,3.0,5.678378378378379,1.0929491797579303,0.0057
Praça Seca,Área de Planejamento 4,XVI Jacarepaguá,7299.0,7.0,5.239244663382594,2.0565226730444426,-0.1106
Tanque,Área de Planejamento 4,XVI Jacarepaguá,4034.0,3.0,5.514685314685315,1.6012004482533833,-0.5026
Taquara,Área de Planejamento 4,XVI Jacarepaguá,13527.0,13.0,5.687029702970297,2.530251490847623,0.0347
Vila Valqueire,Área de Planejamento 4,XVI Jacarepaguá,2829.0,4.0,5.924081632653062,1.3287382659768694,0.0576
Cidade de Deus,Área de Planejamento 4,XXXIII Cidade de Deus,6799.0,8.0,4.750921658986175,2.0020342444251655,0.0774
Barra da Tijuca,Área de Planejamento 4,XXIV Barra da Tijuca,10291.0,10.0,5.66567992599445,2.3203059570361617,-0.0177
Itanhangá,Área de Planejamento 4,XXIV Barra da Tijuca,4776.0,1.0,5.3,1.7308489913652823,-1.7308
Vargem Grande,Área de Planejamento 4,XXIV Barra da Tijuca,2365.0,2.0,5.818181818181818,1.1911805530657782,-0.498
Vargem Pequena,Área de Planejamento 4,XXIV Barra da Tijuca,1956.0,2.0,5.512556053811658,1.0453828427020389,-0.3522
Bangu,Área de Planejamento 5,XVII Bangu,38182.0,34.0,5.308212341197822,3.327037291943946,0.1993
Padre Miguel,Área de Planejamento 5,XVII Bangu,6136.0,10.0,5.708771929824562,1.923250348824432,0.3793
Senador Camará,Área de Planejamento 5,XVII Bangu,12404.0,15.0,5.16401098901099,2.4637024475952067,0.2443
Campo dos Afonsos,Área de Planejamento 5,XXXII Realengo,1057.0,2.0,5.874528301886793,0.5727931164614759,0.1204
Deodoro,Área de Planejamento 5,XXXII Realengo,1359.0,3.0,5.642763157894737,0.7657663269928605,0.3328
Jardim Sulacap,Área de Planejamento 5,XXXII Realengo,703.0,1.0,6.0,0.25963615981569,-0.2596
Magalhães Bastos,Área de Planejamento 5,XXXII Realengo,3047.0,6.0,5.6789772727272725,1.3857394237936038,0.406
Realengo,Área de Planejamento 5,XXXII Realengo,19189.0,26.0,5.460545764638999,2.798731852212118,0.4594
Vila Militar,Área de Planejamento 5,XXXII Realengo,1579.0,3.0,5.1,0.8809773893130801,0.2176
Campo Grande,Área de Planejamento 5,XVIII Campo Grande,46331.0,54.0,5.662493120528344,3.4755767329580634,0.5134
Cosmos,Área de Planejamento 5,XVIII Campo Grande,10696.0,11.0,5.453402646502836,2.3499452729041606,0.0479
Inhoaíba,Área de Planejamento 5,XVIII Campo Grande,9014.0,12.0,5.3581274382314685,2.2185721420869218,0.2663
Santíssimo,Área de Planejamento 5,XVIII Campo Grande,3180.0,6.0,5.553549695740364,1.418545056925951,0.3732
Senador Vasconcelos,Área de Planejamento 5,XVIII Campo Grande,2783.0,4.0,5.88969465648855,1.316150186068791,0.0701
Paciência,Área de Planejamento 5,XIX Santa Cruz,17967.0,13.0,5.334458598726115,2.748206598324491,-0.1833
Santa Cruz,Área de Planejamento 5,XIX Santa Cruz,37367.0,51.0,5.238477069512547,3.3104698547980567,0.6214
Sepetiba,Área de Planejamento 5,XIX Santa Cruz,8258.0,9.0,5.212591050988554,2.1513106747079638,0.0459
Barra de Guaratiba,Área de Planejamento 5,XXVI Guaratiba,619.0,3.0,6.534782608695653,0.16192528162995057,0.9367
Guaratiba,Área de Planejamento 5,XXVI Guaratiba,18533.0,19.0,5.26089841755998,2.772022551959645,0.1724
Pedra de Guaratiba,Área de Planejamento 5,XXVI Guaratiba,3526.0,3.0,5.165671641791045,1.4978514082130774,-0.3992
