ap,ra,bairro,ideb,n_setores,ids_median,ids_mean,ids_p25,ids_p75,i_agua_adequada_median,i_esgoto_adequado_median,i_lixo_adequado_median,i_medbanh_pes_median,i_analfab_10a14_median,i_rendaresp_pos_sm_median,i_rendaresp_pos_ate2sm_median,i_rendaresp_p_maisde10sm_median,ids_iqr,quadrante,vuln_score
Área de Planejamento 1,I Portuária,Santo Cristo,4.9,20,0.549288715,0.5481823475,0.5297618399999999,0.5668605975,1.0,0.9961888050000001,1.0,0.17066079,0.99031008,0.020990285,0.30432192,0.001755905,0.037098757500000024,Q4: baixo IDS · baixo IDEB (vulnerável),1.4453271511608592
Área de Planejamento 3,XIII Méier,Sampaio,4.8,16,0.56482354,0.5627457773333333,0.542276735,0.5930901900000001,1.0,0.9952381,1.0,0.18029899,0.94047619,0.03514401,0.44262295,0.02945697,0.05081345500000012,Q4: baixo IDS · baixo IDEB (vulnerável),1.4353047618381616
Área de Planejamento 4,XVI Jacarepaguá,Gardênia Azul,5.0,20,0.54388258,0.5472448675,0.5277552275,0.5645748275,1.0,0.97480897,1.0,0.182947215,0.978767715,0.019016045,0.28938641,0.004723359999999999,0.03681959999999995,Q4: baixo IDS · baixo IDEB (vulnerável),1.3840290792471182
Área de Planejamento 3,XXV Pavuna,Parque Columbia,5.1,19,0.53039833,0.5322908205263158,0.5068298950000001,0.57063134,1.0,0.96907216,1.0,0.18018644,0.96855346,0.01640217,0.25,0.0,0.06380144499999996,Q4: baixo IDS · baixo IDEB (vulnerável),1.3796124883265755
Área de Planejamento 3,XXV Pavuna,Acari,5.2,38,0.52524268,0.5135297177142857,0.509231855,0.5363161599999999,1.0,0.99591837,1.0,0.15480178,0.93589744,0.01020091,0.0989011,0.0,0.02708430499999992,Q4: baixo IDS · baixo IDEB (vulnerável),1.3165506438289354
Área de Planejamento 3,XXVIII Jacarezinho,Jacarezinho,5.2,52,0.527381335,0.5185556348076923,0.5131075525000001,0.5351838675,1.0,1.0,1.0,0.15899759,0.97289794,0.011388375,0.131800565,0.0,0.022076314999999958,Q4: baixo IDS · baixo IDEB (vulnerável),1.3014914544346883
Área de Planejamento 3,XXV Pavuna,Costa Barros,5.2,47,0.52748568,0.5186290808510639,0.51524344,0.54669709,1.0,0.99137931,1.0,0.16165566,0.96233522,0.01245185,0.15277778,0.0,0.03145365,Q4: baixo IDS · baixo IDEB (vulnerável),1.3007567164253586
Área de Planejamento 2,VI Lagoa,Vidigal,5.2,20,0.53483412,0.5531832663157894,0.5311602200000001,0.55586621,0.99230769,0.98571429,1.0,0.18373457,0.96598639,0.01568094,0.17571885,0.00302844,0.024705989999999955,Q4: baixo IDS · baixo IDEB (vulnerável),1.2490131908392954
Área de Planejamento 3,XXXI Vigário Geral,Parada de Lucas,5.2,39,0.53649039,0.542349118974359,0.52267712,0.56892588,1.0,1.0,1.0,0.17352659,0.97126437,0.01418681,0.15757576,0.0,0.04624876,Q4: baixo IDS · baixo IDEB (vulnerável),1.237350681637012
Área de Planejamento 4,XXIV Barra da Tijuca,Itanhangá,5.5,49,0.49946644,0.49594933441860467,0.42669006,0.567000645,0.99750623,0.31141869,1.0,0.17725711,0.96296296,0.0228981,0.32786885,0.01123047,0.14031058500000004,Q4: baixo IDS · baixo IDEB (vulnerável),1.1999572538234955
Área de Planejamento 3,XIII Méier,Jacaré,5.1,16,0.56055883,0.5513925831250001,0.5308039175,0.5860515975,1.0,0.99715909,1.0,0.198390065,0.96452295,0.023872785,0.297903275,0.007461880000000001,0.05524768000000002,Q4: baixo IDS · baixo IDEB (vulnerável),1.1672394399736663
Área de Planejamento 3,XXIX Complexo do Alemão,Complexo do Alemão,5.4,85,0.5230335850000001,0.512626760595238,0.5089538625000001,0.5320981300000001,1.0,0.990175515,0.9968508899999999,0.155541225,0.95168067,0.011227170000000002,0.126317345,0.0,0.023144267499999982,Q4: baixo IDS · baixo IDEB (vulnerável),1.1333758457926835
Área de Planejamento 3,XXV Pavuna,Barros Filho,5.4,30,0.533080685,0.5220825373333333,0.51457127,0.5414816175,1.0,0.9908521299999999,1.0,0.177638245,0.96922658,0.013465315,0.16895273500000002,0.0,0.026910347499999987,Q4: baixo IDS · baixo IDEB (vulnerável),1.0626298948268005
Área de Planejamento 4,XXIV Barra da Tijuca,Vargem Grande,6.2,26,0.420208125,0.41882869166666664,0.3326626025,0.4628282025,0.35949284,0.13328259,1.0,0.17035466500000002,0.9894514750000001,0.018500965,0.240384615,0.0,0.1301656,Q2: baixo IDS · alto IDEB (resiliente),1.0624941776106633
Área de Planejamento 3,XII Inhaúma,Maria da Graça,4.8,13,0.61852733,0.6129426530769231,0.60626904,0.62378737,1.0,0.99209486,1.0,0.22828166,1.0,0.0479119,0.65460526,0.04049296,0.017518329999999915,Q3: alto IDS · baixo IDEB (sub-performance),1.0571532858876793
Área de Planejamento 3,XXV Pavuna,Coelho Neto,5.2,53,0.56272964,0.5561125922641509,0.53683267,0.57744046,1.0,1.0,1.0,0.18218859,1.0,0.02230092,0.33460076,0.00485642,0.04060779000000003,Q4: baixo IDS · baixo IDEB (vulnerável),1.052588840520515
Área de Planejamento 3,XV Madureira,Vaz Lobo,5.1,21,0.5815652,0.5646694704999999,0.556080465,0.59751957,1.0,0.99543341,1.0,0.19338504499999998,1.0,0.03029851,0.44380644999999996,0.0154112,0.04143910500000003,Q3: alto IDS · baixo IDEB (sub-performance),1.0193245568739457
Área de Planejamento 3,X Ramos,Manguinhos,5.6,41,0.51567039,0.4977126253658537,0.46144604,0.53103946,1.0,0.99459459,1.0,0.1568323,0.94623656,0.01113775,0.09550562,0.0,0.06959342000000002,Q4: baixo IDS · baixo IDEB (vulnerável),0.9864932819208454
Área de Planejamento 5,XXVI Guaratiba,Guaratiba,5.9,227,0.48612231,0.4793076376497696,0.42885232,0.52944775,0.98550725,0.515625,1.0,0.1734963,0.96732026,0.01731338,0.23584906,0.0,0.10059542999999999,Q4: baixo IDS · baixo IDEB (vulnerável),0.8964590391012758
Área de Planejamento 3,XXX Maré,Maré,5.6,185,0.5333612750000001,0.5297643775543478,0.526328465,0.5421133275,1.0,1.0,1.0,0.16267502,0.95495495,0.013214449999999999,0.16129032,0.0,0.015784862499999996,Q4: baixo IDS · baixo IDEB (vulnerável),0.8619241542369285
Área de Planejamento 1,III Rio Comprido,Estácio,5.5,39,0.55099765,0.563557724,0.529562345,0.59756719,1.0,1.0,1.0,0.18238464,1.0,0.01857905,0.23404255,0.0171131,0.06800484500000004,Q4: baixo IDS · baixo IDEB (vulnerável),0.8371038477787036
Área de Planejamento 5,XIX Santa Cruz,Sepetiba,5.7,109,0.525100715,0.5125934520754717,0.49048239,0.5498003725,0.990646855,0.83150183,1.0,0.192484515,0.97375165,0.020528855,0.284271795,0.00876524,0.05931798250000003,Q4: baixo IDS · baixo IDEB (vulnerável),0.8207253160409556
Área de Planejamento 1,XXI  Paquetá,Paquetá,5.2,11,0.5964891,0.5905565511111112,0.55756586,0.62656192,1.0,0.9893617,1.0,0.26790451,0.96031746,0.05291378,0.51470588,0.0788872,0.06899606000000003,Q3: alto IDS · baixo IDEB (sub-performance),0.8148739673934742
Área de Planejamento 2,VIII Tijuca,Alto da Boa Vista,5.9,21,0.49929835499999997,0.5095273311111111,0.43954831250000004,0.5432715874999999,0.61394817,0.73770492,1.0,0.207917635,1.0,0.035053415000000004,0.43713561,0.057079099999999994,0.10372327499999989,Q4: baixo IDS · baixo IDEB (vulnerável),0.8036808410646016
Área de Planejamento 3,XXII Anchieta,Anchieta,5.5,89,0.56187957,0.5489790257303371,0.53889642,0.57520495,1.0,0.99047619,1.0,0.18597748,0.9862259,0.02396516,0.31779661,0.01573905,0.036308530000000006,Q4: baixo IDS · baixo IDEB (vulnerável),0.7604795702523863
Área de Planejamento 3,XIV Irajá,Vicente de Carvalho,5.5,39,0.5666436349999999,0.5599695034210527,0.51974886,0.5883728025,1.0,1.0,1.0,0.192085045,0.9869791649999999,0.022745745,0.32177591,0.00638145,0.06862394250000003,Q4: baixo IDS · baixo IDEB (vulnerável),0.7269337402229972
Área de Planejamento 3,XX Ilha do Governador,Freguesia (Ilha do Governador),5.3,28,0.59584025,0.5938165021428572,0.5509647925000001,0.6445990475000001,0.996115705,0.99274819,1.0,0.235943075,1.0,0.039889055,0.560397895,0.04126528,0.093634255,Q3: alto IDS · baixo IDEB (sub-performance),0.7200778063454826
Área de Planejamento 5,XVII Bangu,Senador Camará,5.7,160,0.54042217,0.5392797816455696,0.522416735,0.559702855,1.0,0.9865492899999999,1.0,0.179108965,0.96969697,0.01579547,0.23140576499999999,0.0,0.03728612000000009,Q4: baixo IDS · baixo IDEB (vulnerável),0.7128403637506441
Área de Planejamento 1,I Portuária,Gamboa,5.7,21,0.54469931,0.5395323766666666,0.52030721,0.5498885,1.0,1.0,1.0,0.15641132,0.96941896,0.01640243,0.22727273,0.0,0.029581289999999982,Q4: baixo IDS · baixo IDEB (vulnerável),0.6827231820052431
Área de Planejamento 1,I Portuária,Caju,5.8,28,0.532628535,0.5489806657692308,0.5269285875,0.565645615,1.0,1.0,1.0,0.167274915,0.9724655849999999,0.011865094999999999,0.11958373,0.0,0.038717027499999945,Q4: baixo IDS · baixo IDEB (vulnerável),0.6683537058699128
Área de Planejamento 2,XXVII Rocinha,Rocinha,5.9,82,0.523257585,0.5131766289999999,0.5003790324999999,0.53382493,0.997898235,0.95137631,1.0,0.16453626,0.954646425,0.01250733,0.14219114,0.0,0.033445897500000044,Q4: baixo IDS · baixo IDEB (vulnerável),0.6349736010888556
Área de Planejamento 3,XXXI Vigário Geral,Vigário Geral,5.8,64,0.54072577,0.52884774359375,0.506523925,0.564355815,0.99662031,0.959452055,1.0,0.17318623500000002,0.97435897,0.019741540000000002,0.28911626,0.0,0.05783189,Q4: baixo IDS · baixo IDEB (vulnerável),0.6113375927358506
Área de Planejamento 4,XXXIII Cidade de Deus,Cidade de Deus,5.8,45,0.54119808,0.5390165466666667,0.5274506,0.54859987,1.0,0.99418605,1.0,0.16796644,0.9537037,0.01518579,0.20642202,0.0,0.021149269999999998,Q4: baixo IDS · baixo IDEB (vulnerável),0.6080118549507486
Área de Planejamento 3,XIII Méier,Lins de Vasconcelos,5.3,57,0.61216032,0.5834804605555556,0.5423618275000001,0.6529035775,1.0,0.99623938,1.0,0.23158329,0.989711935,0.05082043,0.671569325,0.052479195,0.11054175,Q3: alto IDS · baixo IDEB (sub-performance),0.605161176474198
Área de Planejamento 3,XV Madureira,Madureira,5.5,85,0.58573162,0.5732834480722891,0.54099016,0.60860395,1.0,0.99134199,1.0,0.19884262,1.0,0.03445528,0.49714286,0.02043839,0.06761379000000001,Q3: alto IDS · baixo IDEB (sub-performance),0.5925270307399105
Área de Planejamento 3,XXV Pavuna,Pavuna,5.7,152,0.5605228,0.5438515709999999,0.52259484,0.580843745,1.0,0.996677595,1.0,0.17812768,0.96763449,0.022342334999999998,0.332202795,0.003781505,0.05824890500000002,Q4: baixo IDS · baixo IDEB (vulnerável),0.5713031854242258
Área de Planejamento 5,XXXII Realengo,Magalhães Bastos,5.7,29,0.56330669,0.5593129268965517,0.54731074,0.58852387,1.0,0.95687885,1.0,0.19539684,0.97435897,0.0303153,0.41869919,0.01671512,0.04121312999999993,Q4: baixo IDS · baixo IDEB (vulnerável),0.5517006189687895
Área de Planejamento 3,XIV Irajá,Vila Kosmos,5.5,25,0.59652359,0.6016241833333333,0.582770655,0.62372251,1.0,1.0,1.0,0.189255885,1.0,0.035910670000000006,0.5513394,0.02450284,0.04095185499999998,Q3: alto IDS · baixo IDEB (sub-performance),0.5165361298386275
Área de Planejamento 3,XV Madureira,Engenheiro Leal,5.8,10,0.5565914,0.5490565133333333,0.54314825,0.58757523,1.0,0.95135135,1.0,0.17436147,0.97619048,0.02479959,0.32386364,0.00602304,0.044426980000000005,Q4: baixo IDS · baixo IDEB (vulnerável),0.4996208702962568
Área de Planejamento 5,XVII Bangu,Bangu,5.8,351,0.55822308,0.5550190100887574,0.53628554,0.58095661,1.0,0.994618055,1.0,0.18325011000000002,0.97792398,0.0219033,0.33426443,0.0069448949999999995,0.044671070000000035,Q4: baixo IDS · baixo IDEB (vulnerável),0.4881315098567256
Área de Planejamento 5,XIX Santa Cruz,Santa Cruz,6.0,365,0.53100692,0.5168620688764045,0.4862670625,0.554665455,1.0,0.9251278000000001,1.0,0.16950554,0.9663265299999999,0.01792139,0.26213592,0.004881989999999999,0.06839839249999996,Q2: baixo IDS · alto IDEB (resiliente),0.481042208559897
Área de Planejamento 1,III Rio Comprido,Rio Comprido,5.6,80,0.58757707,0.581478052,0.52277127,0.6409610800000001,1.0,0.99665552,1.0,0.21078728,1.0,0.03393069,0.52830189,0.02974138,0.11818981000000006,Q3: alto IDS · baixo IDEB (sub-performance),0.4801674309390245
Área de Planejamento 3,XV Madureira,Rocha Miranda,5.7,59,0.57362433,0.5686427423728814,0.560390665,0.58406767,1.0,0.99183673,1.0,0.19651341,1.0,0.02855482,0.41141141,0.01456926,0.02367700500000003,Q4: baixo IDS · baixo IDEB (vulnerável),0.4790496795411302
Área de Planejamento 5,XVIII Campo Grande,Inhoaíba,6.0,127,0.5323339899999999,0.5297115822131148,0.513888265,0.5520838625,1.0,0.946864285,1.0,0.16495758500000002,0.9631574700000001,0.016055855,0.22577146999999997,0.0,0.03819559750000001,Q2: baixo IDS · alto IDEB (resiliente),0.47169773810093013
Área de Planejamento 3,XV Madureira,Turiaçu,5.8,26,0.560606285,0.5457466746153846,0.5349412775,0.58101833,1.0,0.99177951,1.0,0.178897755,0.9911347500000001,0.02333979,0.352720375,0.007221315,0.04607705250000005,Q4: baixo IDS · baixo IDEB (vulnerável),0.471350338765401
Área de Planejamento 1,VII São Cristóvão,Benfica,5.9,40,0.54978356,0.5456854971794872,0.51515767,0.5914952849999999,1.0,1.0,1.0,0.18672941,0.96732026,0.02257156,0.26222222,0.02422753,0.07633761499999991,Q4: baixo IDS · baixo IDEB (vulnerável),0.448192805966657
Área de Planejamento 3,XIII Méier,Engenho Novo,5.5,70,0.610488495,0.5948431098529411,0.57170955,0.6307778275,1.0,1.0,1.0,0.231483275,1.0,0.04493605,0.59772461,0.050603675,0.05906827749999999,Q3: alto IDS · baixo IDEB (sub-performance),0.4182032293625479
Área de Planejamento 4,XXIV Barra da Tijuca,Vargem Pequena,6.2,43,0.513169205,0.492720025,0.4609443675,0.5390080150000001,0.94679487,0.78494318,1.0,0.169592085,0.9631574700000001,0.016753885,0.229674605,0.00202655,0.07806364750000006,Q2: baixo IDS · alto IDEB (resiliente),0.40791524364807286
Área de Planejamento 5,XVIII Campo Grande,Cosmos,6.0,119,0.543122895,0.5346516554464286,0.51346964,0.559869665,1.0,0.9639716899999999,1.0,0.17366288000000002,0.977323215,0.018512705,0.27630961,0.001643485,0.04640002500000007,Q2: baixo IDS · alto IDEB (resiliente),0.39572841918247836
Área de Planejamento 3,XXII Anchieta,Ricardo de Albuquerque,5.9,42,0.561412155,0.5550885716666667,0.5410383125,0.5795908375,1.0,0.990257895,1.0,0.18843468,1.0,0.02550247,0.32934514,0.013734635,0.03855252499999995,Q4: baixo IDS · baixo IDEB (vulnerável),0.366310868723859
Área de Planejamento 3,XII Inhaúma,Inhaúma,5.9,68,0.56347824,0.5544420311764705,0.5295741975,0.5858793825,1.0,0.98743303,1.0,0.18433616000000003,1.0,0.02266842,0.34452505,0.0050031450000000005,0.056305185000000035,Q4: baixo IDS · baixo IDEB (vulnerável),0.3517626759019153
Área de Planejamento 3,XX Ilha do Governador,Tauá,6.0,50,0.5526400549999999,0.5759638348,0.5262379625,0.6257773824999999,1.0,0.99402199,1.0,0.191430405,0.9887387400000001,0.02487569,0.28107735,0.018232305,0.09953941999999993,Q2: baixo IDS · alto IDEB (resiliente),0.32871400361037706
Área de Planejamento 3,XX Ilha do Governador,Cacuia,5.8,19,0.58095277,0.586250317368421,0.563505695,0.6060297400000001,1.0,0.98136646,1.0,0.19964441,1.0,0.03352039,0.5,0.01738911,0.042524045000000066,Q4: baixo IDS · baixo IDEB (vulnerável),0.32808198967580504
Área de Planejamento 3,XXXI Vigário Geral,Cordovil,6.0,77,0.55515989,0.5532031526666666,0.53529072,0.57539206,1.0,0.996139,1.0,0.17567373,0.9796748,0.02118674,0.32954545,0.00481306,0.040101339999999985,Q2: baixo IDS · alto IDEB (resiliente),0.3109707619434162
Área de Planejamento 5,XVII Bangu,Padre Miguel,5.9,90,0.5693296,0.5697390933707865,0.54822897,0.58663243,1.0,0.99295775,1.0,0.18666265,1.0,0.02690002,0.38943894,0.00998264,0.038403459999999945,Q4: baixo IDS · baixo IDEB (vulnerável),0.3105607342825696
Área de Planejamento 3,XV Madureira,Honório Gurgel,6.0,33,0.5572191,0.5510202651515151,0.54278216,0.57920948,1.0,0.99456522,1.0,0.18619579,0.96855346,0.02564882,0.36501901,0.00592376,0.03642732000000004,Q2: baixo IDS · alto IDEB (resiliente),0.29647097895245816
Área de Planejamento 3,XX Ilha do Governador,Jardim Carioca,5.8,36,0.5878224400000001,0.5946289561111111,0.5641907775,0.6170659,1.0,1.0,1.0,0.202514865,1.0,0.031965895,0.4774006,0.022202065,0.05287512249999993,Q3: alto IDS · baixo IDEB (sub-performance),0.27970968951239444
Área de Planejamento 3,XII Inhaúma,Engenho da Rainha,5.9,40,0.57427209,0.5716873215384616,0.56158327,0.5986803549999999,1.0,0.99375,1.0,0.17691919,1.0,0.02718559,0.4290429,0.00945724,0.037097084999999974,Q4: baixo IDS · baixo IDEB (vulnerável),0.2757585371123046
Área de Planejamento 3,XIV Irajá,Colégio,6.0,42,0.5620064,0.5557487692682926,0.52249023,0.58802177,1.0,0.99502488,1.0,0.17336208,0.96855346,0.02322939,0.33079848,0.0046875,0.06553153999999994,Q2: baixo IDS · alto IDEB (resiliente),0.26276154129791346
Área de Planejamento 3,XV Madureira,Campinho,5.7,19,0.6085280399999999,0.5941567822222222,0.576785155,0.622711255,1.0,0.9620332300000001,1.0,0.2246149,1.0,0.04927392,0.619245355,0.047245424999999994,0.04592609999999997,Q3: alto IDS · baixo IDEB (sub-performance),0.23327765018067778
Área de Planejamento 3,XIII Méier,Engenho de Dentro,5.7,82,0.60899137,0.59388454625,0.5752539475,0.6400080275,1.0,0.99845679,1.0,0.24242407,1.0,0.04329048,0.59062035,0.047772339999999996,0.06475407999999994,Q3: alto IDS · baixo IDEB (sub-performance),0.2300151444366293
Área de Planejamento 3,XX Ilha do Governador,Bancários,5.8,19,0.59523698,0.589255732631579,0.55319367,0.6259303350000001,0.99259259,0.99346405,1.0,0.23973717,1.0,0.0386161,0.54385965,0.03369141,0.07273666500000009,Q3: alto IDS · baixo IDEB (sub-performance),0.2275007254058784
Área de Planejamento 3,XII Inhaúma,Del Castilho,5.8,25,0.59542226,0.5733519408,0.54091589,0.60869992,1.0,1.0,1.0,0.17562966,1.0,0.03585164,0.54166667,0.02041903,0.06778403,Q3: alto IDS · baixo IDEB (sub-performance),0.22619608926261758
Área de Planejamento 3,XI Penha,Penha,5.9,125,0.583036275,0.5707800999193549,0.5277579225,0.61016595,1.0,1.0,1.0,0.18086434,1.0,0.029383970000000002,0.47733808,0.011495914999999999,0.08240802749999998,Q3: alto IDS · baixo IDEB (sub-performance),0.21404614226544055
Área de Planejamento 3,XV Madureira,Cavalcanti,6.0,25,0.569219205,0.55895415,0.5405058899999999,0.576107095,1.0,0.98487567,1.0,0.17838110000000001,1.0,0.024266749999999997,0.395007745,0.00762843,0.03560120500000008,Q2: baixo IDS · alto IDEB (resiliente),0.21197308006467439
Área de Planejamento 3,XXXI Vigário Geral,Jardim América,5.9,48,0.5841448499999999,0.5764790752083333,0.5668542825,0.5988584475000001,1.0,1.0,1.0,0.19896147,1.0,0.03138166,0.47903843999999995,0.011767705,0.03200416500000003,Q3: alto IDS · baixo IDEB (sub-performance),0.20624018904590455
Área de Planejamento 3,XIII Méier,Pilares,5.9,41,0.58529257,0.5793295929268293,0.56388064,0.60006765,1.0,1.0,1.0,0.19390531,1.0,0.03193908,0.484375,0.01412391,0.03618700999999991,Q3: alto IDS · baixo IDEB (sub-performance),0.1981585990505259
Área de Planejamento 3,XX Ilha do Governador,Galeão,6.2,31,0.54418686,0.5545029306451612,0.533682695,0.57083275,1.0,0.98601399,1.0,0.17983971,0.97835498,0.0225074,0.25773196,0.01364715,0.037150055000000015,Q2: baixo IDS · alto IDEB (resiliente),0.18950659839653874
Área de Planejamento 5,XVIII Campo Grande,Senador Vasconcelos,6.2,51,0.54571466,0.5386362393877551,0.51518427,0.56935321,1.0,0.81210191,1.0,0.18941413,0.98015873,0.02446917,0.36666667,0.01211376,0.054168940000000054,Q2: baixo IDS · alto IDEB (resiliente),0.17874870170140542
Área de Planejamento 4,XVI Jacarepaguá,Praça Seca,5.9,96,0.5922176100000001,0.5794645993478261,0.5313385925,0.62681117,1.0,0.9843851100000001,1.0,0.202855525,0.96969697,0.03871292,0.56835895,0.02533546,0.09547257749999993,Q3: alto IDS · baixo IDEB (sub-performance),0.14939641491014877
Área de Planejamento 5,XXXII Realengo,Realengo,6.1,271,0.564197995,0.5554657660074627,0.5411239050000001,0.582091045,1.0,0.9862862800000001,1.0,0.188708225,1.0,0.025486915,0.371323165,0.01064873,0.0409671399999999,Q2: baixo IDS · alto IDEB (resiliente),0.14796458572301457
Área de Planejamento 5,XXVI Guaratiba,Barra de Guaratiba,6.7,9,0.480995865,0.48761383125,0.45239502249999997,0.5218905425,0.9184372700000001,0.17799009,1.0,0.22246788,0.985632185,0.035697235,0.500329385,0.026626274999999998,0.06949552000000003,Q2: baixo IDS · alto IDEB (resiliente),0.13763659949216767
Área de Planejamento 4,XVI Jacarepaguá,Jacarepaguá,6.4,251,0.52978881,0.5261597364655173,0.4836835375,0.5578905425,1.0,0.9560602149999999,1.0,0.170737865,0.96655481,0.016828524999999997,0.23888889000000002,0.0,0.07420700500000005,Q2: baixo IDS · alto IDEB (resiliente),0.09215947329629531
Área de Planejamento 4,XVI Jacarepaguá,Curicica,6.1,33,0.5738236,0.5560465375757576,0.54956938,0.59241497,0.99571734,0.91977077,1.0,0.20531546,0.97435897,0.03150208,0.45833333,0.01767418,0.04284558999999999,Q2: baixo IDS · alto IDEB (resiliente),0.08018656227874123
Área de Planejamento 3,XIII Méier,Rocha,5.7,16,0.631604235,0.6285763007142858,0.6055219024999999,0.6514122575000001,1.0,1.0,1.0,0.273984535,1.0,0.055871365,0.66941435,0.048993049999999996,0.04589035500000016,Q3: alto IDS · baixo IDEB (sub-performance),0.0707882393109581
Área de Planejamento 1,XXIII Santa Teresa,Santa Teresa,5.9,95,0.60583939,0.5980539451612903,0.55182026,0.63816978,1.0,1.0,1.0,0.22580815,1.0,0.04260772,0.51987768,0.043125,0.08634952000000007,Q3: alto IDS · baixo IDEB (sub-performance),0.0534796050895993
Área de Planejamento 3,XXII Anchieta,Guadalupe,6.1,67,0.579819,0.5640164601492537,0.56240062,0.594222585,1.0,1.0,1.0,0.19704823,1.0,0.02978888,0.41880342,0.01902574,0.03182196500000001,Q2: baixo IDS · alto IDEB (resiliente),0.0379703730877453
Área de Planejamento 3,XV Madureira,Bento Ribeiro,6.0,66,0.59419595,0.5931608356060606,0.5800366625,0.604611075,1.0,0.9933636100000001,1.0,0.206664585,1.0,0.036494435000000006,0.517005385,0.02888491,0.02457441250000003,Q1: alto IDS · alto IDEB,0.036101079481683285
Área de Planejamento 1,VII São Cristóvão,Vasco da Gama,6.2,35,0.56764366,0.5810773553125,0.5508739775,0.6158602175,1.0,1.0,1.0,0.20166540500000002,1.0,0.028286365,0.345077615,0.020349225,0.06498623999999997,Q2: baixo IDS · alto IDEB (resiliente),0.024337184076334395
Área de Planejamento 4,XVI Jacarepaguá,Tanque,6.1,56,0.58223707,0.581432472264151,0.54544948,0.61288358,1.0,0.97619048,1.0,0.20749101,1.0,0.03580672,0.46478873,0.02277729,0.06743409999999994,Q1: alto IDS · alto IDEB,0.020943702540813694
Área de Planejamento 5,XIX Santa Cruz,Paciência,6.4,169,0.54110219,0.5205131492727273,0.4994869,0.56070084,1.0,0.9689441,1.0,0.16910888,0.96732026,0.01795094,0.26229508,0.0,0.06121393999999997,Q2: baixo IDS · alto IDEB (resiliente),0.012497100398801864
Área de Planejamento 2,IX Vila Isabel,Vila Isabel,5.5,138,0.6682691000000001,0.6378311575735294,0.6010982975000001,0.6901857775,1.0,1.0,1.0,0.32638912,1.0,0.082658985,0.80090174,0.15031130999999998,0.08908747999999989,Q3: alto IDS · baixo IDEB (sub-performance),0.011345146123696026
Área de Planejamento 5,XXXII Realengo,Vila Militar,6.2,22,0.57111402,0.5953099566666666,0.55598371,0.62327542,1.0,0.96428571,1.0,0.1970144,1.0,0.03400328,0.52788104,0.01729612,0.06729171,Q2: baixo IDS · alto IDEB (resiliente),-9.911280475197182e-05
Área de Planejamento 3,X Ramos,Olaria,6.0,96,0.59982236,0.5920356524468084,0.569797235,0.615877735,1.0,1.0,1.0,0.20641667,1.0,0.038152285,0.54960758,0.025089745,0.04608049999999997,Q1: alto IDS · alto IDEB,-0.0035168924678297903
Área de Planejamento 3,XV Madureira,Oswaldo Cruz,6.2,59,0.57821788,0.5724067266101696,0.559721415,0.5948208749999999,1.0,0.98233216,1.0,0.20481257,1.0,0.03226376,0.46889952,0.02546752,0.03509945999999986,Q2: baixo IDS · alto IDEB (resiliente),-0.05012044545083852
Área de Planejamento 3,XV Madureira,Cascadura,6.2,57,0.5787259149999999,0.5655030164285714,0.5465054975,0.6084502475,1.0,0.98331713,1.0,0.19345672,0.977742165,0.032760025,0.5083972050000001,0.019042160000000002,0.06194474999999999,Q2: baixo IDS · alto IDEB (resiliente),-0.05369773832131358
Área de Planejamento 3,XX Ilha do Governador,Pitangueiras,6.4,20,0.5510749,0.5729520725,0.5406724525,0.5985899925,1.0,1.0,1.0,0.18285222499999998,1.0,0.01701151,0.24113946,0.00634191,0.057917540000000045,Q2: baixo IDS · alto IDEB (resiliente),-0.05772503859224759
Área de Planejamento 3,XXII Anchieta,Parque Anchieta,6.2,36,0.58011375,0.5816826005714286,0.572082865,0.596727975,1.0,1.0,1.0,0.20309414,1.0,0.03115583,0.45528455,0.01891447,0.024645109999999915,Q2: baixo IDS · alto IDEB (resiliente),-0.06347008127189044
Área de Planejamento 5,XVIII Campo Grande,Campo Grande,6.3,503,0.566505745,0.5564266043191489,0.5264338225,0.5957031475,1.0,0.92390405,1.0,0.19604768,1.0,0.031548945,0.45030864000000004,0.0183514,0.06926932499999994,Q2: baixo IDS · alto IDEB (resiliente),-0.0670152600275509
Área de Planejamento 5,XXVI Guaratiba,Pedra de Guaratiba,6.4,24,0.5534745050000001,0.5508201218181819,0.527437615,0.5796217025,0.92152093,0.8994738600000001,1.0,0.232434865,0.98611111,0.036643285,0.463089545,0.02216261,0.05218408750000003,Q2: baixo IDS · alto IDEB (resiliente),-0.0746216891349405
Área de Planejamento 5,XXXII Realengo,Deodoro,6.4,18,0.55581572,0.5447059085714285,0.52381272,0.5723208625,1.0,0.9949937449999999,1.0,0.15513598499999998,0.97460171,0.0224626,0.347336835,0.00158083,0.04850814250000002,Q2: baixo IDS · alto IDEB (resiliente),-0.09110719058218264
Área de Planejamento 3,XII Inhaúma,Higienópolis,6.0,28,0.6141734400000001,0.61023172,0.596819035,0.6285616725000001,1.0,1.0,1.0,0.221870415,1.0,0.04353815,0.640148215,0.04299359,0.03174263750000006,Q1: alto IDS · alto IDEB,-0.10456901715928027
Área de Planejamento 3,XIII Méier,Méier,5.6,81,0.67256332,0.6699397769135802,0.65767096,0.68638216,1.0,1.0,1.0,0.32893123,1.0,0.087021,0.81188119,0.17290684,0.028711199999999937,Q3: alto IDS · baixo IDEB (sub-performance),-0.1182572961239376
Área de Planejamento 3,XX Ilha do Governador,Cidade Universitária,6.4,4,0.5648807650000001,0.5648807650000001,0.5638664075,0.5658951225,0.97001705,0.545282305,1.0,0.18525388,0.917052465,0.06630064,0.7520969049999999,0.083042865,0.0020287149999999032,Q2: baixo IDS · alto IDEB (resiliente),-0.154938070047255
Área de Planejamento 3,XIV Irajá,Irajá,6.2,146,0.59542352,0.593678841862069,0.57937009,0.61148664,1.0,1.0,1.0,0.20096433,1.0,0.03677138,0.52678571,0.02668626,0.03211655000000002,Q1: alto IDS · alto IDEB,-0.1712727544531019
Área de Planejamento 3,XI Penha,Brás de Pina,6.3,91,0.58263868,0.5814809737362637,0.55399537,0.60846959,1.0,1.0,1.0,0.20211922,1.0,0.03141482,0.45348837,0.01601176,0.05447422000000002,Q1: alto IDS · alto IDEB,-0.18061419190299574
Área de Planejamento 4,XVI Jacarepaguá,Anil,6.2,31,0.59990119,0.609817528275862,0.56468135,0.65100175,1.0,0.80816327,1.0,0.26452954,1.0,0.06597694,0.64026403,0.11979167,0.08632040000000007,Q1: alto IDS · alto IDEB,-0.20280195414867627
Área de Planejamento 4,XVI Jacarepaguá,Taquara,6.2,141,0.60182271,0.5916000793430657,0.56419125,0.62345802,1.0,0.96694215,1.0,0.22262976,1.0,0.04629193,0.6124031,0.04465607,0.05926676999999991,Q1: alto IDS · alto IDEB,-0.2163322026482398
Área de Planejamento 3,XX Ilha do Governador,Portuguesa,6.0,40,0.630973435,0.61800664,0.5927345875000001,0.6566480525,1.0,0.987535915,1.0,0.201269165,1.0,0.058325605,0.7498841700000001,0.082971835,0.06391346499999995,Q1: alto IDS · alto IDEB,-0.22286500530482276
Área de Planejamento 3,XII Inhaúma,Tomás Coelho,6.5,35,0.5642661099999999,0.5550523017647059,0.5317739175,0.6034815025,1.0,0.99629854,1.0,0.172472285,1.0,0.026849690000000002,0.42697858499999997,0.0067361850000000004,0.07170758499999996,Q2: baixo IDS · alto IDEB (resiliente),-0.2499750127927784
Área de Planejamento 3,XV Madureira,Quintino Bocaiúva,6.3,50,0.59449606,0.5806205695833333,0.5590516299999999,0.6076480075,1.0,0.9905882500000001,1.0,0.212479965,1.0,0.0353435,0.527882205,0.024230585,0.04859637750000012,Q1: alto IDS · alto IDEB,-0.2641071026995287
Área de Planejamento 4,XVI Jacarepaguá,Freguesia (Jacarepaguá),6.0,112,0.63766228,0.6184017363302753,0.5553079,0.68297801,1.0,0.94308943,1.0,0.28800821,1.0,0.0794047,0.77027027,0.15984819,0.12767011000000006,Q1: alto IDS · alto IDEB,-0.2699640388954502
Área de Planejamento 5,XVIII Campo Grande,Santíssimo,6.6,60,0.55783258,0.5391214324561403,0.53327842,0.56823253,1.0,0.9535865,1.0,0.19009976,0.97126437,0.02278,0.36363636,0.00612571,0.03495410999999993,Q2: baixo IDS · alto IDEB (resiliente),-0.30403875477125575
Área de Planejamento 3,XX Ilha do Governador,Praia da Bandeira,6.2,10,0.622988925,0.63345498,0.611201145,0.6457416225,1.0,0.99505952,1.0,0.205265615,1.0,0.049117350000000004,0.7324549650000001,0.039941735,0.0345404775,Q1: alto IDS · alto IDEB,-0.3653726231201515
Área de Planejamento 3,XV Madureira,Marechal Hermes,6.6,79,0.56983908,0.5574957624050633,0.525958935,0.6003449350000001,1.0,0.97752809,1.0,0.19411911,1.0,0.02964633,0.43181818,0.02303686,0.07438600000000006,Q2: baixo IDS · alto IDEB (resiliente),-0.3885816836036431
Área de Planejamento 2,IX Vila Isabel,Andaraí,6.0,73,0.65532143,0.6196732219444444,0.5549763974999999,0.6891212175,1.0,1.0,1.0,0.291107245,1.0,0.079301105,0.7659621649999999,0.13111857500000001,0.13414482000000005,Q1: alto IDS · alto IDEB,-0.39430970679953925
Área de Planejamento 1,II Centro,Centro,6.3,101,0.61363917,0.6109893397894737,0.598687285,0.626619335,1.0,1.0,1.0,0.23443862,1.0,0.04532487,0.62096774,0.04244587,0.027932049999999986,Q1: alto IDS · alto IDEB,-0.3989019710092409
Área de Planejamento 3,XX Ilha do Governador,Zumbi,6.0,4,0.662130715,0.6635584075000001,0.6536903275,0.6719987949999999,0.99055357,0.99055357,1.0,0.3077261,1.0,0.081459595,0.7617216099999999,0.175985145,0.018308467499999925,Q1: alto IDS · alto IDEB,-0.4422568102147261
Área de Planejamento 2,IX Vila Isabel,Grajaú,5.8,58,0.69123902,0.6636275777192983,0.65764245,0.70626195,1.0,1.0,1.0,0.37044395,1.0,0.10454944,0.83712121,0.23253676,0.04861950000000004,Q3: alto IDS · baixo IDEB (sub-performance),-0.44849091541234365
Área de Planejamento 3,XI Penha,Penha Circular,6.5,87,0.5925530450000001,0.5825280301162791,0.561313195,0.6113232375,1.0,1.0,1.0,0.207586125,1.0,0.03606773,0.501295335,0.022900025,0.05001004249999996,Q1: alto IDS · alto IDEB,-0.4491554844199279
Área de Planejamento 1,III Rio Comprido,Catumbi,6.9,24,0.53863582,0.5512642717391304,0.52677925,0.580452695,1.0,0.99016393,1.0,0.17086389,0.97076023,0.01627493,0.23577236,0.0,0.05367344499999993,Q2: baixo IDS · alto IDEB (resiliente),-0.46696109237958705
Área de Planejamento 3,XIII Méier,Piedade,6.5,68,0.59678181,0.591335969402985,0.578038175,0.61430816,1.0,0.99380805,1.0,0.21311566,1.0,0.03727337,0.53819444,0.03006723,0.036269985000000005,Q1: alto IDS · alto IDEB,-0.4789320369909421
Área de Planejamento 2,VIII Tijuca,Praça da Bandeira,6.2,15,0.65746649,0.6494586773333333,0.62553419,0.6771732850000001,1.0,1.0,1.0,0.29549788,1.0,0.07465955,0.75389408,0.109303,0.05163909500000008,Q1: alto IDS · alto IDEB,-0.6081439823096739
Área de Planejamento 3,X Ramos,Bonsucesso,6.6,38,0.60150102,0.5912235967567567,0.57441896,0.61737443,1.0,1.0,1.0,0.21413952,1.0,0.03764273,0.52531646,0.01996528,0.042955469999999996,Q1: alto IDS · alto IDEB,-0.6115270165579021
Área de Planejamento 2,VIII Tijuca,Tijuca,5.9,293,0.70451076,0.674155104612676,0.671377455,0.7256717625,1.0,1.0,1.0,0.39721903,1.0,0.10929219,0.87037037,0.25699491,0.05429430749999997,Q3: alto IDS · baixo IDEB (sub-performance),-0.6413079359676731
Área de Planejamento 3,X Ramos,Ramos,6.7,68,0.59174718,0.5862211497058823,0.5709450975,0.6067250575,1.0,1.0,1.0,0.20461973,1.0,0.032026655,0.47874074,0.01696102,0.035779960000000055,Q1: alto IDS · alto IDEB,-0.6422110282210118
Área de Planejamento 4,XVI Jacarepaguá,Vila Valqueire,6.5,44,0.63369578,0.6285861837209302,0.6012590499999999,0.6620246249999999,1.0,0.98576512,1.0,0.26468721,1.0,0.06617529,0.72888889,0.1055507,0.060765575000000016,Q1: alto IDS · alto IDEB,-0.7388591713457399
Área de Planejamento 3,XIII Méier,Cachambi,6.5,73,0.64227645,0.6352199151428571,0.6169538225,0.6594701574999999,1.0,1.0,1.0,0.26217526,1.0,0.062232394999999996,0.7383876650000001,0.08273429,0.04251633499999996,Q1: alto IDS · alto IDEB,-0.7992793581732247
Área de Planejamento 3,XIII Méier,Encantado,6.8,24,0.60261411,0.599664155,0.59089019,0.6155182525,1.0,0.9946754250000001,1.0,0.22402958,1.0,0.043171459999999995,0.5514705900000001,0.044050575,0.024628062500000047,Q1: alto IDS · alto IDEB,-0.8180947475906981
Área de Planejamento 2,VI Lagoa,Ipanema,5.6,107,0.77289167,0.7668901376923076,0.7473181775000001,0.7900868575,1.0,1.0,1.0,0.48274989999999995,1.0,0.217146075,0.926540365,0.54419898,0.04276867999999989,Q3: alto IDS · baixo IDEB (sub-performance),-0.8247123457987664
Área de Planejamento 2,IV Botafogo,Catete,6.3,48,0.6768733,0.6693916944680851,0.64114832,0.706398655,1.0,1.0,1.0,0.33254538,1.0,0.09186587,0.82905983,0.1937644,0.06525033499999999,Q1: alto IDS · alto IDEB,-0.8441606685787171
Área de Planejamento 2,IV Botafogo,Botafogo,6.0,173,0.72000302,0.7097531243113773,0.69238457,0.751331445,1.0,1.0,1.0,0.39620238,1.0,0.13649002,0.89328063,0.34966216,0.058946875000000065,Q1: alto IDS · alto IDEB,-0.849760592581045
Área de Planejamento 4,XXIV Barra da Tijuca,Recreio dos Bandeirantes,6.1,141,0.7062204,0.64677284648,0.55703475,0.72989363,0.99230769,0.94680851,1.0,0.40505997,1.0,0.13691917,0.80645161,0.36974159,0.17285887999999994,Q1: alto IDS · alto IDEB,-0.8520762320439831
Área de Planejamento 3,XIII Méier,Riachuelo,6.7,25,0.62399072,0.6244829539130435,0.6173594,0.636124995,1.0,1.0,1.0,0.25363568,1.0,0.04901485,0.63636364,0.06552141,0.01876559499999997,Q1: alto IDS · alto IDEB,-0.8692516568408615
Área de Planejamento 2,IV Botafogo,Glória,6.4,22,0.685816855,0.6781994827272727,0.6631657325,0.6946974850000001,1.0,1.0,1.0,0.333532365,1.0,0.089733035,0.828971675,0.20075773,0.031531752500000065,Q1: alto IDS · alto IDEB,-1.0065010775962624
Área de Planejamento 3,XIV Irajá,Vila da Penha,6.9,42,0.63868509,0.6388273175609757,0.62735144,0.64853582,1.0,1.0,1.0,0.26697585,1.0,0.06328579,0.71186441,0.09278945,0.021184380000000003,Q1: alto IDS · alto IDEB,-1.1714510197807682
Área de Planejamento 4,XVI Jacarepaguá,Pechincha,7.0,52,0.6365984499999999,0.6288105444230769,0.6030847625,0.64902555,1.0,0.96434539,1.0,0.27090711,1.0,0.06910707,0.735407495,0.121484375,0.04594078749999997,Q1: alto IDS · alto IDEB,-1.256123083244458
Área de Planejamento 3,XX Ilha do Governador,Moneró,6.7,14,0.6811133149999999,0.676414655,0.6641470525000001,0.6983444175,1.0,0.965620945,1.0,0.340749725,1.0,0.10086155,0.8646224899999999,0.247258895,0.034197364999999924,Q1: alto IDS · alto IDEB,-1.271476408750766
Área de Planejamento 2,IV Botafogo,Humaitá,6.3,32,0.7384145200000001,0.7366195283333333,0.7171319425,0.7593952875000001,1.0,1.0,1.0,0.44707019000000003,1.0,0.152077715,0.90494624,0.40613229500000003,0.04226334500000006,Q1: alto IDS · alto IDEB,-1.277498858952122
Área de Planejamento 2,V Copacabana,Leme,6.3,35,0.74076996,0.7252192126470589,0.714444225,0.761338215,1.0,1.0,1.0,0.4375402,1.0,0.153847605,0.9193338550000001,0.411903785,0.04689398999999994,Q1: alto IDS · alto IDEB,-1.2940845247405652
Área de Planejamento 2,V Copacabana,Copacabana,6.4,392,0.72846384,0.721030125090909,0.6964053,0.75121689,1.0,1.0,1.0,0.42487009,1.0,0.14022036,0.90540541,0.36164953,0.05481159000000002,Q1: alto IDS · alto IDEB,-1.3067968355416153
Área de Planejamento 2,VI Lagoa,Gávea,6.1,33,0.773114,0.745408158275862,0.75313596,0.79324983,1.0,1.0,1.0,0.49970015,1.0,0.20211679,0.94358974,0.52211085,0.040113869999999996,Q1: alto IDS · alto IDEB,-1.323102831314559
Área de Planejamento 3,XX Ilha do Governador,Jardim Guanabara,6.6,49,0.70647522,0.7038683699999999,0.69317977,0.72166912,1.0,0.99603175,1.0,0.39976012,1.0,0.11934637,0.8615917,0.29365272,0.02848935000000008,Q1: alto IDS · alto IDEB,-1.3506954936192241
Área de Planejamento 5,XXXII Realengo,Jardim Sulacap,7.1,22,0.6419430399999999,0.6270753735,0.62567829,0.6471018,1.0,0.90209472,1.0,0.256340205,1.0,0.069482135,0.81722072,0.08960097,0.02142350999999998,Q1: alto IDS · alto IDEB,-1.3931216322807214
Área de Planejamento 5,XXXII Realengo,Campo dos Afonsos,6.6,4,0.71327779,0.71327779,0.684867895,0.7416876849999999,1.0,0.997767855,1.0,0.265584635,1.0,0.11871653500000001,0.9888526,0.33530072,0.056819789999999926,Q1: alto IDS · alto IDEB,-1.3985953138322202
Área de Planejamento 2,IV Botafogo,Laranjeiras,6.5,84,0.73604126,0.7312083520481928,0.71706609,0.76066593,1.0,1.0,1.0,0.43715534,1.0,0.14776425,0.91463415,0.39017857,0.043599840000000056,Q1: alto IDS · alto IDEB,-1.4595177006387476
Área de Planejamento 2,VI Lagoa,Leblon,6.2,101,0.779850585,0.7714005790999999,0.759010935,0.8055626100000001,1.0,1.0,1.0,0.5003491099999999,1.0,0.229652285,0.940046085,0.5915708,0.046551675000000015,Q1: alto IDS · alto IDEB,-1.4699030156500401
Área de Planejamento 2,IV Botafogo,Flamengo,6.8,112,0.725730455,0.7265477652727272,0.7044892925,0.74965681,1.0,1.0,1.0,0.40889427,1.0,0.139446225,0.904642255,0.36469231999999996,0.04516751749999992,Q1: alto IDS · alto IDEB,-1.6850098680203505
Área de Planejamento 2,VI Lagoa,São Conrado,6.5,21,0.7761282650000001,0.7474219344444444,0.7150724825,0.821564195,1.0,1.0,1.0,0.51014482,1.0,0.23127393000000002,0.9293905,0.557742885,0.1064917125,Q1: alto IDS · alto IDEB,-1.7417875387113377
Área de Planejamento 4,XXIV Barra da Tijuca,Barra da Tijuca,6.7,234,0.76649337,0.7580608804484306,0.73023287,0.79815115,1.0,0.99328859,1.0,0.46858067,1.0,0.21158385,0.94382022,0.5830676,0.06791828,Q1: alto IDS · alto IDEB,-1.872674086139705
Área de Planejamento 2,IX Vila Isabel,Maracanã,7.2,46,0.698330455,0.6970819293478262,0.6829582175,0.7211153400000001,1.0,1.0,1.0,0.379077275,1.0,0.109967225,0.866912455,0.27349137999999995,0.03815712250000014,Q1: alto IDS · alto IDEB,-1.889534658590046
Área de Planejamento 2,IV Botafogo,Urca,7.2,14,0.752336035,0.7402765708333333,0.7327718375,0.76158667,1.0,0.9968052700000001,1.0,0.405704245,1.0,0.18541204,0.917045455,0.4878983,0.028814832500000054,Q1: alto IDS · alto IDEB,-2.2698111676886
Área de Planejamento 2,VI Lagoa,Jardim Botânico,7.1,39,0.76675345,0.7408537166666667,0.73535269,0.7835505524999999,1.0,1.0,1.0,0.460956795,1.0,0.20086616499999999,0.9328266000000001,0.537831765,0.04819786249999991,Q1: alto IDS · alto IDEB,-2.271965392758051
Área de Planejamento 2,VI Lagoa,Lagoa,6.9,41,0.808612545,0.8110387547368422,0.79993105,0.8212341624999999,1.0,1.0,1.0,0.52104701,1.0,0.295404585,0.95462464,0.7127278100000001,0.021303112499999943,Q1: alto IDS · alto IDEB,-2.3679832926940794
