id,title,type,owner,url,has_url,size,num_views,tags,year_created,year_modified,granularity_guess,themes_guess,snippet
0a220ea7972449e39a28210dd317f636,Escolas Municipais,Feature Service,PrefeituraRio,https://pgeo3.rio.rj.gov.br/arcgis/rest/services/Educacao/SME/MapServer/1,True,72,113808,Educação|Escolas|Escolas Municipais,2015,2024,escola,,"Camada de dados das unidades da Secretaria Municipal de Educação, contendo Escolas Municipais, Espaços de Desenvolvimento Infantil (EDI), Creches e outros. Última atualização: Junho/2023"
1a351530af074c94984ae1a681fe1cdf,Creches Conveniadas,Feature Service,PrefeituraRio,http://pgeo3.rio.rj.gov.br/arcgis/rest/services/SME/SME_View/MapServer/2,True,72,2714,Educação,2015,2023,,,Vizualização de Creches Conveniadas com a Prefeitura do Rio
fbfcbfae92654e248bdf1452cf260626,Limites CRE,Feature Service,PrefeituraRio,https://pgeo3.rio.rj.gov.br/arcgis/rest/services/Educacao/SME/MapServer/0,True,72,9820,SME|Educação|CRE,2016,2022,cre,,Limites CRE - Visualização
8397b3b090794488995be72c05e3ec61,Mapa Digital de Educação,Web Mapping Application,PrefeituraRio,https://pcrj.maps.arcgis.com/apps/webappviewer/index.html?id=8397b3b090794488995be72c05e3ec61,True,109224,15612,Educação,2016,2022,municipio,,Localização dos Estabelecimentos de Ensino da Rede Pública da Cidade do Rio de Janeiro
8285913cfc5f45a8870c65c4b84a0777,Mapa Digital de Educação,Code Attachment,PrefeituraRio,https://pcrj.maps.arcgis.com/sharing/rest/content/items/8397b3b090794488995be72c05e3ec61/package,True,0,0,Grupo Educacao,2016,2017,,,
5539cb3f3eea4b06b6d4fd6b52ae650b,ATLAS ESCOLAR,Web Mapping Application,armazenzinho,https://pcrj.maps.arcgis.com/apps/Cascade/index.html?appid=5539cb3f3eea4b06b6d4fd6b52ae650b,True,109301888,158097,Atlas,2017,2023,escola,,"Atlas Escolar da Cidade do Rio de Janeiro, criado pelo Instituto Pereira Passos, a partir de diversas informações cadastrais, geográficas e estatísticas sobre a Cidade do Rio de Janeiro, disponíveis no SIURB-Sistema Municipal de Informações Urbanas"
a0aa37fa8e6f43f59bd65c7834c650cc,COLEÇÃO ESTUDOS CARIOCAS - O Rio na virada do século: do Censo 1991 até a PNAD 2006 (Maio/2008),PDF,PrefeituraRio,,False,1340336,594,Educação|Escolaridade da população,2017,2023,,pnad|escolaridade,
eafc70844f41438da45a79563fd1d310,"COLEÇÃO ESTUDOS CARIOCAS - A Cidade do Rio de Janeiro na PNAD: condições de vida, educação, renda e ocupação entre 2001-2006 (Agosto/2008)",PDF,PrefeituraRio,,False,3254684,885,População|Trabalho e renda,2017,2023,municipio,pnad,Não foi feita anotação
3e60f3b9de6a4c38b5e813089b7adebf,COLEÇÃO ESTUDOS CARIOCAS - Os dirigentes das escolas municipais e a violência: uma comparação entre 2001-2005 (Novembro/2005),PDF,PrefeituraRio,,False,2395348,653,Educação,2017,2023,escola,,Não cabe anotação
ecfa86b57fc74247857221a40a2dd76b,NOTA TÉCNICA 12 - Evolução das matrículas na rede municipal da Cidade do Rio de Janeiro entre 2001-2012 (Dezembro/2012),PDF,PrefeituraRio,,False,591258,631,Educação|Educação básica,2017,2023,municipio,matricula|censo_demografico|educacao_basica,Essa Nota Técnica mostra que a redução nas matrículas do ensino fundamental resulta da combinação da estabilidade na taxa de escolarização e da queda no número de habitantes nessa faixa etária (ambos resultados publicados no Censo Demográfico de 2010
93722c0217db42969d7c6c53deaa3c92,COLEÇÃO ESTUDOS CARIOCAS - Escolaridade dos chefes de domicílio segundo a contagem da população de 1996 (Maio/2001),PDF,PrefeituraRio,,False,1289682,589,Educação|Escolaridade da população,2017,2019,,escolaridade,Não cabe anotação
3f3655c357d84dc8bd9df60b09a97a66,COLEÇÃO ESTUDOS CARIOCAS - Cidade do Rio: universalização do ensino está mais próxima (Setembro/2002),PDF,PrefeituraRio,,False,1046209,618,Educação|Educação básica,2017,2023,municipio,educacao_basica,
f5899119bb9c4ba3b290116a02b88cfc,"Educação Especial: matrícula por tipo de ensino, segundo as Dependências Administrativas, entre 1999-2002",Microsoft Excel,PrefeituraRio,,False,20992,105,Educação|Educação básica,2017,2019,,matricula|educacao_basica,O conceito do INEP mudou
7f525f38c32542d3bcecb5a2c35deb94,"NOTA TÉCNICA 25 - Avaliação das crianças de creches municipais no Rio de Janeiro (2010-2012): uso da ferramenta Age & Stages Questionnaires, ASQ-3 (Novembro/2013)",PDF,PrefeituraRio,,False,1194401,682,Educação|Educação básica,2017,2023,,ideb_avaliacao|educacao_basica,"O objetivo desta nota técnica é apresentar os resultados da avaliação das creches municipais do Rio de Janeiro com base no Age & Stages Questionnaires (ASQ-3). Esta metodologia é composta por um conjunto de 21 questionários voltados para crianças de diferentes idades, cobrindo o intervalo etário de 1 mês a 5 anos e meio. Permite avaliar o desempenho das crianças em cinco dimensões: comunicação, coordenação motora ampla, coordenação motora fina, resolução de problemas e pessoal e social. Os dados de 2010 foram coletados e analisados em parceria com a Secretaria de Assuntos Estratégicos da Presidência da República (SAE); os de 2011 por uma parceria entre SAE e Instituto Pereira Passos (IPP); em 2012, a pesquisa novamente foi realizada pela SAE. Através dos dados coletados nesses anos, faremos uma análise do desempenho das creches bem como da evolução destas ao longo do tempo."
b7b66567492942adb5b49085a93cffb8,Percentagem de crianças por faixa etária: matriculados em creches/escolas; com mais de um ano de atraso escolar; matriculados com acesso ao ensino fundamental e frequência escolar no Município do Rio de Janeiro em 1991/2000/2010,Microsoft Excel,PrefeituraRio,,False,198144,189,Educação|Escolaridade da população,2017,2023,escola,matricula|educacao_basica|escolaridade,Houve um aumento de 26% no numero de crianças de 4 a 5 anos frequentando a escola na Cidade do Rio de Janeiro entre 2000 e 2010
d0f865cfba6f489b8e7c8ca7f5d6492a,COLEÇÃO ESTUDOS CARIOCAS - Prioridade Educação: evolução recente da rede pública e dos gastos do município no setor (Junho/2004),PDF,PrefeituraRio,,False,1147362,425,Educação|Educação básica,2017,2023,municipio,educacao_basica,Não foi feita anotação
6d001889b8c7435aa108a503f19110a8,NOTA TÉCNICA 29 - Pesquisa Nacional de Saúde Escolar (PeNSE 2012): Características do Ambiente Escolar e Entorno (Junho/2014) ,PDF,PrefeituraRio,,False,926782,499,Educação,2017,2023,escola,educacao_basica,"Análise dos resultados, para o Brasil e sete capitais, da Pesquisa Nacional de Saúde Escolar, realizada pelo IBGE com uma amostra de  estudantes do 9º ano e diretores das escolas públicas e particulares do Ensino Fundamental. Foram investigadas as características do ambiente escolar e entorno, desagregadas em quatro componentes: estrutura de informação e comunicação; alimentos comercializados; estrutura para atividades físicas e outras características."
0a79b57e35824eae8d9676867a997b42,COLEÇÃO ESTUDOS CARIOCAS - O analfabetismo na Cidade do Rio de Janeiro 1991/2000 (Agosto/2002),PDF,PrefeituraRio,,False,2162445,727,Educação|Escolaridade da população,2017,2023,municipio,escolaridade,Não cabe anotação
9862d443bd9e48cbab9b8d739e25b45c,NOTA TÉCNICA 31 - Pesquisa Nacional de Saúde Escolar (PeNSE 2012): Análise dos Resultados (Outubro/2014),PDF,PrefeituraRio,,False,1518819,724,Educação,2017,2023,escola,,Não cabe anotação
1004354d02c44b818dc7c32ce3c2e4a5,COLEÇÃO ESTUDOS CARIOCAS - Aos mestres com reconhecimento: como os educadores enfrentam a violência carioca de cada dia (Abril/2002),PDF,PrefeituraRio,,False,1298364,508,Educação,2017,2019,,,Não cabe anotação
2ababb1025a44aab9e823326796e93b0,RIO ESTUDOS Nº 56 - Como se tornar um Diretor-líder  (Junho/2002),PDF,PrefeituraRio,,False,234541,427,Educação|Educação básica,2018,2023,,educacao_basica,Não foi feita anotação
7cd5d18c62a140439dd588de41b3d38f,RIO ESTUDOS Nº 38 - Pesquisa da CNTE: violência dentro da escola (Outubro/2001),PDF,PrefeituraRio,,False,234974,376,Educação,2018,2023,escola,,Não foi feita anotação
1013ac66372a40de9d6bae43b66ff198,RIO ESTUDOS Nº 30 - O papel do diretor na revolução da educação (Setembro/2001),PDF,PrefeituraRio,,False,365359,486,Educação|Educação básica,2018,2023,,educacao_basica,O papel do diretor na revolução da educação
30ce1f4ac9534ec8ba18c23d6d5057ce,RIO ESTUDOS Nº 227 - Os precursores da educação nova (Novembro/2006),PDF,PrefeituraRio,,False,303577,530,Educação|Educação básica,2018,2023,escola,docentes|educacao_basica,"O Rio Estudos apresenta o artigo da professora Libânia Nacif Xavier sobre a criação e o funcionamento da escola pública no Brasil. O estudo mostra os princípios defendidos pelos signatários do Manifesto dos Pioneiros da Educação Nova (1932) para a organização do ensino brasileiro em moldes democráticos, tais como: educação leiga, pública, gratuita, sob responsabilidade do Estado e co-educação. Assinala os conflitos gerados em torno a esses princípios e destaca a atuação de Fernando de Azevedo (1927-1930) e de Anísio Teixeira (1930-1935) na Reforma do Ensino do Distrito Federal (RJ). Sugere algumas linhas de continuidade, apresentando como exemplos atuais a Escola Parque, na Bahia, e a proposta pedagógica dos Centros Integrados de Educação Pública (Cieps), desenvolvida no Rio de Janeiro nas décadas de 1980-1990."
6f78e3e6689649199daa14828ce02754,RIO ESTUDOS Nº 26 - A cultura da paz em resposta à violência (Agosto/2001),PDF,PrefeituraRio,,False,347708,755,Educação,2018,2023,,,Não foi feita anotação
07ad37f25d0145b18ff83e6b81a1ce82,RIO ESTUDOS Nº 170 - Ações Culturais para crianças e adolescentes da Rede Municipal de Ensino entre 2001-2005 (Agosto/2005),PDF,PrefeituraRio,,False,439217,443,Educação|Escolaridade da população,2018,2023,municipio,escolaridade,Não foi feita anotação
620e401f3a4a4779b49d3439f263a2b5,RIO ESTUDOS Nº 172 - Ações de prevenção à dependencia química vinculadas às escolas municipais entre 2001 e 2005 (Setembro/2005),PDF,PrefeituraRio,,False,1590238,466,Educação,2018,2023,escola,,Não foi feita anotação
a52fcca80a474d01a4ef40b728a05c92,RIO ESTUDOS Nº 48 - O Sistema Nacional de Avaliação da Educação Básica e a Modelagem de Dados (Março/2002),PDF,PrefeituraRio,,False,497985,458,Educação|Educação básica,2018,2023,,ideb_avaliacao|educacao_basica,Não foi feita anotação
1403069227b14a64a41d209cdaf81e29,"RIO ESTUDOS Nº 20 - A integração entre justiça, polícia e escola na França (Junho/2001)",PDF,PrefeituraRio,,False,288930,534,Educação,2018,2023,escola,,Não foi feita anotação
7cc6fcf8d964460b8d3dfc6e711ce721,RIO ESTUDOS Nº 72 - O futuro da sociedade e o presente da educação (Setembro/2002),PDF,PrefeituraRio,,False,238680,653,Educação|Escolaridade da população,2018,2023,escola,docentes|escolaridade,"O Rio Estudos publica hoje artigo da Ministra de Educação, Cultura e Esportes da Espanha, Pilar de Castillo, sobre o Projeto de Lei de Qualidade da Educação naquele país. Segundo a autora, os sistemas educativos devem preservar o que há de valor no passado, para responder aos desafios do presente e preparar o futuro. Por isso, o Projeto de Lei orienta-se no sentido de alcançar dois objetivos fundamentais: integração de todos – alunos, professores, poder público, agentes sociais e econômicos, famílias, enfim, a sociedade como um todo – na qualidade e prevenção, e combate ao fracasso escolar, convertendo o sistema educativo em um sistema capaz de oferecer oportunidades para todos."
eacd534830644097930a72c220a33daf,"RIO ESTUDOS Nº 03 - Rio: educação, causas e efeitos (Março/2001) ",PDF,PrefeituraRio,,False,408272,668,Educação|Escolaridade da população,2018,2023,,escolaridade,Não foi feita anotação
76955c4b2cfc488d879238eac09c75a2,RIO ESTUDOS Nº 88 - Município prioriza ações para jovens (Janeiro/2003),PDF,PrefeituraRio,,False,267963,487,Educação|Educação básica,2018,2023,municipio,educacao_basica,Não foi feita anotação
c648588ad2674507a41b2c802131a3c2,RIO ESTUDOS Nº 36 - A Educação Infantil no Brasil entre 1994-2001 (Outubro/2001),PDF,PrefeituraRio,,False,697600,583,Educação|Educação básica,2018,2023,,educacao_basica,Não foi feita anotação
e92c1cbcc33646859c8c24212a870029,CADERNOS DO RIO - Educação (Junho/2013),PDF,PrefeituraRio,,False,921385,855,Educação|Escolaridade da população,2018,2023,escola,educacao_basica|escolaridade,"Este texto sobre educação, que compõe a série “Cadernos do Rio”, apresenta uma análise sobre pontos como a frequência de crianças nas unidades de ensino, a variação da taxa de analfabetismo e o atraso escolar no ensino fundamental."
32b6d55e5e2e4dd9b590ab3489a2835f,"RIO ESTUDOS Nº 06 - França, a luta contra a violência nas escolas (Abril/2001)",PDF,PrefeituraRio,,False,360635,380,Educação,2018,2023,escola,,Não foi feita anotação
fb0debcd4a87456889eff55fe618bf15,Informação para Ação: monitoramento da Saúde Escolar (Folheto) - 2003,PDF,PrefeituraRio,,False,344376,408,Educação|Educação básica,2018,2023,escola,educacao_basica,Não foi feita anotação
717a8f36a027431d9d13dc104ccfc14b,"Mapa do Índice de Desenvolvimento da Educação Básica - IDEB da 8ª série/9º ano da rede pública municipal, segundo as Regiões Administrativas (RA), no Município do Rio de Janeiro em 2005/2007/2009",Image,PrefeituraRio,,False,1822994,92,Educação|Educação básica,2018,2023,ra,ideb_avaliacao|educacao_basica,Não cabe anotação
2ff1cc67a903454ca7abd596166718c3,Coordenadorias Regionais de Educação (CRE) e Regiões Administrativas (RA) do Município do Rio de Janeiro - 2004,Image,PrefeituraRio,,False,506897,127,Educação|Educação básica,2018,2023,cre,educacao_basica,Não foi feita anotação
ca1f87ba769841c2baaf6181a3817abd,Coordenadorias Regionais de Educação (CRE) - Bairros no Município do Rio de Janeiro - 2014,Image,PrefeituraRio,,False,2707820,356,Educação|Educação básica,2018,2023,cre,educacao_basica,Não cabe anotação
1ea14346b20f44b697beac55c1ad822c,Proporção de pessoas alfabetizadas com 15 anos ou mais de idade por Bairros do Município do Rio de Janeiro - 2000,Image,PrefeituraRio,,False,847073,128,Educação|Escolaridade da população,2018,2023,bairro,escolaridade,Proporção de pessoas alfabetizadas com 15 anos ou mais de idade por Bairros do Município do Rio de Janeiro.
43af5f25d4bb4ab5a6351b44d6a1c587,"Mapa do Índice de Desenvolvimento da Educação Básica - IDEB da 4ª série/5º ano da rede pública municipal, segundo as Regiões Administrativas (RA), no Município do Rio de Janeiro em 2005/2007/2009",Image,PrefeituraRio,,False,1813813,93,Educação|Educação básica,2018,2023,ra,ideb_avaliacao|educacao_basica,Não cabe anotação
c8070a6e23de428ca55650b9a8e07369,"Mapa do IDEB (4ª série/5º ano) - Regiões Administrativas (RA) que alcançaram ou ficaram abaixo da meta de 4,6 na rede pública municipal do Rio de Janeiro - 2009",Image,PrefeituraRio,,False,1363338,73,Educação|Educação básica,2018,2023,ra,ideb_avaliacao|educacao_basica,Não cabe anotação
b854cc4ce2c541e0bef62fc22d1f6fbc,"Educação Infantil (pré-escola) e Ensino Fundamental: matrícula e no. de escolas na rede pública municipal de ensino, por Área de Planejamento (AP), CREs, Região Administrativa (RA) e Bairros no Município do Rio de Janeiro entre Janeiro/2006-Janeiro/2009",Microsoft Excel,PrefeituraRio,,False,93696,143,Educação|Educação básica,2018,2019,escola,matricula|educacao_basica,Não foi feita anotação
fef2b2a156f649dabd4a37fd5211fb51,"Número e distribuição percentual de concluintes em cursos de graduação presenciais, por organização acadêmica, segundo a categoria administrativa no Município do Rio de Janeiro, entre 2000-2022",Microsoft Excel,PrefeituraRio,,False,314368,233,Educação|Ensino superior,2018,2023,municipio,ensino_superior,"Em 2022 foram registrados 32.151 concluintes em cursos de graduação presenciais no Município do Rio de Janeiro, número menor que o registrado no ano anterior."
8c9a0c967a8f41e0abad6f31e4912ff8,"Educação Infantil: número de creches conveniadas na rede pública municipal, segundo as Coordenações Regionais de Educação do Município do Rio de Janeiro, entre 2004-2007",Microsoft Excel,PrefeituraRio,,False,32256,60,Educação|Educação básica,2018,2019,municipio,educacao_basica,Não temos todas as informações
686ff9e957d74d4dabbff033ab32b9de,"Ensino Médio - Número de escolas e dependências físicas existentes, segundo a dependência administrativa no Município do Rio de Janeiro, entre 2000-2022",Microsoft Excel,PrefeituraRio,,False,80896,422,Educação|Ensino médio,2018,2023,escola,infraestrutura|ensino_medio,"Em 2022, das 250 escolas estaduais de ensino médio, 135 possuíam biblioteca, 222 tinham quadra de esportes e 250 tinham acesso à internet."
fa7e0df92fe9461cb41f0156fda83383,"Número e proporção de estudantes e não estudantes de 4 a 6 anos, por nível de ensino no Município do Rio de Janeiro, em 2000/2010",Microsoft Excel,PrefeituraRio,,False,48640,120,Educação|Escolaridade da população,2018,2023,escola,escolaridade,Houve um aumento de 18% no numero de crianças de 4 a 6 anos frequentando escola na Cidade do Rio de Janeiro entre 2000 e 2010
51a59a06ae12474b9975a52c2fcd55e2,"Educação Infantil, Ensino Fundamental, Educação Especial, Programa de Educação de Jovens e Adultos (PEJ): alunos matriculados na rede pública municipal, por gênero, segundo as Coordenadorias Regionais de Educação (CRE) e matrícula inicial - 2013",Microsoft Excel,PrefeituraRio,,False,126976,119,Educação|Educação básica,2018,2023,cre,matricula|educacao_basica,A menor razão homem/mulher se concentra no 8º ano da 2ª CRE
6a6adb6793054943ae26ffbbb12e6c9c,Número e distribuição percentual das instituições de ensino superior no Brasil e suas 12 maiores capitais entre 2000-2022,Microsoft Excel,PrefeituraRio,,False,62976,119,Educação|Ensino superior,2018,2023,municipio,ensino_superior,Em 2022 foram registradas 2.595 instituições de ensino superior no Brasil e 69 no Município do Rio de Janeiro.
7d791c58eadf4366a3f9afcc799cd08e,"Investimentos realizados pelo CNPQ em bolsas e no fomento à pesquisa, segundo a grande área de conhecimento no Estado do Rio de Janeiro, entre 2001-2015",Microsoft Excel,PrefeituraRio,,False,44032,53,Educação|Ensino superior,2018,2019,,ensino_superior,Podemos observar uma queda considerável em 2015 nos investimentos realizados pelo CNPQ em bolsa de pesquisa
5e7a88898605441a8f7818602e02ecc7,"Número e proporção das pessoas de 5 anos ou mais de idade que freqüentam escola ou creche, por grupos de idade, segundo as Regiões Administrativas (RA) do Município do Rio de Janeiro, em 2000/2010",Microsoft Excel,PrefeituraRio,,False,67072,69,Educação|Escolaridade da população,2018,2023,escola,escolaridade,A frequência escolar das pessoas maiores de 5 anos aumentou de uma maneira geral na Cidade do Rio de Janeiro entre 2000 e 2010
fb6ece5b0fc14c18839e9f510fcae09b,"Taxa de analfabetos por faixas etárias, por Bairros ou grupos de Bairros no Município do Rio de Janeiro em 1991/2000/2010",Microsoft Excel,PrefeituraRio,,False,159232,635,Educação|Educação básica,2018,2023,bairro,educacao_basica,Observamos uma queda de 27% na taxa de analfabetismo das crianças de 7 a 14 anos na Cidade do Rio de Janeiro entre 2000 e 2010
1e5dbe226f594be292bf490ead9d2666,"Indicadores de Educação: atendimento educacional ao adolescente e jovem, percentagem de adolescentes e jovens por nível educacional e frequência escolar, por Bairros ou grupos de Bairros, incluindo definições, em 1991/2000",Microsoft Excel,PrefeituraRio,,False,112640,188,Educação|Ensino médio,2018,2023,escola,ensino_medio,Não foi feita anotação
8e1d5972ae214f1ea97d374adc2b55a0,"Número de matrículas do ensino médio por grupo etário, segundo as Dependências Administrativas, entre 2001-2020",Microsoft Excel,PrefeituraRio,,False,65024,106,Educação|Ensino médio,2018,2023,escola,matricula|censo_escolar|docentes|ensino_medio,"Os microdados do Censo Escolar divulgados pelo Inep passaram por uma adequação com o objetivo de garantir privacidade de dados pessoais. A partir de janeiro de 2022, o formato de divulgação impossibilita a identificação de alunos e professores."
c0beddc0eef34a22abc2a1d2712bcd30,"Educação Infantil: número de creches e matrículas por nível e turma, segundo as Coordenações Regionais de Educação no Município do Rio de Janeiro, entre 2004-2009",Microsoft Excel,PrefeituraRio,,False,46080,58,Educação|Educação básica,2018,2019,municipio,matricula|educacao_basica,Não temos todas as informações
8aca832b67094eaea59f77056c95eca9,Educação Infantil: percentual de matrículas na educação infantil em comparação com a matrícula total na rede pública municipal no Município do Rio de Janeiro entre 1999-2008,Microsoft Excel,PrefeituraRio,,False,15872,104,Educação|Educação básica,2018,2023,municipio,matricula|educacao_basica,Não foi feita anotação
023006ef4e8c4277b7551343ef0e9790,"Ensino de pós-graduação: número de alunos de pós-graduação e tempo médio de titulação em meses, por nível, agrupado por instituição, no Município do Rio de Janeiro em 2006/2007",Microsoft Excel,PrefeituraRio,,False,40960,119,Educação|Ensino superior,2018,2023,municipio,ensino_superior,
6b99c568d38646bb97dcf2751c501e7f,"Número de estudantes da rede pública por nível de ensino, segundo as Regiões Administrativas (RA) do Município do Rio de Janeiro, em 2000/2010",Microsoft Excel,PrefeituraRio,,False,61440,196,Educação|Escolaridade da população,2018,2023,ra,matricula|escolaridade,Houve um aumento de 118% no numero de crianças matriculadas em creche da rede publica na Cidade do Rio de Janeiro entre 2000 e 2010
1bdb25acf93949b0914f0c6579099656,"Ensino Fundamental: matrículas de alunos de 7 a 14 anos da rede pública municipal, sobre o total de pessoas nesta faixa etária residentes no Município do Rio de Janeiro - 2000-2006",Microsoft Excel,PrefeituraRio,,False,14336,55,Educação|Educação básica,2018,2019,municipio,matricula|educacao_basica,Não foi feita anotação
1b8da7c026f84de78c6704438c8cda2f,"Educação Infantil (creche/pré-escola), Ensino Fundamental, Classe Especial e Educação Juvenil (PEJ): matrículas na rede municipal de ensino por idade, segundo as séries e matrícula inicial - 1999",Microsoft Excel,PrefeituraRio,,False,307712,92,Educação|Educação básica,2018,2023,escola,matricula|educacao_basica,Número de matrículas por série e idade
1193f2596b9f46e1b0223b4fd5d9ad71,Número e distribuição percentual das matrículas em cursos de graduação presenciais no Brasil e suas 12 maiores capitais entre 2000-2022,Microsoft Excel,PrefeituraRio,,False,268800,139,Educação|Ensino superior,2018,2023,municipio,matricula|ensino_superior,"Em 2022, foram registradas 5.112.663 matrículas em cursos de graduação presenciais no Brasil e 236.456 no Município do Rio de Janeiro."
8070feee270545a2b3d9e08ed2b937cd,"Ensino Fundamental: Taxas de rendimento, por série, segundo a dependência administrativa, entre 2000-2022",Microsoft Excel,PrefeituraRio,,False,37888,246,Educação|Educação básica,2018,2023,municipio,educacao_basica,Houve uma redução na taxa de aprovação do ensino fundamental da Cidade do Rio de Janeiro em 2022 em relação ao ano anterior.
2380ec5691a548179af0568397fd65b9,"Número de matrículas do ensino fundamental por idade e faixa etária, segundo as Dependências Administrativas, entre 1999-2020",Microsoft Excel,PrefeituraRio,,False,124928,286,Educação|Educação básica,2018,2023,escola,matricula|censo_escolar|docentes|educacao_basica,"Os microdados do Censo Escolar divulgados pelo Inep passaram por uma adequação com o objetivo de garantir privacidade de dados pessoais. A partir de janeiro de 2022, o formato de divulgação impossibilita a identificação de alunos e professores."
82d0a1bdf0c844579f6ee6c8350b55d6,"Ensino Fundamental: número médio de alunos por turma, segundo as Dependências Administrativas, entre 2001-2006",Microsoft Excel,PrefeituraRio,,False,17920,39,Educação|Educação básica,2018,2023,,educacao_basica,Não foi feita anotação
2eab9bd9ffc848e2a7bc65ff73a60a99,"Educação Básica: número de estabelecimentos, nas diferentes modalidades de ensino, segundo as Dependências Administrativas, entre 2000-2006",Microsoft Excel,PrefeituraRio,,False,20480,58,Educação|Ensino médio,2018,2023,,ensino_medio|educacao_basica,Não foi feita anotação
49eb3240501f4b579fdd2bd3c9e948d3,"Ensino Fundamental e Ensino Médio - Número médio de alunos por turma, segundo a dependência administrativa entre 2007-2022",Microsoft Excel,PrefeituraRio,,False,59392,551,Educação|Educação básica,2018,2023,municipio,ensino_medio|educacao_basica,"O ensino fundamental da rede municipal do Rio de Janeiro teve em média 31,2 alunos por turma em 2022."
ba728e0990664445a3e83201c58cf4e2,"Educação Básica: número de alunos matriculados por modalidade/segmento, segundo as Dependências Administrativas, entre 1999-2006",Microsoft Excel,PrefeituraRio,,False,45056,119,Educação|Educação básica,2018,2023,,matricula|educacao_basica,Não foi feita anotação
75b1df544d684f7aa5439c8ca28b5fd0,"Educação Básica - Distorção idade-série no ensino fundamental e médio, segundo a dependência administrativa, entre 2000-2022",Microsoft Excel,PrefeituraRio,,False,31232,286,Educação|Ensino médio,2018,2023,municipio,ensino_medio|educacao_basica,"Houve uma diminuição na taxa de distorção idade-série do ensino fundamental da rede municipal do Rio de Janeiro em 2022 em relação a 2021, de 14,3 para 12,7."
d28181c9b0484d818bbc49013732d446,"Educação Infantil - Número de escolas com abastecimento de água, de energia elétrica e esgoto sanitário, segundo a dependência administrativa e modalidade no Município do Rio de Janeiro, entre 2000-2022",Microsoft Excel,PrefeituraRio,,False,59904,202,Educação|Educação básica,2018,2023,escola,educacao_basica,"Em 2022 todas as escolas municipais da educação infantil do Rio de Janeiro tinham abastecimento de água, de energia elétrica e esgoto."
5c0658d31c5a4fd086d13bf4f23f018c,"Número de matrículas em cursos de graduação presenciais, por organização acadêmica, segundo a dependência administrativa no Município do Rio de Janeiro, entre 2000-2022",Microsoft Excel,PrefeituraRio,,False,116736,149,Educação|Ensino superior,2018,2023,municipio,matricula|ensino_superior,"Em 2022 foram registradas 236.456 matrículas em cursos de graduação presenciais no Município do Rio de Janeiro, número menor que o registrado no ano anterior."
bf2ca35430024d9e80daa8e1d28cc443,"Ensino Médio - Número de escolas com abastecimento de água, de energia elétrica e esgoto sanitário, segundo a dependência administrativa no Município do Rio de Janeiro, entre 2000-2022",Microsoft Excel,PrefeituraRio,,False,44032,152,Educação|Ensino médio,2018,2023,escola,ensino_medio,"Em 2022 todas as escolas públicas de ensino médio do Rio de Janeiro tinham abastecimento de água, de energia e esgoto."
5bb3607ea06e404fb8542c73bcea174e,Número e distribuição percentual dos concluintes em cursos de graduação presenciais no Brasil e suas 12 maiores capitais entre 2000-2022,Microsoft Excel,PrefeituraRio,,False,268288,110,Educação|Ensino superior,2018,2023,municipio,ensino_superior,Em 2022 foram registrados 803.622 concluintes em cursos de graduação presenciais no Brasil e 32.151 no Município do Rio de Janeiro.
4f7b7e9578e14e5c8d865c4e5c2074ba,"Investimentos realizados pelo CNPQ em bolsas e no fomento à pesquisa, segundo a Instituição no Estado do Rio de Janeiro, entre 2001-2015",Microsoft Excel,PrefeituraRio,,False,352256,62,Educação|Ensino superior,2018,2023,,ensino_superior,Podemos observar uma queda considerável em 2015 nos investimentos realizados pelo CNPQ em bolsa de pesquisa
8f61d624e21d4cdd886d48f2d587f46e,"Ensino Fundamental: docentes na rede pública municipal pelas Coordenações Regionais de Educação (CRE), segundo os cargos ocupados, em 2007/2008",Microsoft Excel,PrefeituraRio,,False,30208,57,Educação|Educação básica,2018,2023,cre,docentes|educacao_basica,Docentes na rede pública municipal.
37afdc360d54443190ef4282500199c0,"Educação Básica: distorção série-idade no ensino fundamental e médio, segundo as Dependências Administrativas, entre 2000-2005",Microsoft Excel,PrefeituraRio,,False,18432,64,Educação|Educação básica,2018,2023,,educacao_basica,Igual a 2182
a7f951e9c2aa47018b44f5c78da5d0e5,"Pessoas analfabetas por grupos de idade, segundo as Áreas de Planejamento (AP), Regiões de Planejamento (RP), Regiões Administrativas (RA) e Bairros no Município do Rio de Janeiro - 2010",Microsoft Excel,PrefeituraRio,,False,232960,387,Educação|Escolaridade da população,2018,2023,bairro,censo_demografico|escolaridade,"Segundo dados do Censo Demográfico 2010 (IBGE) o Rio de Janeiro possui 156.949 pessoas com mais de 10 anos de idade que são analfabetas. Na Área de Planejamento 3 fica a maior concentração de analfabetos (59.340). Entre 8 e 9 anos são 11.942 analfabetos, sendo a Área de Planejamento 1 a que possui a menor entre todas (607)."
804f635cc79545168d72396c4cff4eaf,"Pessoas de 10 anos ou mais de idade, por classe de renda nominal mensal e condição de alfabetização, segundo Áreas de Planejamento (AP), Regiões de Planejamento (RP), Regiões Administrativas (RA) e Bairros no Município do Rio de Janeiro - 2010",Microsoft Excel,PrefeituraRio,,False,99840,238,Educação|Escolaridade da população,2018,2023,bairro,escolaridade,"Pessoas de 10 anos ou mais de idade, por classe de renda nominal mensal e condição de alfabetização."
ba09a6e1f80b4fdfb06e510b9974dfc7,"Ensino Fundamental: matrículas e concluintes na 8ª série, por sexo, segundo as Dependências Administrativas, entre 2000-2005",Microsoft Excel,PrefeituraRio,,False,23040,84,Educação|Educação básica,2018,2023,,matricula|educacao_basica,O Inep não divulga mais esta informação
6574a63ac2ce4fb39ba528a8c4bdec15,"Educação Infantil e Ensino Fundamental: matrículas inicial e final, por ano, segundo a correspondência entre séries e segmentos na rede pública municipal do Rio de Janeiro, entre 1992-2007",Microsoft Excel,PrefeituraRio,,False,38400,139,Educação|Educação básica,2018,2023,municipio,matricula|educacao_basica,"matrículas inicial e final, por ano, segundo a correspondência entre séries e segmentos na rede pública municipal."
c373015d272d4ce884670adfa7b9b89e,"Educação Infantil - Creche e Pré-escola - Número médio de alunos por turma, segundo a dependência administrativa, entre 2002-2022",Microsoft Excel,PrefeituraRio,,False,76288,283,Educação|Educação básica,2018,2023,escola,educacao_basica,"As creches municipais do Rio de Janeiro tiveram em média 22,1 alunos por turma em 2022."
6b855fdba6514acb9b1bcfb397d52f87,"Educação Infantil e Ensino Fundamental: relação aluno professor na rede municipal de ensino, segundo as Coordenadorias Regionais de Educação (CRE), entre 2005-2008",Microsoft Excel,PrefeituraRio,,False,21504,138,Educação|Educação básica,2018,2023,cre,docentes|educacao_basica,Não temos dados sobre professor
d155c513f84944a8b3bf5df867719faf,"Número e proporção de estudantes de 7 a 14 anos, da rede pública e da particular, por idade, segundo as Regiões Administrativas (RA) do Município do Rio de Janeiro, em 2000/2010",Microsoft Excel,PrefeituraRio,,False,98816,116,Educação|Escolaridade da população,2018,2019,ra,escolaridade,Não cabe anotação
fcd345901b7d4a619c989154bb8d4eca,"Número de estudantes por grupo de idade, segundo curso que freqüentam, no Município do Rio de Janeiro, em 2000/2010",Microsoft Excel,PrefeituraRio,,False,51200,121,Educação|Escolaridade da população,2018,2023,municipio,matricula|escolaridade,Houve um aumento de 70% no numero de crianças de 0 a 3 anos matriculadas em creche na Cidade do Rio de Janeiro entre 2000 e 2010
a89a892cf5eb45a285c5a0e660e8127a,"Ensino Médio: docentes, por grau de formação, segundo as Dependências Administrativas, entre 1999-2020",Microsoft Excel,PrefeituraRio,,False,45568,59,Educação|Ensino médio,2018,2022,escola,censo_escolar|docentes|ensino_medio,"Os microdados do Censo Escolar divulgados pelo Inep passaram por uma adequação com o objetivo de garantir privacidade de dados pessoais. A partir de janeiro de 2022, o formato de divulgação impossibilita a identificação de alunos e professores."
1137f9c36087443ebf1b4f7809576f8b,"Educação Infantil: docentes, por grau de formação, segundo as Dependências Administrativas, entre 2001-2020",Microsoft Excel,PrefeituraRio,,False,45568,84,Educação|Educação básica,2018,2023,escola,censo_escolar|docentes|educacao_basica,"Os microdados do Censo Escolar divulgados pelo Inep passaram por uma adequação com o objetivo de garantir privacidade de dados pessoais. A partir de janeiro de 2022, o formato de divulgação impossibilita a identificação de alunos e professores."
aa31f6714a914febbe21bbd41dc1b8de,Índice de variação entre as matrículas final e inicial na rede pública municipal da Cidade do Rio de Janeiro entre 1992-2008,Microsoft Excel,PrefeituraRio,,False,14848,98,Educação|Escolaridade da população,2018,2023,municipio,matricula|escolaridade,Não foi feita anotação
35385dcefc5149fbb9fd8f91ee934043,Educação Infantil e Ensino Fundamental: crescimento percentual do número de matrículas na rede pública municipal no Município do Rio de Janeiro entre 1999-2008,Microsoft Excel,PrefeituraRio,,False,14848,94,Educação|Educação básica,2018,2023,municipio,matricula|educacao_basica,Educação Infantil e Ensino Fundamental: crescimento percentual do número de matrículas.
bd0a18dd77974992a6110243bced6aaa,"Educação Básica: número de professores em exercício, segundo as Dependências Administrativas, entre 2000-2006",Microsoft Excel,PrefeituraRio,,False,21504,43,Educação|Ensino médio,2018,2019,,docentes|ensino_medio|educacao_basica,Não foi feita anotação
1666391bdbc0445da8164a488feca325,"Educação Básica: distorção idade-conclusão por sexo, no ensino fundamental e médio, segundo as Dependências Administrativas, entre 2000-2005",Microsoft Excel,PrefeituraRio,,False,18432,93,Educação|Ensino médio,2018,2023,,ensino_medio|educacao_basica,O Inep não divulga mais esta informação
f1418b4c6abc46788d3f3875219fe413,"Educação Infantil: número de creches e matrículas nos estabelecimentos municipais e conveniados com a Prefeitura da Cidade do Rio de Janeiro, segundo as Coordenadorias Regionais de Educação (CRE) - 2003",Microsoft Excel,PrefeituraRio,,False,18944,46,Educação|Educação básica,2018,2019,cre,matricula|educacao_basica,Não temos todas as informações
3e5954ec17bd4d3aa2a4b5613a121dff,"Educação Especial: matrícula, por tipo de excepcionalidade, segundo as Dependências Administrativas, entre 2000-2002",Microsoft Excel,PrefeituraRio,,False,19968,111,Educação|Educação básica,2018,2023,,matricula|educacao_basica,"Educação Especial: matrícula, por tipo de excepcionalidade."
1f908c6de87f42e7b4ae513788e0ccce,"Ensino de pós-graduação: número de programas de pós-graduação, por nível, agrupados por Instituição no Município do Rio de Janeiro entre 2000-2022",Microsoft Excel,PrefeituraRio,,False,365056,110,Educação|Ensino superior,2018,2024,municipio,ensino_superior,"No ano de 2022, o número total de programas de pós-graduação no Rio de Janeiro foi de 365."
6689d169285d45e689e05299eba77083,"Número de matrículas do ensino fundamental por sexo, segmento e Dependências Administrativas, entre 1999-2016",Microsoft Excel,PrefeituraRio,,False,53248,66,Educação|Educação básica,2018,2019,,matricula|educacao_basica,"A razão homem/mulher é maior que 1 nos independente da dependência administrativa , exceto na rede estadual"
3eca7dc5130046f3b66e325068599b2a,"Educação Infantil (creches): matrículas e no. de creches na rede pública municipal, por Área de Planejamento (AP), Coordenadoria Regional de Educação (CRE), Região Administrativa (RA) e Bairros do Município do Rio de Janeiro entre Janeiro/2006-Janeiro/2009",Microsoft Excel,PrefeituraRio,,False,108544,118,Educação|Educação básica,2018,2023,cre,matricula|educacao_basica,Não temos todas as informações (não temos como definir as creches de cada ano)
704ff4c359a2445a83e5a3acc49df7c6,"Número e distribuição percentual das instituições de ensino superior por organização acadêmica, segundo a categoria administrativa no Município do Rio de Janeiro, entre 2000-2022",Microsoft Excel,PrefeituraRio,,False,276480,251,Educação|Ensino superior,2018,2023,municipio,ensino_superior,Em 2022 foram registradas 69 instituições de ensino superior no Município do Rio de Janeiro.
1cf37307c721408da83b6d5aa5298144,"Número de docentes por regime de trabalho, segundo a dependência administrativa no Estado do Rio de Janeiro, entre 2001-2022",Microsoft Excel,PrefeituraRio,,False,104960,261,Educação|Ensino superior,2018,2023,,docentes|ensino_superior,Em 2022 foram registrados 27.575 docentes em exercício no Estado do Rio de Janeiro.
d41592fa2a004b73bf4d2aaae6c565ed,Número e distribuição percentual dos cursos de graduação presenciais no Brasil e suas 12 maiores capitais entre 2000-2022,Microsoft Excel,PrefeituraRio,,False,283136,262,Educação|Ensino superior,2018,2023,municipio,ensino_superior,Em 2022 foram registrados 35.765 cursos de graduação presenciais no Brasil e 1.341 no Município do Rio de Janeiro.
33e2cb0fb757488793d37e8875f32b6a,"Número de matrículas do ensino médio por sexo e faixa etária, segundo as Dependências Administrativas, entre 1999-2020",Microsoft Excel,PrefeituraRio,,False,48128,168,Educação|Ensino médio,2018,2023,escola,matricula|censo_escolar|docentes|ensino_medio,"Os microdados do Censo Escolar divulgados pelo Inep passaram por uma adequação com o objetivo de garantir privacidade de dados pessoais. A partir de janeiro de 2022, o formato de divulgação impossibilita a identificação de alunos e professores."
aae450fc4f8841ceab4e6837c563e997,"Número de matrícula (matrícula inicial), segundo as etapas de ensino e Dependências Administrativas, entre 1999-2020",Microsoft Excel,PrefeituraRio,,False,103936,72,Educação|Educação básica,2018,2023,escola,matricula|censo_escolar|docentes|educacao_basica,"Os microdados do Censo Escolar divulgados pelo Inep passaram por uma adequação com o objetivo de garantir privacidade de dados pessoais. A partir de janeiro de 2022, o formato de divulgação impossibilita a identificação de alunos e professores."
e80c3f68ddbf40e2879c486fecf23255,"Ensino Fundamental: número e proporção de matrículas, por Dependências Administrativas, entre 2002-2011",Microsoft Excel,PrefeituraRio,,False,29184,97,Educação|Educação básica,2018,2023,municipio,matricula|educacao_basica,"O número total de matrículas diminui entre 2002 e 2007 e aumenta entre 2007 e 2011. O número de matrículas na rede municipal dimiui entre 2002 e 2003/2004 e 2011, e aumenta entre 2003 e 2004. O número de matrículas na rede federal varia instavelmente diminuindo e aumentando alternadamente a cada ano, sendo o aumento entre 2009 e 2010, de mais do dobro,  o mais expressivo. O número de matrículas na rede estadual diminui entre 2002 e 2007/2008 e 2011 e aumenta entre 2007 e 2008. O número de matrículas na rede particular aumenta entre 2002 e 2003/2007 e 2011, mas diminui entre 2003 e 2007."
c81f4c91d85f44bd9a71b497cdd098ca,"Educação Infantil (Pré-escola,  4 e 5 anos): número de alunos e turmas na rede pública municipal, crescimento percentual anual e relação aluno/turma no Município do Rio de Janeiro entre 1992-2009",Microsoft Excel,PrefeituraRio,,False,17408,66,Educação|Educação básica,2018,2023,escola,educacao_basica,Não foi feita anotação
1a63618dc13a4a1ea8102371185eb4cd,"Educação de Jovens e Adultos: matrículas no CREJA, por idade e matrícula inicial, segundo os programas, no Município do Rio de Janeiro entre 2007-2013",Microsoft Excel,PrefeituraRio,,False,97792,81,Educação|Educação básica,2018,2023,municipio,matricula|educacao_basica,O maior número de alunos do PEJA está concentrado na faixa de 30 a 50 anos
c5f0cf8ed56c447fa58af9265833e25a,"Número e proporção de não estudantes entre 7 e 14 anos por idade, em relação à população total da idade correspondente, segundo as Regiões Administrativas (RA) do Município do Rio de Janeiro, em 2000/2010",Microsoft Excel,PrefeituraRio,,False,64000,101,Educação|Escolaridade da população,2018,2023,ra,escolaridade,
899f75abce2a4f2b9c642d9c365944d7,"Ensino Fundamental: 1 segmento - docentes, por grau de formação, segundo as Dependências Administrativas, entre 1999-2020",Microsoft Excel,PrefeituraRio,,False,47104,168,Educação|Educação básica,2018,2023,escola,censo_escolar|docentes|educacao_basica,"Os microdados do Censo Escolar divulgados pelo Inep passaram por uma adequação com o objetivo de garantir privacidade de dados pessoais. A partir de janeiro de 2022, o formato de divulgação impossibilita a identificação de alunos e professores."
8e720d57e9544794ba66aba6afac5980,"Número de estudante por nível de ensino, segundo as Regiões Administrativas (RA) do Município do Rio de Janeiro, em 2000/2010",Microsoft Excel,PrefeituraRio,,False,77312,104,Educação|Escolaridade da população,2018,2023,ra,ensino_superior|escolaridade,Houve um aumento de 43% no numero de estudante no Ensino Superior na Cidade do Rio de Janeiro entre 2000 e 2010
d4ffe88007e1445780a395a6bbfb6d12,"Proporção de estudantes na rede pública, por nível de ensino, segundo as Regiões Administrativas (RA) do Município do Rio de Janeiro - 2000",Microsoft Excel,PrefeituraRio,,False,51200,63,Educação|Escolaridade da população,2018,2023,ra,escolaridade,
a753079319134508b57909d9fcb3bbd7,"Educação de Jovens e Adultos: matrículas por nível de ensino, segundo as Dependências Administrativas, entre 2000-2005",Microsoft Excel,PrefeituraRio,,False,19968,61,Educação|Educação básica,2018,2023,,matricula|educacao_basica,Matrículas por nível de ensino
169c46ae23b04dc8ad494e4fe6c04eb5,"Ensino de pós-graduação: investimentos realizados pelo CNPQ em bolsas e no fomento à pesquisa, segundo a área de conhecimento, no Estado do Rio de Janeiro entre 2001-2015",Microsoft Excel,PrefeituraRio,,False,122368,90,Educação|Ensino superior,2018,2023,,ensino_superior,Podemos observar uma queda considerável em 2015 nos investimentos realizados pelo CNPQ em bolsa de pesquisa.
1bfbb653359842fd9569adcec7f15293,"Ensino Fundamental - Número de escolas com abastecimento de água, de energia elétrica e esgoto sanitário, segundo a dependência administrativa no Município do Rio de Janeiro, entre 2000-2022",Microsoft Excel,PrefeituraRio,,False,50176,146,Educação|Educação básica,2018,2023,escola,educacao_basica,"Em 2022 todas as escolas públicas de ensino fundamental do Rio de Janeiro tinham abastecimento de água, de energia elétrica e esgoto."
6bba93cdd9014dac9cdc7c36d226cf15,Número e valor do Investimentos realizados pelo CNPQ em bolsas e no fomento à pesquisa segundo a modalidade no Estado do Rio de Janeiro entre 2001-2015,Microsoft Excel,PrefeituraRio,,False,117760,69,Educação|Ensino superior,2018,2023,,ensino_superior,Podemos observar uma queda considerável em 2015 nos investimentos realizados pelo CNPQ em bolsa de pesquisa
eed810844efd499d839b5f1e82972274,"Pessoas de 5 anos ou mais de idade alfabetizadas e taxa de alfabetização das pessoas de 5 anos ou mais de idade, por faixa etária, segundo as Áreas de Planejamento (AP), Regiões Administrativas (RA) e Bairros no Município do Rio de Janeiro - 2010",Microsoft Excel,PrefeituraRio,,False,65024,220,Educação|Educação básica,2018,2023,bairro,educacao_basica,Não cabe anotação
8a21da2be6a3415bb5354a3352777561,"Composição dos níveis escolares no Município do Rio de Janeiro, de acordo com a Lei de Diretrizes e Bases da Educação Nacional - Lei nº 9394 de 20/12/1996 (Fevereiro/2006)",Microsoft Excel,PrefeituraRio,,False,27648,135,Educação|Escolaridade da população,2018,2023,municipio,escolaridade,Não foi feita anotação
de5244dedc1645848cd1278cbaabbe35,"Educação Infantil: número de creches e matrículas por faixa etária na rede pública municipal, segundo as Coordenações Regionais de Educação, entre 2004-2008",Microsoft Excel,PrefeituraRio,,False,35328,96,Educação|Educação básica,2018,2023,municipio,matricula|educacao_basica,Não foi feita anotação
9acd1e13c0fd49a58f5e399d5d8a93fe,"Educação Infantil: número de estabelecimentos por segmento, segundo as Dependências Administrativas, entre 1999-2006",Microsoft Excel,PrefeituraRio,,False,20992,57,Educação|Educação básica,2018,2019,,educacao_basica,Não foi feita anotação
bc918000aa20447d8495d911f6c1adaf,"Educação Infantil: número de creches e matrículas por faixa etária e nível, segundo as Coordenações Regionais de Educação (CRE) - 2007",Microsoft Excel,PrefeituraRio,,False,25088,97,Educação|Educação básica,2018,2023,cre,matricula|educacao_basica,Não foi feita anotação
fd6567b87e7d4a2d867a66a58d7ff19f,"Educação Infantil: número e proporção de matrículas, por Dependências Administrativas, entre 2002-2011",Microsoft Excel,PrefeituraRio,,False,29696,119,Educação|Educação básica,2018,2023,municipio,matricula|educacao_basica,"O número total de matrículas varia instavelmente; entre 2003 e 2004/2005 e 2007/2008 e 2010 ele diminui e entre 2002 e 2003/2004 e 2005/2007 e 2008/2010 e 2011 ele aumenta. O número de matrículas na rede municipal aumenta entre 2002 e 2005/2010 e 2011  e dimiui entre 2005 e 2010. O número de matrículas na rede federal varia instavelmente; diminuindo entre 2002 e 2004(entre 2003 e 2004 acontece uma queda radical)/2005 e 2008 e aumentando entre 2004 e 2005/2008 e 2011. O número de matrículas na rede estadual varia instavelmente, diminuindo entre 2002 e 2007/2008 e 2009/2010 e 2011 e aumentando entre 2007 e 2008/2009 e 2010. O número de matrículas na rede particular aumenta entre 2002 e 2003/2007 e 2011, mas diminui entre 2003 e 2004."
5a30dbdd567e4bc1b32ecb6be4672bca,Taxa de atendimento de pessoas de 7 a 14 anos na rede pública municipal - 1999- 2006 (Gráfico),Microsoft Excel,PrefeituraRio,,False,22016,68,Educação|Escolaridade da população,2018,2023,municipio,escolaridade,Não foi feita anotação
50b4e136fa9c4701b5e3cee37865786d,"Educação Infantil, Ensino Fundamental, Educação de Jovens e Adultos: número de matrículas na rede municipal de ensino por nível de ensino, segundo ano e sexo, no Município do Rio de Janeiro entre 1999-2013",Microsoft Excel,PrefeituraRio,,False,193536,109,Educação|Educação básica,2018,2023,municipio,matricula|educacao_basica,A razão homem/mulher é menor no 8º e 9º anos
55fa75ad04144e619cf9fff28929ff0b,"Número de docentes por grau de formação, segundo a dependência administrativa no Estado do Rio de Janeiro, entre 2001-2022",Microsoft Excel,PrefeituraRio,,False,63488,156,Educação|Ensino superior,2018,2023,,docentes|ensino_superior,Em 2022 foram registrados 27.575 docentes em exercício no Estado do Rio de Janeiro.
f49651f016704db388769d893bdcf9ed,"Média de anos de estudo das pessoas responsáveis pelos domicílios partarticulares permemanentes por sexo, segundo as Áreas de Planejamento (AP), Regiões Administrativas (RA) e Bairros - 2000",Microsoft Excel,PrefeituraRio,,False,32768,125,Educação|Escolaridade da população,2018,2023,bairro,escolaridade,Não foi feita anotação
ae64616d363e48c897818b640e2a22cd,"Unidades escolares da rede municipal de educação, por tipo, segundo as Áreas de Planejamento (AP), Regiões de Planejamento (RP), Regiões Administrativas (RA) e Bairros no Município do Rio de Janeiro entre 2010-2013",Microsoft Excel,PrefeituraRio,,False,172544,503,Educação|Educação básica,2018,2023,bairro,educacao_basica,Observamos um aumento no número de EDIs na Cidade do Rio de Janeiro
fe46c1bedc0b475c9cf9ee26e43e0b95,"Ensino Superior: número de cursos, vagas, inscrições, matrículas e concluintes, por Dependências Administrativas, entre 2001-2009",Microsoft Excel,PrefeituraRio,,False,35328,112,Educação|Ensino superior,2018,2023,,matricula|ensino_superior,O número de cursos total aumenta entre 2001 e 2007/2008 e 2009 e diminui entre 2007 e 2008. O número de vagas varia instavelmente entre 2001 e 2003; ele diminui entre 2003 e 2005/2006-2009 e aumenta entre 2001 e 2003/2005 e 2006. O número de cursos total da rede pública mais que duplica entre 2008 e 2009.
dbed8b55cf28474296457ab9989f91c5,"Indicadores de Educação: analfabetismo funcional, percentual de analfabetos funcionais por faixas etárias, segundo as regiões administrativas em 1991/2000",Microsoft Excel,PrefeituraRio,,False,70656,102,Educação|Educação básica,2018,2019,ra,educacao_basica,Não foi feita anotação
b9920b764487446d9e5c8b9cadf60f67,"Educação de Jovens e Adultos: matrículas, por tipo de ensino, segundo as Dependências Administrativas, entre 2000-2005",Microsoft Excel,PrefeituraRio,,False,23552,136,Educação|Ensino médio,2018,2023,,matricula|ensino_medio,
8459a7e185a94deab97e1cee75a7ef19,"Educação Infantil: matrícula por sexo e faixa etária, segundo as Dependências Administrativas, entre 1999-2006",Microsoft Excel,PrefeituraRio,,False,20480,49,Educação|Educação básica,2018,2023,,matricula|educacao_basica,Não foi feita anotação
94299a4a6d4548ddb2d6892664bb5fd4,"Ensino Fundamental (classe de alfabetização): matrícula por sexo e idade, segundo as Dependências Administrativas, entre 1999-2003",Microsoft Excel,PrefeituraRio,,False,18432,82,Educação|Educação básica,2018,2023,,matricula|educacao_basica,Classe de alfabetização foi incluida no Ensino Fundamental
70fa662476ea4c7fb2317807e0c2a703,"Educação Infantil: Ensino fundamental, Educação Especial, Programa de Educação de Jovens e Adultos (PEJ) - turmas e alunos matriculados na rede pública municipal, segundo as Coordenações Regionais de Educação (CRE) e matrícula inicial, entre 1999-2013",Microsoft Excel,PrefeituraRio,,False,280576,87,Educação|Educação básica,2018,2023,cre,matricula|educacao_basica,Número de matrículas do Ens. Fundamental por série e projetos de correção de fluxo (matrícula inicial)
799e46b989a7464a956106c1c405343e,"Ensino Médio: Taxas de rendimento, segundo a dependência administrativa, entre 2000-2022",Microsoft Excel,PrefeituraRio,,False,80896,237,Educação|Ensino médio,2018,2023,municipio,ensino_medio,Houve um grande aumento na taxa de abandono do ensino médio da Cidade do Rio de Janeiro em 2022 em relação ao ano anterior.
4705ac5e08df4950b98d27c7a5976832,"Educação de Jovens e Adultos: matrícula por nível de ensino, segundo as Dependências Administrativas, entre 2001-2005",Microsoft Excel,PrefeituraRio,,False,19968,116,Educação|Educação básica,2018,2023,,matricula|educacao_basica,Não foi feita anotação
1d5758f7eb6d4ff4b392a1cf66f4d1e4,"Educação Infantil  e Ensino fundamental: número de escolas, creches, turmas e matrículas na rede pública municipal, segundo as Coordenações Regionais de Educação, no Município do Rio de Janeiro entre 2004-2008",Microsoft Excel,PrefeituraRio,,False,56320,185,Educação|Educação básica,2018,2023,escola,matricula|educacao_basica,Não foi feita anotação
82fd127fb3024d2484ef4faa6bd03836,"Ensino de pós-graduação; número e valor anual das bolsas concedidas pelo CNPQ para cursos no país, no exterior e projetos de fomento à pesquisa, por área, entre 2001-2005",Microsoft Excel,PrefeituraRio,,False,49664,138,Educação|Ensino superior,2018,2023,,ensino_superior,Número e valor anual das bolsas concedidas pelo CNPQ
8588a63013b54f32934bc3c8456b3f33,"Número de matrículas da creche, por sexo e faixa etária, segundo as Dependências Administrativas, entre 2000-2020",Microsoft Excel,PrefeituraRio,,False,47104,254,Educação|Educação básica,2018,2023,escola,matricula|censo_escolar|docentes|educacao_basica,"Os microdados do Censo Escolar divulgados pelo Inep passaram por uma adequação com o objetivo de garantir privacidade de dados pessoais. A partir de janeiro de 2022, o formato de divulgação impossibilita a identificação de alunos e professores."
1a75d4a67a864ed6ab776a8a14cc7d6a,Educação Infantil e Ensino Fundamental: crescimento percentual do número de matrículas na rede pública no Município do Rio de Janeiro entre 1999-2008,Microsoft Excel,PrefeituraRio,,False,15360,65,Educação|Educação básica,2018,2023,municipio,matricula|educacao_basica,Igual a 947
2b18933bbdc0473395c95ef228a36cd3,"Ensino Fundamental: 2 segmento - docentes, por grau de formação, segundo as Dependências Administrativas, entre 1999-2020",Microsoft Excel,PrefeituraRio,,False,47616,115,Educação|Educação básica,2018,2023,escola,censo_escolar|docentes|educacao_basica,"Os microdados do Censo Escolar divulgados pelo Inep passaram por uma adequação com o objetivo de garantir privacidade de dados pessoais. A partir de janeiro de 2022, o formato de divulgação impossibilita a identificação de alunos e professores."
7888fde5637e4f2fa54cfb80f32321e4,"Ensino Fundamental Regular - IDEB de rede pública municipal: séries finais (6º ao 9º ano) - taxa de aprovação, nota média padronizada do SAEB e IDEB por municípios das capitais selecionadas entre 2005 - 2021",Microsoft Excel,PrefeituraRio,,False,43520,282,Educação|Educação básica,2018,2022,municipio,ideb_avaliacao|educacao_basica,"O IDEB dos anos finais da Cidade do Rio de Janeiro aumentou de 4,9 em 2019 para 5,0 em 2021."
9fd1a8cc207a48c5bda7131e4e74b1ca,"IDEB das séries iniciais e finais segundo as Áreas de Planejamento (AP), Regiões de Planejamento (RP), Regiões Administrativas (RA) e Bairros do Município do Rio de Janeiro em 2007/2009/2011/2013/2015/2017/2019/2021/2023",Microsoft Excel,PrefeituraRio,,False,1772032,601,Educação|Escolaridade da população,2018,2025,bairro,ideb_avaliacao|escolaridade,"Entre os anos de 2021 e 2023 o IDEB do município do Rio de Janeiro subiu de 5,4 para 6,0, com a maior nota por Região Administrativa sendo a da RA IV Botafogo, com 6,5, e a menor nota a da RA XXVIII Jacarezinho, com 5,2."
7d87a98eedf04db9b605cb0d29e1a0ba,"Educação de Jovens e Adultos: docentes, por grau de formação, segundo as Dependências Administrativas, entre 1999-2020",Microsoft Excel,PrefeituraRio,,False,46592,90,Educação|Educação básica,2018,2023,escola,censo_escolar|docentes|educacao_basica,"Os microdados do Censo Escolar divulgados pelo Inep passaram por uma adequação com o objetivo de garantir privacidade de dados pessoais. A partir de janeiro de 2022, o formato de divulgação impossibilita a identificação de alunos e professores."
59ae30dc3ab344d6b214965ce1dd39bf,"Pessoas de 14 anos ou mais de idade, por último grau de ensino concluído, segundo as classes de rendimento domiciliar per capita no Município do Rio de Janeiro em 2008/2009",Microsoft Excel,PrefeituraRio,,False,31232,129,Educação|Escolaridade da população,2018,2023,municipio,escolaridade,
73789aeca2c647e9976e7534dee8428e,Educação Infantil - Percentual de matrículas na educação infantil em comparação com a matrícula total na rede pública no Município do Rio de Janeiro entre 1999-2008,Microsoft Excel,PrefeituraRio,,False,15872,110,Educação|Educação básica,2018,2023,municipio,matricula|educacao_basica,Não foi feita anotação
7ab7b5429f2a459f8a8ac66ed84edfd9,"Estudantes de 5 anos ou mais de idade, por grau e série que frequentavam, segundo os grupos de idade, no Município do Rio de Janeiro em 2008/2009",Microsoft Excel,PrefeituraRio,,False,32768,72,Educação|Escolaridade da população,2018,2023,municipio,escolaridade,Aguardando convênio com o IBGE
1dc77ea3ee9b4df1abe19c3a8dcbb1fd,"Educação Infantil e Ensino Fundamental: unidades escolares da rede pública municipal por modalidade e segmento, segundo as Coordenações Regionais de Educação (CRE) no Município do Rio de Janeiro, entre 2002-2009",Microsoft Excel,PrefeituraRio,,False,102912,74,Educação|Educação básica,2018,2019,cre,educacao_basica,Não temos todas as informações (não temos como definir as modalidades de cada ano)
4386c5f2dec04737a9917b6ce21e2686,"Número de professores em exercício, por organização acadêmica, segundo a dependência administrativa no Estado do Rio de Janeiro, entre 2000-2021",Microsoft Excel,PrefeituraRio,,False,158208,372,Educação|Ensino superior,2018,2023,,docentes|ensino_superior,"Em 2021 foram registrados 27.673 professores em exercício no Rio de Janeiro, número menor que o registrado no ano anterior."
ae84ed477210481ebdf7be570fb2e701,"Número de instituições de ensino superior, por organização acadêmica, segundo a dependência administrativa no Município do Rio de Janeiro, entre 2000-2022",Microsoft Excel,PrefeituraRio,,False,115712,356,Educação|Ensino superior,2018,2023,municipio,ensino_superior,Em 2022 foram registradas 69 instituições de ensino superior no Município do Rio de Janeiro.
60a5445e95b44bba98e07fd9617c9b56,"Educação Básica: idade mediana de conclusão, por sexo, no ensino fundamental e médio, segundo as Dependências Administrativas, no Município do Rio de Janeiro entre 1998-2005",Microsoft Excel,PrefeituraRio,,False,19456,136,Educação|Ensino médio,2018,2019,municipio,ensino_medio|educacao_basica,O Inep não divulga mais esta informação
c9e9bae1f47c46a8a0e17e56e774bede,"Indicadores de Educação: atendimento educacional ao adulto, nível de escolaridade de pessoas de 25 anos e mais, por Bairros ou Grupos de Bairros, em 1991/2000",Microsoft Excel,PrefeituraRio,,False,70656,354,Educação|Escolaridade da população,2018,2023,bairro,escolaridade,Indicadores de Educação: atendimento educacional ao adulto.
0a5a97fed2e540fd8320c05e70867491,"Número e proporção das pessoas de 0 a 4 anos que frequentam escola ou creche e nível de ensino, segundo as Regiões Administrativas (RA) do Município do Rio de Janeiro, em 2000/2010",Microsoft Excel,PrefeituraRio,,False,55808,120,Educação|Escolaridade da população,2018,2019,escola,escolaridade,Houve um aumento de 62% no numero de crianças de 0 a 4 anos frequentando escola na Cidade do Rio de Janeiro entre 2000 e 2010
6bf11f2aba7547ab9f76e4ed2a01d54e,"Número e distribuição percentual de matrículas em cursos de graduação presenciais, por organização acadêmica, segundo a categoria administrativa no Município do Rio de Janeiro, entre 2000-2022",Microsoft Excel,PrefeituraRio,,False,274944,182,Educação|Ensino superior,2018,2023,municipio,matricula|ensino_superior,"Em 2022 foram registradas 236.456 matrículas em cursos de graduação presenciais no Município do Rio de Janeiro, número menor que o registrado no ano anterior."
8c139f62fd464c65a38e9d201d509327,"Número de alunos matriculados na rede pública municipal por sexo e Coordenações Regionais de Educação (CRE) e matrícula inicial, no Município do Rio de Janeiro entre 1999-2013",Microsoft Excel,PrefeituraRio,,False,185856,77,Educação|Educação básica,2018,2023,cre,matricula|educacao_basica,A razão homem/mulher é maior na 10ª CRE
a810f5ac9243472f80d38ee4c9d8845d,"Educação de Jovens e Adultos: concluintes, segundo as Dependências Administrativas, entre 2000-2005",Microsoft Excel,PrefeituraRio,,False,17920,108,Educação|Educação básica,2018,2023,,educacao_basica,O Inep não divulga mais esta informação
6754397155a04352bcda5f3bf389e094,"Média de anos de estudo da população residente, segundo as Regiões Administrativas (RA) do Município do Rio de Janeiro - 2000",Microsoft Excel,PrefeituraRio,,False,33280,160,Educação|Escolaridade da população,2018,2023,ra,escolaridade,Não foi feita anotação
d1e1192de4854ee4b53095a6f3274018,"Educação Infantil (pré-escola), Ensino Fundamental, Educação Especial, Programa de Educação Jovens e Adultos (PEJ): turmas e alunos matriculados na rede pública municipal, segundo Coordenação Regional de Educação (CRE) e matrícula final, entre 1999-2012 ",Microsoft Excel,PrefeituraRio,,False,286720,66,Educação|Educação básica,2018,2023,escola,matricula|educacao_basica,Número de matrículas do Ens. Fundamental por série e projetos de correção de fluxo (matrícula final)
646b20dfbf944f21a036f3f50fd80424,"Educação Infantil: Creche - matrícula, por sexo e faixa etária, segundo as Dependências Administrativas, entre 2007-2020",Microsoft Excel,PrefeituraRio,,False,47104,172,Educação|Educação básica,2018,2023,escola,matricula|censo_escolar|docentes|educacao_basica,"Os microdados do Censo Escolar divulgados pelo Inep passaram por uma adequação com o objetivo de garantir privacidade de dados pessoais. A partir de janeiro de 2022, o formato de divulgação impossibilita a identificação de alunos e professores."
0f6d773c93654593a5a73d7ac8b66819,"Educação Infantil e  Ensino fundamental: docentes por categoria funcional na rede pública municipal, segundo as Coordenações Regionais de Educação (CRE), entre 2005-2008",Microsoft Excel,PrefeituraRio,,False,20480,65,Educação|Educação básica,2018,2019,cre,docentes|educacao_basica,Não temos dados sobre professor
bba0d7d3c31c4cfd8a6940cc283d52cc,"Matrículas na rede municipal de educação, por níveis de ensino, segundo as Áreas de Planejamento (AP), Regiões Administrativas (RA) e Bairros no Município do Rio de Janeiro entre 2010-2013",Microsoft Excel,PrefeituraRio,,False,295424,435,Educação|Educação básica,2018,2023,bairro,matricula|educacao_basica,Número de matrículas por bairro e RA
fcc6f32c9ed346af8449e258594bcda6,"Estudantes de 5 anos ou mais de idade, por grau, duração do curso e série que frequentavam, segundo a idade, no Município do Rio de Janeiro em 2008/2009",Microsoft Excel,PrefeituraRio,,False,47104,98,Educação|Escolaridade da população,2018,2023,municipio,escolaridade,"Estudantes de 5 anos ou mais de idade, por grau, duração do curso e série que frequentavam."
069f8afac36c456cbb13e845595e1331,"Taxa de alfabetização das pessoas de 10 anos ou mais de idade por sexo, segundo Regiões Administrativas (RA) e Bairros no Município do Rio de Janeiro - 2010",Microsoft Excel,PrefeituraRio,,False,42496,196,Educação|Escolaridade da população,2018,2023,bairro,escolaridade,Embora a taxa de alfabetização masculina seja ligeiramente maior do que a feminina para o município a AP 1 demonstra pequena inversão desta relação.
ebcf102e74484fb2bc445d6129d32d39,"Educação Especial: matrícula, por tipo de excepcionalidade, segundo as Dependências Administrativas, entre 1999-2002",Microsoft Excel,PrefeituraRio,,False,23552,56,Educação|Educação básica,2018,2023,,matricula|educacao_basica,"Educação Especial: matrícula, por tipo de excepcionalidade,"
bbf87f279e0146beb31fd6f432ac4948,"Número e proporção da população de 10 anos ou mais,  por grupo de anos de estudo, segundo as Regiões Administrativas (RA) do Município do Rio de Janeiro - 2000",Microsoft Excel,PrefeituraRio,,False,48128,103,Educação|Escolaridade da população,2018,2023,ra,escolaridade,Não foi feita anotação
126a4fb5bc6a4882aca19917f27957eb,"Número de matrículas do ensino médio, por sexo, série e não-seriado, segundo as Dependências Administrativas, entre 1999-2020",Microsoft Excel,PrefeituraRio,,False,47104,261,Educação|Ensino médio,2018,2023,escola,matricula|censo_escolar|docentes|ensino_medio,"Os microdados do Censo Escolar divulgados pelo Inep passaram por uma adequação com o objetivo de garantir privacidade de dados pessoais. A partir de janeiro de 2022, o formato de divulgação impossibilita a identificação de alunos e professores."
68e95cb371fb4db38ecae841dd693a8e,"Número e distribuição percentual de cursos de graduação presenciais, por organização acadêmica, segundo a categoria administrativa no Município do Rio de Janeiro, entre 2000-2022",Microsoft Excel,PrefeituraRio,,False,284672,110,Educação|Ensino superior,2018,2023,municipio,ensino_superior,"Em 2022 foram registrados 1.341 cursos de graduação presenciais no Município do Rio de Janeiro, apresentando um aumento em relação ao ano anterior."
b0efdf51cf5644c985eb9b3b78c59f13,"Ensino Médio: matrículas e concluintes, por sexo, segundo as Dependências Administrativas, entre 2000-2005",Microsoft Excel,PrefeituraRio,,False,23040,166,Educação|Ensino médio,2018,2023,,matricula|ensino_medio,"matrículas e concluintes, por sexo, segundo as Dependências Administrativas."
2052c5f289fc4a4da00e62b04f38d400,"Educação Infantil e Pré-escola: matrícula, por sexo e faixa etária, segundo as Dependências Administrativas, entre 1999-2006",Microsoft Excel,PrefeituraRio,,False,20480,233,Educação|Educação básica,2018,2023,escola,matricula|educacao_basica,Igual a 1760
5260a891ea8b446d8707b8a11eb8a1f6,"Educação Especial: docentes, por grau de formação, segundo as Dependências Administrativas, entre 1999-2006",Microsoft Excel,PrefeituraRio,,False,24064,78,Educação|Educação básica,2018,2023,,docentes|educacao_basica,"docentes, por grau de formação, segundo as Dependências Administrativas."
404a14dd713f441f8321b5dfd0544cd7,"Ensino Fundamental: matrículas na rede pública municipal, independente da idade, sobre o total de pessoas de 7 a 14 anos residentes no Município do Rio de Janeiro - 1992-2006",Microsoft Excel,PrefeituraRio,,False,19456,36,Educação|Educação básica,2018,2023,municipio,matricula|educacao_basica,Não foi feita anotação
450e2d32fabe43c2840e0859d0546d2b,"Ensino Fundamental Regular - IDEB de rede pública municipal: séries iniciais (1º ao 5º ano) - taxa de aprovação, nota média padronizada do SAEB e IDEB por municípios das capitais selecionadas entre 2005 - 2021",Microsoft Excel,PrefeituraRio,,False,36864,296,Educação|Educação básica,2018,2022,municipio,ideb_avaliacao|educacao_basica,"O IDEB dos anos iniciais da Cidade do Rio de Janeiro diminuiu de 5,8 em 2019 para 5,4 em 2021."
6e09b9320b3b419aa26b310b72d5bb71,"Ensino Fundamental - Número de escolas e dependências físicas existentes, segundo a dependência administrativa no Município do Rio de Janeiro, entre 2000-2022",Microsoft Excel,PrefeituraRio,,False,24576,385,Educação|Educação básica,2018,2023,escola,infraestrutura|educacao_basica,"Em 2022, das 1.005 escolas municipais de ensino fundamental, 397 possuíam biblioteca, 730 tinham quadra de esportes e 1.001 tinham acesso à internet."
4ca27463d9ac4b51a58d5e0ef33d7647,Cidade do Rio de Janeiro - Panorama,Web Mapping Application,PrefeituraRio,https://cidades.ibge.gov.br/brasil/rj/rio-de-janeiro/panorama,True,0,638,PCRJ|Rio de Janeiro,2018,2019,municipio,,Cidade do Rio de Janeiro - Panorama
85846019d9594d9fbf85d623216bceb6,Armazenzinho,Web Mapping Application,PrefeituraRio,https://siurblab.rio.rj.gov.br/armazenzinho/,True,0,354,Armazenzinho|Educação|Histórias do Rio|Conhecendo o Rio|Geografia do Rio,2019,2023,municipio,,"Módulo do DATA.RIO com informações geográficas, históricas e gerais da cidade do Rio. Voltado para o público infanto juvenil."
80c4a2e4cea34be59c9164a8d30474a7,"Turno Único nas Escolas Municipais da Cidade do Rio de Janeiro: Caracterização, Percepções e Avaliação de Impacto (Dezembro/2020)",PDF,PrefeituraRio,,False,14338219,512,TU,2020,2023,escola,ideb_avaliacao,
d898f68da260460d900a9ef7bf8f6ead,Índice de Progresso Social,Hub Site Application,pesquisa_ctpe,https://ips-rio-pcrj.hub.arcgis.com,True,4887139,185107,IPS|Índice de Progresso Social|índice|indicadores,2021,2023,,ips_ids,O Índice de Progresso Social (IPS) é uma abordagem direta de mensuração do desenvolvimento humano a partir de indicadores selecionados em três dimensões e doze componentes definidos globalmente.
0afd8c122fb4400b847693e715106304,Índice de Desenvolvimento Social (IDS) - Região Metropolitana do RJ (2010),Feature Service,PrefeituraRio,https://services1.arcgis.com/OlP4dGNtIcnD3RYf/ArcGIS/rest/services/IDS_RM_2010/FeatureServer/0,True,94,17662,Desenvolvimento e Assistência Social|IDS|Censo 2010|IPP|Índice|setores censitários|setor censitário,2022,2023,,censo_demografico|ips_ids,"Índice de Desenvolvimento Social da Região Metropolitana do Rio de Janeiro, calculado pelo IPP a partir dos dados do Censo Demográfico 2010 do IBGE."
52b6bd003abf4b8995ec9860e65a82c5,Administração de Serviços Públicos: Chamados feitos ao 1746,Document Link,escritorio_dados,https://prefeitura-rio.github.io/queries-datario/pages/404?prefix=administração-de-serviços-públicos-chamados-feitos-ao-1746,True,40,488,datario|escritorio_de_dados|datalake|administracao_servicos_publicos|chamado_1746|bairro|administração pública|ocorrência|1746|SEGOVI,2022,2024,bairro,,Chamados feitos ao 1746.
6409ea499d474bfeb4063cfc31203403,Transporte Rodoviário: Histórico de GPS dos ônibus (SPPO),Document Link,escritorio_dados,https://prefeitura-rio.github.io/queries-datario/pages/404?prefix=transporte-rodoviário-histórico-de-gps-dos-ônibus-sppo,True,40,474,datario|escritorio_de_dados|datalake|transporte_rodoviario_municipal|gps_onibus|mobilidade,2022,2025,,transporte,Dados históricos de posição geográfica de veículos do SPPO (ônibus).
918dd39478594792a9cfa7080b84c0b5,Base de dados do Índice de Progresso Social - IPS por Regiões Administrativas (RA) - Município do Rio de Janeiro - 2016/2018/2020/2022/2024,Microsoft Excel,PrefeituraRio,,False,848416,1403,Desenvolvimento e Assistência Social|IPS|Índice de Progresso Social|IPS Rio,2022,2024,ra,ips_ids,O Índice de Progresso Social (IPS) é uma abordagem direta de mensuração do desenvolvimento humano a partir de indicadores selecionados em três dimensões e doze componentes. Esse arquivo é a base de dados completa por Região Administrativa.
2e5836a3c1714943ad664b0bae1bc359,Transporte Rodoviário: Viagens dos ônibus identificadas por GPS,Document Link,escritorio_dados,https://prefeitura-rio.github.io/queries-datario/pages/404?prefix=transporte-rodoviário-viagens-dos-ônibus-identificadas-por-gps,True,117,785,datario|escritorio_de_dados|datalake|transporte_rodoviario_municipal|viagem_onibus|transporte|ônibus|SPPO|GPS,2023,2025,,transporte,Detalhes de todas as viagens identificadas por GPS.
eb63f575dc25425e87aea20d3c6a4f6d,Transporte Rodoviário: Viagens dos ônibus identificadas por GPS,Document Link,escritorio_dados,https://prefeitura-rio.github.io/queries-datario/pages/404?prefix=transporte-rodoviário-viagens-dos-ônibus-identificadas-por-gps,True,128,435,datario|escritorio_de_dados|datalake|transporte_rodoviario_municipal|viagem_onibus|transporte|ônibus|SPPO|GPS,2023,2025,,transporte,Detalhes de todas as viagens identificadas por GPS.
7001b082c7174c539bfbf4e8b34c682c,Painel.RIO,Document Link,PrefeituraRio,https://painel.rio,True,18,2151,Painel.Rio|Rio em Síntese|Indicadores|Resiliência|Sustentabilidade|Desenvolvimento sustentável|Painel Rio,2024,2024,,,"O Painel.Rio é dedicado à apresentação, acompanhamento e análise de indicadores de resiliência e visa alinhar o Rio de Janeiro às melhores práticas internacionais em resiliência urbana e desenvolvimento sutentável, substituindo a seçao Rio em Síntese do DATA.RIO."
5a7061d49e894343ad5b1f84c94d2a72,Cadernos do Rio - Prévias do Censo: Sexo e Idade (Dezembro/2024),PDF,PrefeituraRio,,False,3847688,565,censo 2022|cadernos do rio|sexo|idade|faixa etária|jovens|adultos|idosos|crianças|envelhecimento|população|saúde|4055|prévias do censo|terceira idade,2024,2025,,censo_demografico,"PARA DOWNLOAD EM DISPOSITIVO MÓVEL GIRE A TELA PARA O MODO PAISAGEM E CLIQUE EM ""BAIXAR""."
18bc0480d7a84464b2ace33b19a5c558,Cadernos do Rio - Prévias do Censo: Cor ou Raça (Dezembro/2024),PDF,PrefeituraRio,,False,4494998,485,censo 2022|cadernos do rio|cor ou raça|cor|raça|igualdade racial|sexo|idade|faixa etária|jovens|adultos|idosos|crianças|envelhecimento|população|saúde|4056|prévias do censo|terceira idade,2024,2025,,censo_demografico,"PARA DOWNLOAD EM DISPOSITIVO MÓVEL GIRE A TELA PARA O MODO PAISAGEM E CLIQUE EM ""BAIXAR""."
756b6f71c5f849dd976836079eb2cac2,Cadernos do Rio - Prévias do Censo: Dinâmica Demográfica dos Bairros (Dezembro/2024),PDF,PrefeituraRio,,False,5180298,872,urbanismo|população|habitação|dinâmica demográfica|censo 2022|demografia|bairros|cadernos do rio|crescimento populacional|queda populacional|dinâmica urbana|Dinâmica Imobiliária|4057|prévias do censo|Habitação e Urbanismo,2024,2025,bairro,censo_demografico,"PARA DOWNLOAD EM DISPOSITIVO MÓVEL GIRE A TELA PARA O MODO PAISAGEM E CLIQUE EM ""BAIXAR""."
af77acf434244df883b9683b87913afe,NOTA TÉCNICA 44 - Adaptação Metodológica do IDS: Rumo à Análise Comparativa com o Censo 2022 (Dezembro/2024),PDF,PrefeituraRio,,False,1470875,531,IDS|Índice de Desenvolvimento Social|Índices|Censo 2022|Censo 2010|4059,2024,2025,,censo_demografico|ips_ids,"Esta Nota Técnica apresenta a nova versão do cálculo do Índice de Desenvolvimento Social (IDS) de 2010, substituindo a variável ""Renda Domiciliar Per Capita"" por ""Renda dos Responsáveis pelo Domicílio"", conforme o Censo de 2022 do IBGE. A mudança reflete a diferença entre essas variáveis, visando permitir uma comparação adequada entre os IDS de 2010 e 202 , assim que estiverem disponíveis os dados pertinentes para setores censitários do Censo Demográfico 2022 necessários à composição do IDS."
8027e843895d467da91a7a8c747fd524,NOTA TÉCNICA 45 - Resumo Executivo: Índice de Progresso Social (IPS) da Cidade do Rio de Janeiro 2024 (Dezembro/2024),PDF,PrefeituraRio,,False,1525894,559,IPS|Índice de Progresso Social|Índices|IPS Rio|4060,2024,2025,ra,ips_ids,O presente documento é um resumo executivo com os resultados e a metodologia utilizados para o Índice de Progresso Social da cidade do Rio de Janeiro por Região Administrativa no ano de 2024.
04300a18d57241fab78a2336bdc7e39e,Coleção Estudos Cariocas,Document Link,PrefeituraRio,https://estudoscariocas.rio,True,27,329,Revista|Estudos Cariocas|Periódico|Acadêmico|Academia|Publicação|4062,2025,2025,municipio,,"A Coleção Estudos Cariocas (ISSN 1984-7203) é uma publicação de estudos e pesquisas sobre o Município do Rio de Janeiro, vinculada ao Instituto Pereira Passos (IPP) da Secretaria Municipal da Casa Civil da Prefeitura do Rio de Janeiro. Desde 2001, tem publicado reflexões sobre a cidade do Rio de Janeiro e suas interlocuções regionais, sendo caracterizada pela amplitude temática de estudos, adequados ao recorte espacial do Rio de Janeiro."
8644dbd04a0c472faa2b727718a8bcad,"Taxa de Analfabetismo da população de 15 anos ou mais, segundo as Regiões Administrativas (RA) do Município do Rio de Janeiro, em 2000/2010/2022",CSV Collection,PrefeituraRio,,False,3262,141,População|Características gerais,2025,2025,ra,,"A tabela apresenta a taxa de analfabetismo da população com 15 anos ou mais de idade no Município do Rio de Janeiro, segundo as Regiões Administrativas (RA), nos anos de 2000, 2010 e 2022. Os dados mostram a proporção de pessoas que não sabem ler e escrever em relação ao total da população nessa faixa etária."
e24e35a517be408495abbe098b6672f8,"Pessoas alfabetizadas, por faixa etária e sexo, segundo Bairros no Município do Rio de Janeiro em 2000/2010/2022",CSV Collection,PrefeituraRio,,False,40051,114,Educação|Educação Básica,2025,2025,bairro,educacao_basica,"Os arquivos indicam o número absoluto de pessoas alfabetizadas, segundo faixa etária e sexo, segundo Bairros em 2000, 2010 e 2022."
29d517eedb9c44379a07430280a12839,Favelas Cariocas: Índice de Qualidade Urbana - Reedição digital 2026 - 1ª Edição (Impressa) 1997,PDF,PrefeituraRio,,False,9454094,27,Índice de Qualidade Urbana|IQU|Índice de Desenvolvimento Social|IDS|Índices de Desenvolvimento Socioeconômicos|Regiões Administrativas|RA|Favelas|Assentamentos de baixa Renda|Indicadores Sociais|Infraestrutura Urbana,2026,2026,ra,infraestrutura|ips_ids,"O Índice de Qualidade Urbana das Favelas cariocas, avalia 462 favelas e a desigualdade entre Favela e Cidade Formal (quando agregados por Regiões Administrativas),utilizando 11 variáveis divididas em quatro dimensões principais: Ambiental, Habitacional, Educacional e Renda."
